7,1,-0.7001987988228858,4.855123270271854,-0.5551991763542088,4.855454153848213,-0.845198421291563,4.854792386695494,-0.6992175578723022,4.4251243898475,-0.8442171803409793,4.424793506271141,-0.5542179354036252,4.42545527342386,-0.699708178347594,4.640123830059677,1.5730782844744127,"(0.07003719657743177, 0.029719214322647732, 0.019009292674061526)",-0.0799999974550996,4.251731492246434,3.1438746112693092,1.0729412326744479,0.08299279885081418,False,,
7,2,-0.7003616506000926,4.855246660755084,-0.5553629639667284,4.855863811141482,-0.8453603372334568,4.854629510368684,-0.6985314804887023,4.425250555566485,-0.8435301671220664,4.424633405180087,-0.553532793855338,4.425867705952885,-0.6994465655443974,4.6402486081607845,1.575052549206807,"(0.0627870727671856, 0.029946744265914677, -0.022038847054004457)",-0.1519999977124408,4.25205116008377,3.1458488760017036,1.071373330616132,0.0814248974558665,False,,
7,3,-0.700406616831223,4.855552429418712,-0.5554082470875135,4.856240013352851,-0.8454049865749325,4.854864845484571,-0.6983675748196362,4.425557263971848,-0.8433659445633457,4.424869680037709,-0.5533692050759267,4.426244847905989,-0.6993870958254296,4.64055484669528,1.5755383027329681,"(0.014272732552275617, 0.0734972482787957, 0.04847907848522914)",-0.21679155858017346,4.25240380192429,3.146334629527865,1.070994729064874,0.08104629656821916,False,,
7,4,-0.7004215430150141,4.855857732237525,-0.5554233342144392,4.85657845730638,-0.845419751815589,4.855137007168671,-0.6982842203970313,4.4258630440703035,-0.8432824291976062,4.4251423190014485,-0.5532860115964565,4.426583769139158,-0.6993528817060227,4.640860388153914,1.575766864978337,"(0.00821138865765592, 0.07332995007233035, 0.007988575679193808)",-0.2751124027252787,4.252729017089626,3.1465631917732333,1.0708078029490864,0.08085937111628466,False,,
7,5,-0.7003239492896041,4.8563657700806075,-0.5553252086220908,4.856970091878344,-0.8453226899571173,4.8557614482828715,-0.698531822579076,4.4263695046528095,-0.8435305632465891,4.4257651828550735,-0.5535330819115627,4.426973826450546,-0.69942788593434,4.6413676373667085,1.5749640753967193,"(-0.018001014796140684, 0.12173981107055115, 0.07233860402686489)",-0.32758744059990846,4.253147907813632,3.145760402191616,1.0714005458394285,0.0814521146707224,False,,
7,6,-0.700201665503176,4.85687280968357,-0.5552023875131867,4.8573303928801765,-0.8452009434931651,4.8564152264869636,-0.6988446946442741,4.426874950816706,-0.8438439726342634,4.4264173676200995,-0.553845416654285,4.427332534013312,-0.699523180073725,4.641873880250138,1.5739520782162855,"(-0.02287059345240238, 0.12149829202312765, 0.03210771286284201)",-0.3748286965430129,4.25354422193964,3.144748405011182,1.0721491901395488,0.08220075963518114,False,,
7,7,-0.6999728285768513,4.857572870668807,-0.5549729794722541,4.8577820587278415,-0.8449726776814485,4.857363682609772,-0.6993524777810919,4.427573318151725,-0.844352326885689,4.42736413009269,-0.5543526286764947,4.42778250621076,-0.6996626531789716,4.642573094410266,1.5722390035645488,"(-0.03347354525916378, 0.16781139843058154, 0.09139219020739191)",-0.4173285380005751,4.254056429646656,3.1430353303594454,1.0733865521301151,0.08343812229032824,False,,
7,8,-0.6997238598694231,4.858271545281495,-0.5547238737796844,4.858208031695617,-0.8447238459591617,4.858335058867373,-0.6999122105034059,4.428271586532615,-0.8449121965931445,4.428335100118493,-0.5549122244136674,4.428208072946737,-0.6998180351864145,4.643271565907055,1.5703583020506968,"(-0.03729168178629017, 0.16763315922934952, 0.05123830403610395)",-0.4555956670519601,4.254551318702919,3.1411546288455936,1.0742168430134478,0.08426841383848455,False,,
7,9,-0.6994567884685845,4.858968755953548,-0.5544572301110459,4.858610878713787,-0.8444563468261232,4.859326633193309,-0.700518079593393,4.428970065651882,-0.8455176379509316,4.429327942891643,-0.5555185212358544,4.428612188412121,-0.6999874340309887,4.643969410802715,1.5683282053941832,"(-0.04065572269782334, 0.16748277495836994, 0.011089725835272743)",-0.4900360899544611,4.255031095498055,3.1391245321890797,1.0732230891906371,0.08327466068074027,False,,
7,10,-0.6992001365870066,4.859675891882854,-0.5542017764939652,4.858986275809453,-0.844198496680048,4.860365507956254,-0.7012452049426068,4.429680755055213,-0.8462435650356483,4.430370371128614,-0.5562468448495657,4.4289911389818135,-0.7002226707648067,4.644678323469034,1.5660403359452677,"(-0.056456816116320564, 0.1701390399165771, -0.02261832601343937)",-0.5210325430093492,4.255501942569426,3.1368366627401643,1.0721678767771332,0.08221944893254537,False,,
7,11,-0.6989287390572129,4.860381610467778,-0.5539324595994848,4.859342888456654,-0.8439250185149412,4.861420332478901,-0.7020090870902002,4.430392643800031,-0.8470053665479284,4.4314313658111555,-0.5570128076324722,4.429353921788908,-0.7004689130737065,4.645387127133905,1.5636326654474915,"(-0.059098154135945755, 0.17011287956896765, -0.06282228906342634)",-0.5489292849979894,4.255961793200457,3.134428992242388,1.071057888860091,0.0811094616810551,False,,
7,12,-0.6984595935980069,4.861367639079731,-0.5534671596902525,4.859886386398561,-0.8434520275057613,4.862848891760901,-0.7028522739628571,4.431390076456735,-0.8478447078706115,4.432871329137905,-0.5578598400551029,4.429908823775564,-0.700655933780432,4.646378857768233,1.5605806133769422,"(-0.04488496961411889, 0.23801535223865913, 0.04817843898417129)",-0.5736665763962158,4.256622849410689,3.1313769401718385,1.069477329260955,0.0795289027477141,False,,
7,13,-0.6979791242090063,4.862351598396436,-0.5529920507520172,4.86041548621538,-0.8429661976659953,4.864287710577492,-0.7037206982631734,4.432389932282606,-0.8487077717201624,4.4343260444636625,-0.5587336248061844,4.43045382010155,-0.7008499112360899,4.647370765339521,1.5574434321949855,"(-0.04655458935789021, 0.23805781710923754, 0.007890134616460076)",-0.5962999173359464,4.25727773478532,3.1282397589898823,1.0678591872092686,0.07791076136206557,False,,
7,14,-0.6974305523638562,4.863374648322465,-0.5524505296835304,4.860967778236193,-0.8424105750441822,4.865781518408737,-0.704568167102456,4.433433891408396,-0.8495481897827817,4.435840761494668,-0.5595881444221301,4.431027021322124,-0.7009993597331561,4.648404269865431,1.5541964603978862,"(-0.03586763929590481, 0.24804108621825036, -0.004891516954008853)",-0.616671193783865,4.2579581968485,3.1249927871927827,1.0661161767439646,0.07616775156304252,False,,
7,15,-0.6968669812783006,4.864426319601111,-0.5518960510725448,4.861522977513466,-0.8418379114840563,4.867329661688756,-0.7054768922968353,4.434512526577145,-0.8504478225025909,4.43741586866479,-0.5605059620910796,4.4316091844895,-0.701171936787568,4.649469423089128,1.5507719397247157,"(-0.04141849305885271, 0.2556367736874264, -0.030005238577133976)",-0.6349197155940018,4.258656013357471,3.1215682665196125,1.0643038080943505,0.07435538357995229,False,,
7,16,-0.6962944397099461,4.865476129107295,-0.5513345207794362,4.862067037782614,-0.841254358640456,4.8688852204319755,-0.7064041588107232,4.435594990209921,-0.8513640777412329,4.439004081534602,-0.5614442398802134,4.4321858988852405,-0.7013492992603346,4.650535559658608,1.5472831855920075,"(-0.04256699346399859, 0.25587277667517055, -0.07043051648733234)",-0.6514277432825143,4.259351288546184,3.1180795123869043,1.0624647266720446,0.07251630282441347,False,,
7,17,-0.6955254034164509,4.866796463257961,-0.5505802855344019,4.862807377879214,-0.8404705212984998,4.870785548636707,-0.7073551048844575,4.436959217124988,-0.8523002227665064,4.440948302503735,-0.5624099870024086,4.4329701317462415,-0.7014402541504542,4.651877840191474,1.5432819216841547,"(-0.02182917362869594, 0.32214732788803513, 0.04489579363800553)",-0.6661655351848494,4.260256063560138,3.1140782484790512,1.0602027921117498,0.07025436893112903,False,,
7,18,-0.6947488637791425,4.868114651421248,-0.5498210940047361,4.86353845778279,-0.8396766335535488,4.872690845059706,-0.7083196449138814,4.438328851400595,-0.8532474146882877,4.442905045039053,-0.5633918751394752,4.4337526577621365,-0.701534254346512,4.653221751410921,1.539231129203073,"(-0.022560047053872448, 0.3225386926673318, 0.004375860442982367)",-0.6795489809444879,4.261161451872703,3.1100274559979697,1.0579225323484456,0.0679741098350783,False,,
7,19,-0.6938663375717226,4.869585739579863,-0.5489599234011597,4.86437698423628,-0.8387727517422854,4.874794494923447,-0.7093129913492447,4.439863269970608,-0.8542194055198075,4.445072025314191,-0.5644065771786819,4.434654514627025,-0.7015896644604837,4.654724504775236,1.5348661458035282,"(-0.013298427353208369, 0.36066080743538503, 0.05205009046602493)",-0.6915742862438324,4.262189642932499,3.105662472598425,1.0554084068236347,0.06545998497776404,False,,
7,20,-0.6929771166714822,4.871054692799249,-0.5480950644875933,4.865207389575977,-0.837859168855371,4.8769019960225215,-0.7103173951956694,4.441404469081509,-0.8551994473795583,4.4472517723047815,-0.5654353430117807,4.435557165858237,-0.7016472559335758,4.656229580940379,1.530459159878536,"(-0.013821953542110132, 0.36121827963450664, 0.011451945361319228)",-0.7024168568790136,4.2632206709321,3.1012554866734323,1.0528807642749898,0.06293234309685938,False,,
7,21,-0.6920816595249142,4.872521523091615,-0.5472270286208225,4.8660303055140455,-0.8369362904290057,4.879012740669186,-0.7113314771687438,4.442952617651896,-0.8561861080728355,4.449443835229466,-0.5664768462646522,4.436461400074325,-0.701706568346829,4.6577370703717556,1.526014342692698,"(-0.014234979180757007, 0.36179746353028325, -0.0291790573372012)",-0.7121751704529145,4.264255149926206,3.0968106694875948,1.0503417021686516,0.06039328165850479,False,,
7,22,-0.6911013082487213,4.87408629972333,-0.5462783950183762,4.8669222363877696,-0.8359242214790664,4.88125036305889,-0.7123464615886578,4.444611453591961,-0.8571693748190028,4.451775516927522,-0.5675235483583126,4.437447390256401,-0.7017238849186895,4.659348876657646,1.5213688700864227,"(-0.004155977246525668, 0.38683350861355104, -0.009721596812395018)",-0.7209578868024575,4.265371544816098,3.0921651968813193,1.0476340663288357,0.057685646486915716,False,,
7,23,-0.6901154458116799,4.875648981578933,-0.5453276061465862,4.867807968563058,-0.8349032854767736,4.883489994594807,-0.7133681051001358,4.446278146710035,-0.8581559447652295,4.454119159725909,-0.5685802654350423,4.43843713369416,-0.7017417754559079,4.660963564144484,1.5166939853269499,"(-0.004293728932397581, 0.38752499684118485, -0.05041451761595961)",-0.7288620974192787,4.266493186663476,3.0874903121218464,1.0449195227569927,0.05497110358354331,False,,
7,24,-0.6889531482283837,4.877444817231483,-0.544207274536488,4.868863905323663,-0.8336990219202794,4.886025729139302,-0.7143999904377789,4.448198433179654,-0.8591458641296746,4.456779345087473,-0.5696541167458833,4.439617521271835,-0.7016765693330813,4.662821625205568,1.511583027623714,"(0.01564946947836652, 0.4459346546603243, 0.0483245965063156)",-0.7357942613844213,4.267806250168256,3.0823793544186104,1.0418429563287779,0.05189453782404237,False,,
7,25,-0.6877865304681914,4.879237960674426,-0.5430865756409502,4.869914706253659,-0.8324864852954326,4.888561215095193,-0.7154348021987433,4.450127749807435,-0.8601347570259845,4.459451004228202,-0.5707348473715024,4.440804495386668,-0.7016106663334674,4.6646828552409305,1.5064536333663008,"(0.015816719907353952, 0.4466952084869035, 0.007576655799397823)",-0.7422148345920057,4.269126953393188,3.0772499601611973,1.0387663365929063,0.04881791875712841,False,,
7,26,-0.6865504496472191,4.881114435691351,-0.5419021737179002,4.871021058126055,-0.8311987255765381,4.8912078132566466,-0.7164825348408549,4.4521574794871634,-0.8611308107701737,4.462250857052459,-0.571834258911536,4.442064101921868,-0.701516492244037,4.666635957589257,1.501130488144335,"(0.02260178146329043, 0.46874456359835803, 0.021212283133722032)",-0.747978083924516,4.270522331336139,3.0719268149392316,1.0355495188445718,0.04560110167799502,False,,
7,27,-0.6853100491153866,4.88298827400699,-0.5407177556025189,4.872122333795084,-0.8299023426282544,4.893854214218895,-0.7175331821575895,4.454197334624003,-0.8621254756704572,4.4650632748359085,-0.5729408886447218,4.443331394412097,-0.7014216156364881,4.668592804315496,1.4957884933412797,"(0.02277038581174598, 0.46964321429744094, -0.019568828254357747)",-0.7531802748337959,4.271926492438286,3.0665848201361765,1.0323336488078982,0.04238523231076637,False,,
7,28,-0.6840655299131952,4.884859466614255,-0.539533544001144,4.8732188030456,-0.8285975158252464,4.89650013018291,-0.7185861184271372,4.456247370461275,-0.8631181043391885,4.46788803402993,-0.574054132515086,4.44460670689262,-0.7013258241701662,4.670553418537765,1.4904294034431353,"(0.022989951917261244, 0.4705474133445281, -0.06036391336428095)",-0.7578622466422739,4.273339690349646,3.061225730238032,1.0291196566865655,0.03917124085912218,False,,
7,29,-0.6826627759138206,4.8869245277285165,-0.5381990787300756,4.8744649853611905,-0.8271264730975657,4.899384070095842,-0.7196117636238217,4.458514942976721,-0.8640754608075667,4.470974485344047,-0.5751480664400767,4.446055400609395,-0.7011372697688212,4.672719735352619,1.4847623526530211,"(0.045253056322815025, 0.5199160355648718, 0.02526710278901556)",-0.7618832779288085,4.274922298166573,3.055558679447918,1.0256118696109133,0.035663454453402674,False,,
7,30,-0.6812567832646161,4.88898654958635,-0.5368661161514189,4.875707421203589,-0.8256474503778134,4.902265677969111,-0.7206362674341837,4.460793536767903,-0.8650269345473809,4.474072665150664,-0.5762456003209866,4.447514408385142,-0.7009465253493999,4.674890043177126,1.4790876326740499,"(0.045778660661101325, 0.5208738778817998, -0.01558057695426468)",-0.7656949494079109,4.276515795967668,3.0498839594689464,1.0221114299443432,0.03216301545700893,False,,
7,31,-0.67973302405636,4.891216591883621,-0.535423892828394,4.877078888950342,-0.824042155284326,4.905354294816901,-0.7216586258584999,4.463265375138619,-0.8659677570864659,4.477403078071898,-0.577349494630534,4.449127672205339,-0.70069582495743,4.67724098351112,1.4731397794070646,"(0.06016809407277579, 0.5642256801585124, 0.05326086947819027)",-0.7689775496656464,4.278263182672052,3.0439361062019614,1.0183867447740949,0.02843833095718067,False,,
7,32,-0.678206075022028,4.893443415715708,-0.5339836791637208,4.8784467316525655,-0.8224284708803353,4.90844009977885,-0.7226790001747945,4.465749414204866,-0.8669013960331016,4.480746098268008,-0.5784566043164872,4.450752730141724,-0.7004425375984112,4.679596414960287,1.4671856391379996,"(0.06078896616449827, 0.5653035478000636, 0.012355675332858067)",-0.7720797937842201,4.280022869247528,3.037981965932896,1.0146714022997652,0.024722989153514962,False,,
7,33,-0.6766485374056117,4.895702135836613,-0.5325179113068634,4.879847716251437,-0.82077916350436,4.911556555421789,-0.7236650920375136,4.46828027912998,-0.8677957181362619,4.484134698715156,-0.5795344659387655,4.452425859544804,-0.7001568147215627,4.681991207483296,1.461236452364063,"(0.06857349044365296, 0.5747502055223435, 0.005281896557995078)",-0.7748722109054854,4.281826405979743,3.0320327791589596,1.0109296524041669,0.020981239928825095,False,,
7,34,-0.6750878090972017,4.897957691462776,-0.5310541959643518,4.881244873391112,-0.8191214222300515,4.91467050953444,-0.7246499592407558,4.470823528379152,-0.8686835723736057,4.487536346450816,-0.5806163461079061,4.454110710307488,-0.6998688841689787,4.684390609920964,1.4552787669151395,"(0.0691033326201514, 0.5758565850401588, -0.03558781856641374)",-0.7773849890211447,4.283642265959475,3.026075093710036,1.0071968300206235,0.017248418216434004,False,,
7,35,-0.673524024330536,4.900210049147036,-0.5295926659818504,4.882638364996044,-0.8174553826792217,4.917781733298028,-0.7256331566403751,4.473379124388865,-0.8695645149890608,4.490950808539857,-0.5817017982916896,4.455807440237873,-0.6995785904854556,4.686794586767951,1.4493137113166388,"(0.06967048404556071, 0.5769544432767607, -0.07645993596911403)",-0.7796464893034798,4.285470546126185,3.020110038111535,1.0034735307402736,0.013525119607480375,False,,
7,36,-0.6718224888604215,4.9026771619431475,-0.5280029395285382,4.884212676302492,-0.815642038192305,4.921141647583802,-0.7265792393809848,4.476177808752045,-0.8703987887128681,4.4946422943927,-0.5827596900491014,4.45771332311139,-0.6992008641207031,4.689427485347596,1.4431083538289986,"(0.09065432754058862, 0.6318956591149215, 0.033263747155342)",-0.7816399750952958,4.287502458504734,3.013904680623895,0.9995112855680134,0.00956287510686098,False,,
7,37,-0.6701178511521052,4.905140923245918,-0.5264157420685945,4.885783654715705,-0.8138199602356158,4.924498191776133,-0.7275221647244631,4.4789898411361975,-0.8712242738079738,4.498347109666411,-0.5838200556409526,4.459632572605983,-0.6988200079382841,4.692065382191058,1.436898178044672,"(0.09140548378055986, 0.6330952424307738, -0.007742601566956265)",-0.7834759762705082,4.289548095023805,3.0076945048395682,0.9955606196996264,0.005612209910358889,False,,
7,38,-0.6683008618068375,4.907776496775925,-0.5247302060027697,4.887467218305485,-0.8118715176109051,4.928085775246366,-0.7285283772709029,4.482015241632828,-0.8720990330749707,4.502324520103269,-0.5849577214668352,4.461705963162387,-0.6984146195388702,4.694895869204377,1.4302702858702767,"(0.09729321585936185, 0.6793168831965922, 0.05972748655726698)",-0.7851869934066757,4.291757114876642,3.0010666126651735,0.9913665040447834,0.0014180949276452039,False,,
7,39,-0.6664804162662462,4.910408379841373,-0.5230476604948556,4.889147040000605,-0.8099131720376368,4.931669719682141,-0.7295312861388675,4.485056069622766,-0.8729640419102581,4.506317409463534,-0.586098530367477,4.463794729781998,-0.6980058512025569,4.69773222473207,1.4236358150608808,"(0.09810440071518813, 0.6807253266463856, 0.018667244964643663)",-0.7866682924358184,4.2939819620510775,2.9944321418557776,0.9871856269174957,0.0027627815272691677,False,,
7,40,-0.664655786486107,4.913055386559394,-0.5213627596874397,4.890871868558942,-0.8079488132847743,4.935238904559847,-0.7304413915908973,4.488117445018519,-0.8737344183895648,4.510300963018971,-0.5871483647922302,4.4659339270180665,-0.6975485890385021,4.7005864157889565,1.4172033626199991,"(0.10974291937312927, 0.6850058536529255, 0.0068788733288685545)",-0.7880008612952146,4.296244498794454,2.9879996894148957,0.9830666686259321,0.006881739146215043,False,,
7,41,-0.6628276018610172,4.915699315258145,-0.5196803287619567,4.8925939434952195,-0.8059748749600778,4.93880468702107,-0.7313469801924498,4.491193608826448,-0.8744942532915104,4.514298980589373,-0.5881997070933893,4.468088237063523,-0.6970872910267335,4.703446462042296,1.4107667642774144,"(0.11071152282448367, 0.6864111008015037, -0.03429057014776023)",-0.789200712225893,4.298522342624671,2.981563091072311,0.978960403765834,0.010988003333450552,False,,
7,42,-0.6609969339910502,4.918339484684832,-0.518001411644077,4.8943128205652275,-0.8039924563380234,4.942366148804436,-0.7322484206905666,4.494283797724842,-0.8752439430375398,4.518310461844447,-0.5892528983435935,4.470257133605238,-0.6966226773408084,4.706311641204837,1.4043273977243738,"(0.11150728462202433, 0.6876429990096811, -0.07519132988829028)",-0.7902806400575583,4.300815018416933,2.9751237245192703,0.974868766525672,0.015079639900506767,False,,
7,43,-0.6589985187853682,4.921189626982443,-0.5161744473540164,4.896163947775434,-0.8018225902167199,4.946215306189452,-0.7332126019509808,4.497642380668779,-0.8760366733823327,4.522668059875788,-0.5903885305196293,4.47261670146177,-0.6961055603681745,4.709416003825611,1.3973368971365894,"(0.12410807343214382, 0.7450470289856613, 0.038481320507612216)",-0.7913622726952197,4.303308002054925,2.9681332239314857,0.9704326395079431,0.019515766244892093,False,,
7,44,-0.6569966971250867,4.924035685936316,-0.5143512078986795,4.898011381846505,-0.799642186351494,4.9500599900261255,-0.7341722195983176,4.501018028230417,-0.8768177088247248,4.527042332320228,-0.5915267303719103,4.4749937241406075,-0.6955844583617021,4.7125268570833665,1.3903405588436806,"(0.1250644815533827, 0.7466047818612235, -0.0026486093619648766)",-0.792226043480521,4.305818776923067,2.9611368856385774,0.9660126836025217,0.023935721476732157,False,,
7,45,-0.6549419546858068,4.926941633650609,-0.512485181804069,4.899903367061921,-0.7973987275675449,4.953979900239296,-0.7351244004315691,4.504483617518558,-0.8775811733133072,4.531521884107245,-0.5926676275498313,4.47744535092987,-0.695033177558688,4.715712625584583,1.3832276147628932,"(0.13230739272338565, 0.7645844402920996, 0.06389067143072766)",-0.793214907781127,4.308403966658478,2.95402394155779,0.9615143880692063,0.028434016336228773,False,,
7,46,-0.6528835055581097,4.929842810533162,-0.5106228910600089,4.901790759580999,-0.7951441200562106,4.957894861485324,-0.7360723463127992,4.507966505469828,-0.8783329608109,4.5360185564219915,-0.5938117318146983,4.479914454517666,-0.6944779259354544,4.718904658001495,1.376106306939286,"(0.13326038957606257, 0.7660877800590157, 0.02316010160079183)",-0.7938934152829845,4.311007054243785,2.9469026337341826,0.9570322732903557,0.032916130441023,False,,
7,47,-0.65082293682265,4.932737843371963,-0.5087652331176682,4.903675688977155,-0.7928806405276317,4.96179999776677,-0.7370072567520777,4.511463273764085,-0.8790649604570595,4.540525428158893,-0.594949553047096,4.482401119369278,-0.6939150967873638,4.722100558568024,1.369000896360898,"(0.13507899554174754, 0.7670161359669202, -0.01474527883472886)",-0.7945040719046575,4.313626814579444,2.9397972231557947,0.9525739782918121,0.03737442476527211,False,,
7,48,-0.6487377710850456,4.935639219540337,-0.5068815425165248,4.9056090610939425,-0.7905939996535664,4.965669377986732,-0.7377927237191825,4.5149621279233445,-0.8796489522877032,4.544992286369739,-0.5959364951506617,4.48493196947695,-0.693265247402114,4.725300673731841,1.3621819263092998,"(0.15596385245994548, 0.7680276393161058, -0.027466562275485256)",-0.795062037696201,4.316269645180723,2.9329782531041966,0.9481651170144122,0.04178328536813973,False,,
7,49,-0.6466505467574072,4.938536239244113,-0.5050024052352278,4.9075394006422055,-0.7882986882795865,4.969533077846019,-0.7385722060596128,4.518476233350753,-0.8802203475817922,4.54947307195266,-0.5969240645374335,4.4874793947488465,-0.69261137640851,4.728506236297433,1.3553624447691417,"(0.15692903846496956, 0.7693350157420245, -0.06832152791099541)",-0.7955558329211698,4.318929069957603,2.9261587715640385,0.9437748218832892,0.04617357982449278,False,,
7,50,-0.6445153610157204,4.941446217591218,-0.5030848930746783,4.909470871807663,-0.7859458289567625,4.973421563374773,-0.7393388002359167,4.522031726455714,-0.8807692681769588,4.554007072239269,-0.5979083322948748,4.49005638067216,-0.6919270806258185,4.731738972023466,1.3484491475313494,"(0.16423098784596257, 0.7758565742481592, 0.04263115469185341)",-0.7962410735999687,4.321617405041787,2.919245474326246,0.9393190133519783,0.050629387680795446,False,,
7,51,-0.6423766111980661,4.944351317121196,-0.5011708505009292,4.911397817368622,-0.783582371895203,4.97730481687377,-0.740100782878114,4.525603199191755,-0.881306543575251,4.558556698944329,-0.5988950221809773,4.492649699439181,-0.69123869703809,4.7349772581564755,1.34152752910651,"(0.16521206105482814, 0.7771886719222236, 0.002023382355829877)",-0.7966169645253305,4.32432233947698,2.9123238559014064,0.934878799323248,0.05506960103427999,False,,
7,52,-0.6402142077375567,4.947265739716395,-0.4992320968208289,4.91336818226068,-0.7811963186542845,4.981163297172109,-0.7407379988131234,4.529180859066788,-0.8817201097298514,4.563078416522503,-0.5997558878963959,4.495283301611074,-0.69047610327534,4.738223299391591,1.3348365669776485,"(0.1830225030600028, 0.7790498964277628, 0.05230094948468141)",-0.7969791315324625,4.32704981484303,2.905632893772545,0.9304736407668515,0.059474758915192515,False,,
7,53,-0.6380496938645634,4.950175901414619,-0.4972975716226967,4.915335693544823,-0.7788018161064302,4.985016109284415,-0.7413689309956824,4.5327730561456345,-0.8821210532375492,4.5676132640154306,-0.6006168087538157,4.4979328482758385,-0.6897093124301229,4.741474478780127,1.3281448214563742,"(0.18402980285210505, 0.7802830532484656, 0.011390488248837639)",-0.7972812171979972,4.329793143128268,2.8989411482512706,0.9260863777343364,0.06386202127198538,False,,
7,54,-0.6358715442944454,4.953076941260519,-0.49535376600940495,4.9173032919382,-0.7763893225794858,4.988850590582837,-0.7419589181468382,4.536369047035916,-0.8824766964318788,4.572142696358235,-0.601441139861798,4.500595397713598,-0.6889152312206418,4.744722994148217,1.321507509579352,"(0.19057949027546822, 0.7796436883417472, -0.023999524882500803)",-0.7975531009258194,4.332544323096922,2.8923038363742486,0.921711460126958,0.06823693820340368,False,,
7,55,-0.6336920872795937,4.955943608600177,-0.4934128040889164,4.919245887860194,-0.7739713704702711,4.9926413293401595,-0.7425198108533353,4.539942975689892,-0.8827990940440127,4.576640696429875,-0.6022405276626581,4.50324525494991,-0.6881059490664645,4.747943292145035,1.3149257592081,"(0.19422771700254762, 0.772871519236055, -0.01123446865872648)",-0.7977990251370318,4.335279514899739,2.8857220860029966,0.9173660830794277,0.07258231457473552,False,,
7,56,-0.6315107509047556,4.958806310216856,-0.49147605145513285,4.921186063672557,-0.7715454503543784,4.996426556761154,-0.7430742406568135,4.543530994607629,-0.8831089401064363,4.581151241151928,-0.6030395412071908,4.5059107480633305,-0.6872924957807846,4.751168652412242,1.308343693875286,"(0.19522878856318862, 0.7740864641298107, -0.05216950609006356)",-0.7980191215637499,4.338030180114636,2.8791400206701825,0.9130385105631699,0.07690988641455677,False,,
7,57,-0.6290984240888462,4.961793197390156,-0.48934383930793235,4.923145350972607,-0.7688530088697599,5.000441043807704,-0.7437092789822644,4.547348566660549,-0.8834638637631783,4.585996413078098,-0.6039546942013508,4.508700720243001,-0.6864038515355553,4.7545708820253525,1.3009981998860103,"(0.21327461885501559, 0.8165351071464189, 0.046628800023718275)",-0.7981462125935699,4.340920311969058,2.871794526680907,0.9082644311319747,0.0804002602163702,False,,
7,58,-0.6266832380998987,4.964775414186411,-0.48721614418451137,4.925102631138123,-0.7661503320152859,5.004448197234699,-0.7443335602430975,4.551183342575262,-0.8838006541584849,4.59085612562355,-0.6048664663277102,4.511510559526974,-0.6855083991714981,4.757979378380837,1.2936568499432777,"(0.2149085673737243, 0.8180391253161112, 0.005677339707060126)",-0.79833158850274,4.343829708426636,2.8644531767381745,0.9035127559071805,0.07994704147551757,False,,
7,59,-0.6242542981382107,4.9677344996121535,-0.4850778699368264,4.927053769123321,-0.7634307263395947,5.008415230100985,-0.7448937057947451,4.555004402187358,-0.8840701339961294,4.5956851326761905,-0.6057172775933611,4.514323671698527,-0.6845740019664779,4.761369450899756,1.2864222080858376,"(0.22425532920483615, 0.8136174045406462, 0.02355225900823854)",-0.7984928321495071,4.34673391077938,2.857218534880734,0.8987862347224745,0.0794477262400159,False,,
7,60,-0.6218237654700818,4.970688584503922,-0.4829452113766929,4.929002289238815,-0.7607023195634706,5.012374879769028,-0.7454451928079846,4.558841837882147,-0.8843237469013736,4.600528133147254,-0.6065666387145959,4.517155542617041,-0.6836344791390332,4.764765211193034,1.2791893911498262,"(0.22548547858673185, 0.8149824703867926, -0.01734120180968085)",-0.7986435476705923,4.349656533049273,2.8499857179447226,0.8940828458253504,0.07896155069693658,False,,
7,61,-0.6193918046725276,4.973637626126501,-0.48081831531844665,4.930948188929059,-0.7579652940266086,5.016327063323944,-0.7459880667063229,4.562695554248882,-0.8845615560604039,4.605384991446324,-0.6074145773522419,4.520006117051439,-0.6826899356894253,4.7681665901876915,1.27195832124086,"(0.22669042790590638, 0.8163309587177078, -0.05824507363478469)",-0.7987791917690964,4.352597523066063,2.842754648035757,0.8894028559766642,0.07848861309862777,False,,
7,62,-0.6169032289134618,4.976509952606463,-0.47865115301775574,4.932790809081825,-0.7551553048091679,5.020229096131102,-0.7465531028141129,4.566521037881266,-0.8848051787098191,4.610240181405904,-0.608301026918407,4.522801894356627,-0.6817281658637874,4.7715154952438645,1.2645189680347457,"(0.23082475815309378, 0.8037372134814873, 0.021873364384602037)",-0.7991604737083011,4.355489676180636,2.835315294829642,0.8846333377700861,0.07803755488624822,False,,
7,63,-0.6144113108413088,4.979376638545831,-0.4764886537960902,4.9346291171218795,-0.7523339678865275,5.024124159969782,-0.7471108571330266,4.5703646211013895,-0.8850335141782453,4.615112142525341,-0.609188200087808,4.525617099677438,-0.6807610839871677,4.77487062982361,1.2570717035048729,"(0.2320996503887171, 0.8052322991388859, -0.018798690950735105)",-0.7992444242356946,4.3584012222550745,2.8278680302997694,0.8798845211170896,0.0776016269675986,False,,
7,64,-0.6118634781928104,4.982194196804638,-0.47428256127022084,4.9364067389287145,-0.7494443951154001,5.027981654680563,-0.7476469739627912,4.574195615585925,-0.8852278908853808,4.6199830734618486,-0.6100660570402016,4.52840815771,-0.6797552260778008,4.7781949061952815,1.2495223893673226,"(0.24140589824805375, 0.797826329201155, 0.05002386922512825)",-0.7993206166768129,4.3612876092421216,2.820318716162219,0.8750672415712706,0.07714571127795694,False,,
7,65,-0.6093140659419658,4.9850065476021115,-0.4720826912007099,4.938181876897183,-0.7465454406832218,5.0318312183070395,-0.7481734342393398,4.578044539748731,-0.8854048089805958,4.62486921045366,-0.6109420594980841,4.531219869043803,-0.6787437500906528,4.781525543675421,1.2419739067450686,"(0.24275423691552023, 0.7993529952335262, 0.009126829899303237)",-0.799388553877246,4.364194239110206,2.812770233539965,0.870275506951429,0.07440158741455076,False,,
7,66,-0.6067897178427943,4.987794592370583,-0.46989852818347044,4.939984528642796,-0.7436809075021182,5.03560465609837,-0.748571286138989,4.581841409242933,-0.885462475798313,4.629651472970719,-0.6116800964796655,4.534031345515146,-0.6776805019908917,4.784818000806758,1.2347845038541903,"(0.2551795439426681, 0.7901897115206586, 0.013086330588138718)",-0.7994481441255001,4.367081361438884,2.805580830649087,0.8656014154079307,0.06924640219328906,False,,
7,67,-0.6042460375639888,4.990579912128066,-0.4677029261773603,4.941784638454699,-0.7407891489506171,5.039375185801433,-0.7489492629401805,4.585658961119444,-0.885492374326809,4.634454234792811,-0.6124061515535523,4.536863687446077,-0.6765976502520846,4.788119436623755,1.2275783437022627,"(0.25988441731369216, 0.7923445960792922, -0.030649573659335013)",-0.7995033343184921,4.369987490165172,2.798374670497159,0.8609226932500802,0.06407542370048602,False,,
7,68,-0.6017011907882545,4.993360317405649,-0.46551316274707544,4.943582601324505,-0.7378892188294335,5.043138033486794,-0.7493178660633727,4.589492372180084,-0.8855058941045518,4.639270088261228,-0.6131298380221939,4.53971465609894,-0.6755095284258136,4.791426344792867,1.220373899351371,"(0.2611492383050614, 0.7936579605867973, -0.07155394078235665)",-0.7995529997391096,4.3729117532270285,2.7911702261462676,0.8562679381074687,0.05891850555426664,False,,
7,69,-0.5990815019383805,4.99606472254967,-0.4632657893630593,4.945279958912751,-0.7348972145137017,5.04684948618659,-0.7496845941030369,4.593300885257339,-0.8855003066783582,4.644085648894258,-0.6138688815277159,4.5425161216204195,-0.6743830480207087,4.7946828039035045,1.212969273574924,"(0.27035529722516444, 0.7815501865530553, 0.02900362587289132)",-0.7998470770217693,4.3757891800004405,2.7837656003698203,0.8515044846313268,0.05362851917636595,False,,
7,70,-0.5964587667192329,4.998763323171656,-0.46102319689101817,4.946973300722282,-0.7318943365474477,5.050553345621031,-0.7500429712242755,4.597126805750054,-0.8854785410524904,4.648916828199428,-0.6146074013960607,4.545336783300678,-0.6732508689717542,4.797945064460855,1.205557296006737,"(0.27172297174906684, 0.7829425337640041, -0.011654024447974112)",-0.7998623671788043,4.378685565611065,2.7763536228016337,0.846762612715554,0.0483490449117748,False,,
7,71,-0.5937857441732928,5.00141573570239,-0.4587428058886003,4.948610387304366,-0.7288286824579854,5.054221084100414,-0.750380915284675,4.600943573892612,-0.8854238535693675,4.653748922290636,-0.6153379769999826,4.548138225494588,-0.6720833297289839,4.801179654797501,1.1980497037270574,"(0.28020941826487755, 0.7763016807950486, 0.055946635737982475)",-0.7998763076685391,4.381561832205015,2.7688460305219538,0.8419638372766888,0.04299500529906149,False,,
7,72,-0.5911114386893707,5.004062922120459,-0.45646868589923995,4.950245368096741,-0.7257541914795013,5.0578804761441765,-0.7507083230355672,4.604777517294554,-0.885351075825698,4.658595071318272,-0.6160655702454367,4.550959963270837,-0.6709098808624689,4.804420219707507,1.1905431810881704,"(0.2816277279635836, 0.7777355784012894, 0.015042621779192125)",-0.7998886757794554,4.384457798811865,2.7613395078830667,0.8371911564111417,0.037656377359895646,False,,
7,73,-0.5884337134867857,5.006698985799311,-0.4541794075968807,4.9519195977959765,-0.7226880193766908,5.061478373802644,-0.7508829330828791,4.6085655269533845,-0.8851372389727843,4.663344914956719,-0.6166286271929742,4.553786138950051,-0.6696583232848324,4.807632256376348,1.1833892919213478,"(0.30037381863275203, 0.7708888005217988, 0.014786490917633559)",-0.7999107265346462,4.387335054997337,2.754185618716244,0.8324860637603894,0.03240193851507694,False,,
7,74,-0.585748289846074,5.009334489801253,-0.4518903712216366,4.953593502892754,-0.7196062084705115,5.065075476709752,-0.751049147574727,4.6123765242253345,-0.8849070661991644,4.668117511133834,-0.6171912289502895,4.5566355373168355,-0.6683987187104005,4.810855507013294,1.1762162151710758,"(0.3023050978636603, 0.7735801528671572, -0.03027711071000174)",-0.7999196825497851,4.390235245104615,2.7470125419659723,0.8277930355546946,0.02714833474333966,False,,
7,75,-0.58306190572233,5.011965040216774,-0.44960716207973084,4.955265556980256,-0.7165166493649291,5.068664523453291,-0.7512052008375202,4.616202697000791,-0.8846599444801193,4.672902180237308,-0.617750457194921,4.559503213764273,-0.6671335532799251,4.814083868608782,1.1690448959218886,"(0.3036397033141042, 0.7748067829172745, -0.07118539494724316)",-0.7999277131484605,4.393153062882089,2.739841222716785,0.8231243534917095,0.021909477834002506,False,,
7,76,-0.580304667431381,5.014511059337684,-0.4472760189195908,4.956818956974132,-0.7133333159431712,5.072203161701236,-0.7513915916819147,4.620012308578582,-0.8844202401937049,4.677704410942134,-0.6183629431701245,4.56232020621503,-0.6658481295566478,4.817261683958133,1.1615951668542042,"(0.30850169358653157, 0.7626756838441356, 0.033950086041503375)",-0.80016508888304,4.39602819678328,2.732391493649101,0.8183487431036217,0.016531278614275828,False,,
7,77,-0.5775447285248357,5.017051073021428,-0.44494994673266186,4.958368674966426,-0.7101395103170096,5.075733471076432,-0.7515683917224304,4.62383896149981,-0.8841631735146043,4.682521359554812,-0.6189736099302566,4.565156563444806,-0.6645565601236331,4.820445017260619,1.1541388133075787,"(0.3099766639235481, 0.7639999925966451, -0.006696720967007891)",-0.8001485778211197,4.398922256860931,2.7249351401024753,0.813596166939613,0.011165122932574895,False,,
7,78,-0.5747508360216971,5.019550021467607,-0.44259021871885623,4.959896260193634,-0.706911453324538,5.079203782741579,-0.7516550935927864,4.627625432224699,-0.8838157108956273,4.6872791934986715,-0.6194944762899457,4.567971670950727,-0.6632029648072417,4.823587726846153,1.1468010301019889,"(0.32486287593391294, 0.7542503005281357, 0.05964399297145424)",-0.8001980619440445,4.4017826492187035,2.7175973568968854,0.8088361155672876,0.005791070932825086,False,,
7,79,-0.5719554768674016,5.022043602797099,-0.4402361959353667,4.961421568595435,-0.7036747577994364,5.082665636998763,-0.7517311644999214,4.631427804171064,-0.8834504454319563,4.6920498383727285,-0.6200118835678866,4.570805769969401,-0.6618433206836615,4.826735703484082,1.1394623234516823,"(0.32631458965926974, 0.7555143931030374, 0.018820752621017765)",-0.8001782542412991,4.404661360327695,2.710258650246579,0.8041007553281426,0.00043156749444803275,False,,
7,80,-0.5691610757821285,5.024527691946095,-0.4378815015294141,4.9629592472359505,-0.7004406500348429,5.086096136656239,-0.7517433600949687,4.635215851058734,-0.8830229343476832,4.696784295768879,-0.6204637858422544,4.573647406348591,-0.6604522179385486,4.829871771502415,1.1322652851019814,"(0.33386465882710153, 0.752656324399924, -0.0033520271324224936)",-0.8001605377980481,4.407538314805044,2.703061611896878,0.7994079846628686,0.004883041638017053,False,,
7,81,-0.5663411035295207,5.026987738636885,-0.43551592266730255,4.964459568566365,-0.697166284391739,5.089515908707405,-0.7517694699455457,4.639023409183411,-0.8825946508077639,4.70155157925393,-0.6209442890833274,4.576495239112891,-0.6590552867375332,4.833005573910148,1.1249420980743101,"(0.3352634882436962, 0.7521125778559347, -0.030344119475816434)",-0.8001445559467543,4.410425431105342,2.695738424869207,0.7946926707877799,0.010240964126188766,False,,
7,82,-0.5635204028410615,5.029442620721281,-0.4331565167172302,4.9659583140408685,-0.6938842889648928,5.092926927401694,-0.7517842088588379,4.64284626876785,-0.8821480949826692,4.706330575448263,-0.6214203227350066,4.579361962087437,-0.6576523058499497,4.836144444744566,1.117620717053504,"(0.33671541302003577, 0.7533290002602484, -0.07124282082188907)",-0.8001300992020086,4.413330621338567,2.6884170438484007,0.7900033720931726,0.015582631413425292,False,,
7,83,-0.560638179222148,5.03181272408695,-0.4307547448146951,4.967351158278129,-0.6905216136296009,5.096274289895771,-0.7518000640345119,4.64664115998209,-0.8816834984419648,4.71110272579091,-0.6219166296270591,4.582179594173269,-0.65621912162833,4.83922694203452,1.1101105184236846,"(0.3439642131887342, 0.7397993495889824, 0.03834866734198081)",-0.8003364823037905,4.4161900658725965,2.680906845218581,0.785236958353915,0.021028505803161866,False,,
7,84,-0.5577535602160233,5.034176583236974,-0.4283583129261659,4.968740584132531,-0.6871488075058808,5.0996125823414165,-0.7518051437671294,4.650452746446362,-0.8812003910569868,4.715888745550805,-0.622409896477272,4.585016747341919,-0.6547793519915763,4.842314664841668,1.1025940600591628,"(0.34554471282085814, 0.7410534737154901, -0.0022651270494111904)",-0.8003028318544767,4.419068410734905,2.6733903868540594,0.7804949616383525,0.026460902678275378,False,,
7,85,-0.5548793606904565,5.036507686254187,-0.42594959928385456,4.9701592377144,-0.6838091220970585,5.102856134793973,-0.7516368287739612,4.654164255875988,-0.8805665901805633,4.720512704415775,-0.6227070673673595,4.587815807336201,-0.6532580947322089,4.845335971065087,1.0955297371326154,"(0.365101742248195, 0.7251134936207384, 0.06142931943992692)",-0.8002574433198557,4.421881424768418,2.666326063927512,0.7758334677781578,0.03178069230429539,False,,
7,86,-0.5520043016268242,5.038834071785877,-0.4235463040265519,4.971576783314452,-0.6804622992270967,5.1060913602573015,-0.7514569501972558,4.657889665109207,-0.8799149477975281,4.725146953580632,-0.6229989525969835,4.590632376637783,-0.65173062591204,4.848361868447542,1.0884677373077993,"(0.3665925168405214, 0.7262153717890856, 0.02053741818950879)",-0.8002316974442676,4.424711031715419,2.659264064102696,0.7711960838984608,0.03708525027353257,False,,
7,87,-0.5491183890830977,5.041171690866951,-0.4211173620623512,4.973048735252605,-0.6771194161038442,5.109294646481296,-0.7511381884911574,4.661582438322667,-0.879139215511904,4.729705393937014,-0.6231371614704111,4.5934594827083215,-0.6501282887871276,4.851377064594809,1.0817168432302975,"(0.3845609099789803, 0.7236470753441133, -0.015887952023238533)",-0.8002084198254796,4.427529441861557,2.652513170025194,0.7665920399491113,0.042335547530205395,False,,
7,88,-0.5461708614819154,5.043491632102609,-0.4186553519401836,4.974464138838602,-0.6736863710236471,5.112519125366616,-0.7508730828855217,4.665342190013335,-0.8783885924272534,4.734369683277341,-0.6233575733437899,4.596314696749328,-0.6485219721837185,4.854416911057972,1.074636801497206,"(0.3855159848181719, 0.7295631511590761, -0.027856248863756584)",-0.8001875001316522,4.430387261082738,2.645433128292103,0.7619000929571023,0.04771411924171884,False,,
7,89,-0.5432228244443552,5.045806579164904,-0.4161990972034981,4.975878239288711,-0.6702465516852123,5.115734919041097,-0.7505965220082375,4.66911552596788,-0.8776202492490945,4.739043865844073,-0.6235727947673806,4.599187186091687,-0.6469096732262963,4.857461052566392,1.0675585776253893,"(0.38695174978133684, 0.7305939620207675, -0.06877270419659395)",-0.8001687489804243,4.433261461376428,2.638354904420286,0.7572328849795226,0.05307681173460319,False,,
7,90,-0.5402122477448584,5.0480179137866665,-0.4137196221207766,4.977133390350828,-0.6667048733689402,5.118902437222504,-0.750421524140792,4.672901851591113,-0.8769141497648738,4.743786375026951,-0.6239288985167103,4.602017328155275,-0.6453168859428252,4.86045988268889,1.0600152454909262,"(0.38226894803307765, 0.7197192293993591, 0.04297956161849903)",-0.8002719533424876,4.436113555942914,2.6308115722858227,0.7524724062712804,0.0585883808677196,False,,
7,91,-0.5371998744465514,5.050223142117841,-0.4112457742026603,4.978386072079094,-0.6631539746904425,5.122060212156588,-0.7502339442166284,4.676704086222164,-0.8761880444605195,4.74854115626091,-0.6242798439727373,4.604867016183417,-0.6437169093315899,4.863463614170002,1.0524687655034923,"(0.3839943866964825, 0.7208955554670778, 0.0022121047287285253)",-0.8002447559838662,4.438984277233651,2.623265092298389,0.7477380108327097,0.05906530839713716,False,,
7,92,-0.5342109321653128,5.0523942289340456,-0.4087724556072997,4.979660546236104,-0.6596494087233259,5.125127911631987,-0.7499039222350694,4.680404263968904,-0.8753423987930825,4.753137946666845,-0.6244654456770564,4.607670581270963,-0.6420574272001911,4.866399246451475,1.045335628409019,"(0.39827571153569785, 0.7045517475533004, 0.04880775396673712)",-0.8002110583122481,4.441786086049252,2.6161319552039153,0.7430892660584683,0.058176845457019274,False,,
7,93,-0.5312215785812243,5.054560623101002,-0.40630495428419067,4.980934289671762,-0.656138202878258,5.128186956530243,-0.7495617397851796,4.6841182200132465,-0.8744783640822132,4.757744553442488,-0.6246451154881459,4.610491886584006,-0.640391659183202,4.869339421557124,1.0382045817836107,"(0.39978432407740694, 0.7056420253558763, 0.007904865188003285)",-0.8001899511064031,4.444604635307269,2.6090009085785075,0.7384658645993467,0.0572971100030918,False,,
7,94,-0.5282095749708575,5.056705174462647,-0.4038124884408719,4.982204403575016,-0.6526066615008432,5.1312059453502785,-0.7491428955341766,4.687803469580621,-0.8735399820641622,4.762304240468252,-0.624745809004191,4.61330269869299,-0.638676235252517,4.872254322021634,1.0311898542756337,"(0.4117017433643791, 0.699576111482289, -0.01959179255864478)",-0.8001709590797186,4.44740171135746,2.6019861810705303,0.7338420768805463,0.0563406041052263,False,,
7,95,-0.525133786892398,5.058787506494774,-0.40129754010662366,4.983358175449001,-0.6489700336781724,5.134216837540547,-0.7488207686143449,4.691548981543857,-0.8726570154001192,4.76697831258963,-0.6249845218285706,4.616119650498084,-0.6369772777533714,4.875168244019315,1.0237085397013965,"(0.4077497997949591, 0.6993412794434624, 0.008343622663292964)",-0.8001539193908416,4.45022426704887,2.594504866496293,0.7291314120236003,0.05552420489076006,False,,
7,96,-0.5220576863796667,5.060864374921363,-0.3987890858954466,4.984510906534775,-0.6453262868638867,5.137217843307951,-0.7484852133192041,4.69530921486471,-0.8717538138034243,4.771662683251298,-0.6252166128349842,4.618955746478122,-0.6352714498494354,4.878086794893036,1.0162288561373984,"(0.40939869694464, 0.7004522096930219, -0.032554565587435226)",-0.800138526318696,4.453064853263121,2.5870251829322948,0.724448831539972,0.054717341308153644,False,,
7,97,-0.5189758942249658,5.062882787927953,-0.3962838920144429,4.985606189959532,-0.6416678964354886,5.140159385896375,-0.7481409778554571,4.6990375399932995,-0.87083298006598,4.77631413796172,-0.6254489756449343,4.621760942024878,-0.6335584360402114,4.880960163960626,1.0087225706811942,"(0.4111233142137398, 0.6896085762216193, 0.023550183653340287)",-0.8001245221543944,4.455874889481474,2.579518897476091,0.719785635067196,0.0539256353217385,False,,
7,98,-0.5158931941079002,5.064896048801367,-0.39378479233501074,4.986700536037074,-0.6380015958807899,5.143091561565658,-0.7477833354089046,4.70278147802659,-0.8698917371817941,4.780976990790882,-0.6256749336360151,4.624585965262298,-0.6318382647584024,4.883838763413978,1.0012151445089603,"(0.4128411076341529, 0.690863868804444, -0.017320028021834213)",-0.8001120689080093,4.4587036644378255,2.572011471303857,0.7151497977940883,0.05314361225100845,False,,
7,99,-0.5127448688617906,5.066873404077816,-0.391216089496355,4.98778006816418,-0.6342736482272263,5.145966739991452,-0.7472975201918834,4.7064777135458336,-0.868826299557319,4.78557104945947,-0.625768740826448,4.627384377632198,-0.630021194526837,4.886675558811825,0.993845012568625,"(0.4360968555757038, 0.6808308954831621, 0.03199367620575361)",-0.8000986310037481,4.4614875609761055,2.5646413393635217,0.7104541288662279,0.05221330180296898,False,,
7,100,-0.5096029664312232,5.068864874077517,-0.38866034919546955,4.988878104320475,-0.6305455836669768,5.148851643834559,-0.7468051112279672,4.710207457447351,-0.8677477284637208,4.790194227204393,-0.6258624939922136,4.630220687690309,-0.6282040388295952,4.889536165762434,0.9864756501400762,"(0.43611736733803674, 0.6865456681461956, -0.019091736136936252)",-0.8000887884958349,4.464308993480574,2.557271976934973,0.7057952443983593,0.05130136761602774,False,,
7,101,-0.5064612400698107,5.070851206947619,-0.3861111730072615,4.9899756150917325,-0.6268113071323601,5.151726798803505,-0.7462992021251975,4.713951008072472,-0.8666492691877468,4.794826599928359,-0.6259491350626483,4.633075416216586,-0.6263802210975041,4.892401107510046,0.9791085135741289,"(0.43771625570184747, 0.6875860194268725, -0.05999420797972811)",-0.8000799084606451,4.4671476869726625,2.5499048403690256,0.701164347584712,0.05039808000470067,False,,
7,102,-0.5032563400007307,5.072745094392145,-0.38352729895349175,4.99095293871748,-0.6229853810479696,5.154537250066809,-0.7458123878635291,4.717686558872746,-0.8655414289107681,4.799478714547411,-0.6260833468162903,4.6358944031980815,-0.6245343639321299,4.8952158266324455,0.971473035643726,"(0.44300571968982205, 0.6755325893758694, 0.022648401310687155)",-0.8000721210908699,4.469957676021194,2.5422693624386223,0.6964664788522331,0.045162980566881956,False,,
7,103,-0.5000512789822711,5.074633466105793,-0.38095016667302195,4.991929626734819,-0.6191523912915203,5.157337305476765,-0.7453109405651548,4.72143706408526,-0.8644120528744039,4.804140903456233,-0.6262098282559057,4.638733224714287,-0.6226811097737129,4.898035265095526,0.9638384949019052,"(0.44478099802007515, 0.6766652311394289, -0.01823873778967364)",-0.8000649078370837,4.472786237312544,2.5346348216968018,0.6917981396619445,0.03871859138934755,False,,
7,104,-0.49681731205102403,5.076463494521718,-0.37835071456194685,4.992853296104534,-0.6152839095401013,5.160073692938903,-0.7447647970123298,4.7251487571403175,-0.863231394501407,4.808758955557502,-0.6262981995232526,4.641538558723132,-0.6207910545316769,4.900806125831018,0.9562082100493795,"(0.45361325808864233, 0.665006576518116, 0.05139742798950504)",-0.8000584115338464,4.475576324025317,2.527004536844276,0.6871187150487542,0.03224448853566205,False,,
7,105,-0.4935833589677995,5.078288054029031,-0.37575807912113696,4.9937764960676745,-0.6114086388144621,5.162799611990387,-0.744203841198028,4.7288751551734105,-0.8620291210446905,4.813386713134767,-0.6263785613513656,4.644363597212054,-0.6188936000829137,4.903581604601221,0.948579042407891,"(0.4553890677031811, 0.6661149048486043, 0.010502428117210295)",-0.8000525692517754,4.478384822053598,2.5193753692027876,0.6824690349489846,0.025780888908681885,False,,
7,106,-0.49037709886539804,5.080094410018715,-0.3731770861920529,4.994717849831696,-0.6075771115387434,5.165470970205734,-0.743562760109662,4.7325357517460365,-0.8607627727830072,4.817912311933055,-0.6263627474363168,4.647159191559017,-0.61696992948753,4.906315080882376,0.9412181468149181,"(0.4616809428920862, 0.656034307477206, 0.012495953508807157)",-0.8000473612733742,4.4811507431253235,2.5120144736098147,0.6778893600751222,0.019432692090009758,False,,
7,107,-0.4871368832409328,5.0818960243138935,-0.370578753865052,4.995645212860346,-0.6036950126168136,5.168146835767441,-0.7429151516893846,4.736240882026799,-0.8594732810652654,4.822491693480346,-0.626357022313504,4.649990070573251,-0.6150260174651587,4.909068453170346,0.9337382174938513,"(0.4665388853691157, 0.6608093491129379, -0.038467611313324136)",-0.8000425322532965,4.483953049061788,2.504534544288748,0.6732892676782706,0.01301708025234341,False,,
7,108,-0.4838969796992866,5.083692254107985,-0.36798708867266616,4.996572238255157,-0.599806870725907,5.170812269960813,-0.7422528887800864,4.739959473822145,-0.8581627798067069,4.827079489674973,-0.626342997753466,4.652839457969318,-0.6130749342396865,4.911825863965065,0.9262601966699867,"(0.46825997411333886, 0.6617785907325231, -0.07935454890034643)",-0.8000382778681635,4.486772559437786,2.497056523464883,0.6687181743983301,0.006612492730950532,False,,
7,109,-0.4806123745953935,5.085380153581118,-0.36536876726881606,4.997380659432813,-0.595855981921971,5.173379647729424,-0.7415763917248507,4.743623249095405,-0.8568199990514281,4.83162274324371,-0.6263327843982733,4.6556237549471,-0.6110943831601221,4.914501701338262,0.9186507591490596,"(0.4753322590954588, 0.6422009695671664, 0.032199662608923915)",-0.8000378892737045,4.489528185384523,2.489447085943956,0.6641133598055903,0.00012314393736979472,False,,
7,110,-0.47732779020006755,5.087062501740091,-0.36275706671101166,4.998188718658721,-0.5918985136891235,5.17593628482146,-0.7408845262344731,4.747301045875993,-0.8554552497235289,4.836174828957363,-0.6263138027454171,4.658427262794624,-0.6091061582172703,4.917181773808042,0.9110421412516138,"(0.47717398628441443, 0.6432173927472745, -0.008689849797465494)",-0.8000340990854949,4.492301647472473,2.48183846804651,0.6595381242747694,0.006355293801922002,False,,
7,111,-0.4740395167616649,5.08871974802571,-0.360106393351439,4.9990300418717135,-0.5879726401718908,5.1784094541797066,-0.7400158867355855,4.750849106188488,-0.8539490101458114,4.840538812342484,-0.6260827633253597,4.661159400034491,-0.6070277017486252,4.919784427107099,0.9039007332093183,"(0.49882955247482136, 0.6246367917735975, 0.059151606497662323)",-0.8000536313900635,4.49497493108121,2.474697060004215,0.6549802636616682,0.012716559083107324,False,,
7,112,-0.470751777959327,5.090372278755977,-0.35746204012902855,4.999871254991921,-0.5840415157896254,5.180873302520033,-0.739134124294114,4.754409607948885,-0.8524238621244125,4.844910631712941,-0.6258443864638157,4.663908584184829,-0.6049429511267205,4.922390943352431,0.8967596017420514,"(0.5003401492571421, 0.6255638988796018, 0.018138372235313338)",-0.8000482674907712,4.4976641573536345,2.4675559285369477,0.6504491803726896,0.01906741090816281,False,,
7,113,-0.46747541740600573,5.092018088877667,-0.3548155906993488,5.00073411741265,-0.5801352441126626,5.183302060342684,-0.7381796086470905,4.757923430368271,-0.8508394353537475,4.849207401833288,-0.6255197819404339,4.666639458903254,-0.6028275130265481,4.924970759622969,0.8898293421603367,"(0.5077051440413599, 0.619155904929256, 0.018389352202773886)",-0.8000435027409815,4.500323351077375,2.4606256689552333,0.6459555667620106,0.025342681537027498,False,,
7,114,-0.46417126697965333,5.093654944651169,-0.352157027103212,5.001579920540919,-0.5761855068560947,5.185729968761418,-0.7372213384790143,4.761474785017583,-0.8492355783554557,4.853549809127833,-0.6252070986025732,4.669399760907334,-0.6006963027293338,4.927564864834376,0.8827875915169943,"(0.5114904713314319, 0.6225852507376377, -0.03179421354941343)",-0.800039090248668,4.503013451425993,2.4535839183118906,0.6414499943691335,0.031674248541522676,False,,
7,115,-0.4608675460138944,5.095286895840346,-0.34950428271696216,5.002425582109287,-0.5722308093108266,5.188148209571405,-0.7362493729404826,4.76503721847703,-0.847612636237415,4.857898532208089,-0.6248861096435505,4.672175904745971,-0.5985584594771886,4.930162057158688,0.8757476133439422,"(0.5130823805148701, 0.6233261578348641, -0.07271219930622679)",-0.8000351800782108,4.505718195240463,2.446543940138839,0.636970261602005,0.03647061942824127,False,,
7,116,-0.4575170240732703,5.096784472296409,-0.34685642791728305,5.003086913852224,-0.5681776202292576,5.190482030740594,-0.7353787491146471,4.768618566454516,-0.8460393452706343,4.862316124898701,-0.6247181529586597,4.6749210080103305,-0.5964478865939586,4.932701519375462,0.8682147224120437,"(0.5065374919751655, 0.6094709320259454, 0.036337401402489033)",-0.8000397637909916,4.508413510139467,2.43901104920694,0.6324657925484285,0.03547325661272734,False,,
7,117,-0.45416664914736593,5.098276529654749,-0.34421494136422176,5.003748110882561,-0.5641183569305102,5.192804948426936,-0.7344923048166119,4.772212844504734,-0.8444440125997561,4.866741263276922,-0.6245405970334679,4.677684425732547,-0.5943294769819889,4.9352446870797415,0.8606824462432876,"(0.5084183068727305, 0.6103602490269924, -0.004578126396252132)",-0.8000357860498598,4.511125700451727,2.431478773038184,0.6279904184242292,0.03448240729027384,False,,
7,118,-0.4508218026942268,5.099756094530579,-0.34153962029406426,5.00445444391603,-0.5601039850943894,5.195057745145128,-0.7334404907235794,4.775677898447339,-0.8427226731237419,4.870979549061888,-0.6241583083234169,4.68037624783279,-0.5921311467089031,4.937716996488959,0.8536285310340598,"(0.5275992655406008, 0.5933542582122365, 0.06281544628773433)",-0.8000324692611324,4.513738737569635,2.4244248578289564,0.623532370716824,0.0332671977367999,False,,
7,119,-0.44747758735015275,5.101231064710167,-0.33887020256259537,5.00516111118875,-0.5560849721377102,5.1973010182315855,-0.7323746908964271,4.779153992581549,-0.8409820756839845,4.875223946102968,-0.6237673061088698,4.683084039060131,-0.58992613912329,4.940192528645858,0.8465763372774943,"(0.5292018205471493, 0.5941277176558142, 0.021871676400614635)",-0.8000292211656436,4.516366512215856,2.4173726640723907,0.6191004633184662,0.03205745715474391,False,,
7,120,-0.4441189107876925,5.102724315495876,-0.3361803430781758,5.005903524336032,-0.5520574784972092,5.1995451066557195,-0.7312426362961945,4.782630631943516,-0.8391812040057112,4.87945142310336,-0.6233040685866778,4.685809840783673,-0.5876807735419435,4.942677473719696,0.8396416924981568,"(0.5388877395231573, 0.5963868177210054, -0.010695981370611268)",-0.8000263457877301,4.519002289529479,2.4104380192930535,0.6146678127363394,0.030773726241668103,False,,
7,121,-0.4407051637066013,5.104171776219149,-0.3334778921042594,5.0065638245721775,-0.5479324353089432,5.201779727866121,-0.7301632272114142,4.786187453536342,-0.8373904988137562,4.883795405183314,-0.6229359556090723,4.68857950188937,-0.5854341954590078,4.945179614877746,0.8323249457698008,"(0.5391787399045744, 0.6005138779318662, -0.03124628519931297)",-0.8000080254614623,4.521694766294406,2.4031212725646975,0.6102012627798084,0.029608429430715365,False,,
7,122,-0.43729221719435263,5.105614117170706,-0.3307817339696647,5.007224499002714,-0.5438027004190407,5.204003735338699,-0.7290683262442629,4.789755442780253,-0.8355788094689509,4.888145060948245,-0.622557843019575,4.69136582461226,-0.5831802717193078,4.9476847799754795,0.8250107205702506,"(0.540941697527994, 0.601239623456194, -0.07224538393063809)",-0.8000072216767835,4.524402493358422,2.395807047365147,0.6057628999879645,0.028448278779220928,False,,
7,123,-0.4338547152956731,5.106923171344894,-0.32809740750955396,5.007724422109674,-0.5396120230817922,5.206121920580114,-0.7280303164759807,4.7932980517032995,-0.8337876242620998,4.8924968009385195,-0.6222730086898618,4.6940993024680795,-0.5809425158858269,4.950110611524097,0.8173870755086874,"(0.5370614000353959, 0.5821995716681804, 0.041773109075188525)",-0.800010519491245,4.5270708246877085,2.388183402303584,0.6013351373527498,0.02741391115013755,False,,
7,124,-0.43041768004256475,5.108226666109153,-0.32541961994271124,5.008224629253559,-0.5354157401424183,5.208228702964747,-0.7269754445108774,4.796853108571656,-0.8319735046107308,4.89685514542725,-0.6219773844110237,4.696851071716062,-0.5786965622767211,4.9525398873404045,0.8097641737662661,"(0.5390288661853917, 0.5830261959138496, 0.0008508408125902553)",-0.8000094661708607,4.5297558881774584,2.3805605005611628,0.5969374629059276,0.026385125025756805,False,,
7,125,-0.42701886030994174,5.109480824841244,-0.3227675013684626,5.008700597818009,-0.531270219251421,5.210261051864479,-0.7258843611374673,4.8003216224630645,-0.8301357200789465,4.9011018494863,-0.6216330021959882,4.699541395439829,-0.5764516107237045,4.954901223652154,0.8023262885514991,"(0.5387883727239561, 0.5667207148198818, 0.05699357262094078)",-0.8000005870173059,4.532373498597287,2.3731226153463956,0.5926109742125494,0.025322269082958423,False,,
7,126,-0.42362088361797523,5.110730247633819,-0.32012178499400373,5.009177618007474,-0.5271199822419468,5.212282877260162,-0.7247769576823059,4.8038018861972125,-0.8282760563062774,4.905354515823557,-0.6212778590583344,4.702249256570869,-0.5741989206501406,4.9572660669155155,0.7948904537215176,"(0.5406456176553618, 0.5675623832066882, 0.01612764576228809)",-0.8000005269439137,4.535007118111022,2.3656867805164143,0.5883135375952631,0.02426419289601197,False,,
7,127,-0.42021194161034997,5.11195976564609,-0.31746453339715713,5.009646667239916,-0.5229593498235429,5.214272864052264,-0.7236231989527979,4.807260555082828,-0.8263706071659909,4.909573653489002,-0.6208757907396053,4.7049474566766545,-0.571917570281574,4.959610160364459,0.7875161195303884,"(0.5475240884559708, 0.5625824277464098, -0.01450776551906166)",-0.8000004780030282,4.5376248617322315,2.358312446325285,0.5840240062198171,0.02316397299159956,False,,
7,128,-0.4165819573264278,5.113165009444103,-0.3146661911745473,5.010023472662478,-0.5184977234783082,5.216306546225727,-0.7224499629546937,4.810932047752319,-0.8243657291065741,4.914073584533943,-0.6205341968028133,4.707790510970694,-0.5695159601405607,4.962048528598211,0.7794205365954794,"(0.5763864338431864, 0.5852083761004122, -0.022136171361001815)",-0.8000003241684084,4.540394494972847,2.3502168633903757,0.5795054832924545,0.021949111782500978,False,,
7,129,-0.4129531480879321,5.114364048109243,-0.3118755400018557,5.010400991480469,-0.5140307561740085,5.218327104738016,-0.7212573849870532,4.814616658612602,-0.8223349930731295,4.918579715241376,-0.6201797769009768,4.710653601983829,-0.5671052665374926,4.964490353360922,0.7713265250031585,"(0.5785664647363522, 0.5860379430508005, -0.06297719362307203)",-0.8000002906237972,4.543182342887743,2.342122851798055,0.5750215598943671,0.013909185566162954,False,,
7,130,-0.4093380295179181,5.115478401012193,-0.3090875866379292,5.010717488920106,-0.509588472397907,5.220239313104281,-0.7200083205496257,4.818183984195675,-0.8202587634296146,4.9229448962877616,-0.6197578776696366,4.713423072103587,-0.5646731750337719,4.966831192603934,0.7634006420203047,"(0.5837019608929803, 0.5618014183227421, 0.04576720201077769)",-0.7999999769647672,4.545868365151864,2.3341969688152013,0.570575528252915,0.005953789860603703,False,,
7,131,-0.4057240988419607,5.1165871045587945,-0.30630700540808714,5.011035024839064,-0.5051411922758343,5.222139184278526,-0.7187406111142663,4.821763999892825,-0.8181577045481399,4.927316079612556,-0.6193235176803927,4.716211920173094,-0.5622323549781135,4.96917555222581,0.7554758335949534,"(0.5857968133580029, 0.5626463092503883, 0.0048942473589352435)",-0.7999999781335176,4.548572027467752,2.32627216038985,0.5661626921918422,0.00199464777269533,False,,
7,132,-0.4021533038550503,5.117668103239836,-0.30355469997416856,5.011351052336696,-0.5007519077359321,5.223985154142977,-0.7174383513609152,4.825272243455153,-0.816036955241797,4.931589294358293,-0.6188397474800333,4.718955192552012,-0.5597958276079827,4.971470173347495,0.7477495029222767,"(0.5847665688313947, 0.5507090692044231, 0.03498525132835338)",-0.799997856374639,4.551223963012906,2.3185458297171735,0.5618237613846785,0.009806134964671111,False,,
7,133,-0.39856869056132194,5.118734364224649,-0.300798965831496,5.011654576560243,-0.49633841529114786,5.225814151889054,-0.7161156470833505,4.828796559853441,-0.8138853718131764,4.935876347517846,-0.6183459223535247,4.721716772189036,-0.5573421688223362,4.973765462039045,0.7399811124607317,"(0.5888781085551734, 0.5508692859719514, -0.008002083838650215)",-0.799998069246346,4.553892830550922,2.310777439255628,0.5574993602046745,0.016630228635826146,False,,
7,134,-0.39498561068970117,5.119795493398463,-0.2980504590585109,5.011959616352658,-0.4919207623208914,5.22763137044427,-0.7147747633082977,4.832332629940451,-0.811709914939488,4.940168506986256,-0.6178396116771077,4.7244967528946455,-0.5548801869989994,4.976064061669457,0.7322146343423273,"(0.5908756376008208, 0.5516639112989559, -0.04887624856262458)",-0.7999982611265967,4.556578400253157,2.3030109611372236,0.5532071716657543,0.015508984921349889,False,,
7,135,-0.3912588689658054,5.120769170959684,-0.29521602742310116,5.012137809979518,-0.48730171050850973,5.229400531939849,-0.7134070429069854,4.8359524684537325,-0.8094498844496897,4.944583829433898,-0.6173642013642812,4.727321107473568,-0.5523329559363954,4.978360819706708,0.7239703841491039,"(0.6113354550249595, 0.5512219289402414, 0.026726173248863075)",-0.8000058101034412,4.559312288619017,2.2947667109440006,0.5487925115454532,0.014430485444793287,False,,
7,136,-0.3875340705416459,5.121736770314831,-0.2923898564065601,5.012317491772991,-0.4826782846767318,5.231156048856672,-0.7120188275967598,4.83958496287975,-0.8071630417318456,4.94900424142159,-0.616874613461674,4.7301656843379085,-0.5497764490692029,4.98066086659729,0.7157280573010203,"(0.6135616481262184, 0.5520112537396692, -0.014042845752686496)",-0.8000052279776354,4.562064456208338,2.286524384095917,0.5444143339521159,0.013356736076455386,False,,
7,137,-0.3838074125074731,5.122647729297363,-0.2895520030617901,5.012461896314049,-0.4780628219531562,5.232833562280676,-0.7105653999752302,4.843131687492923,-0.8048208094209132,4.9533175204762365,-0.6163099905295472,4.73294585450961,-0.5471864062413516,4.982889708395143,0.7076335295348041,"(0.6216102786843032, 0.5349220314845041, 0.035764270861676085)",-0.8000046464867198,4.564742841305761,2.2784298563297005,0.5400505407549636,0.012207776855166483,False,,
7,138,-0.3800820367326176,5.123552882398456,-0.28672160112836104,5.0126077199812356,-0.47344247233687425,5.234498044815677,-0.7090918287285131,4.846690900951351,-0.8024522643327696,4.957636063368571,-0.6157313931242565,4.7357457385341295,-0.5445869327305654,4.985121891674903,0.6995390608854737,"(0.6238736425886948, 0.5357239871425934, -0.005080681325954616)",-0.8000041807483708,4.567439067829868,2.2703353876803702,0.5357211603313123,0.011062929631168632,False,,
7,139,-0.37636345082920714,5.124426881939286,-0.2839107589079231,5.012724152534369,-0.46881614275049116,5.236129611344203,-0.7076198207886166,4.8502568300347875,-0.8000725127099007,4.9619595594397055,-0.6151671288673326,4.73855410062987,-0.5419916358089119,4.987341855987037,0.6913850321541078,"(0.6228712611968403, 0.5327914349120428, 0.012753895632500241)",-0.8000037402286484,4.570145822484277,2.2621813589490043,0.5314411965412787,0.009960107562454433,False,,
7,140,-0.3726216025862106,5.125299845437485,-0.2810925925049636,5.01283900641542,-0.46415061266745766,5.237760684459551,-0.7061261596861297,4.853868987955167,-0.7976551697673766,4.9663298269772325,-0.6145971496048827,4.741408148933101,-0.5393738811361701,4.989584416696326,0.683143937324927,"(0.628261121458025, 0.5382145702295437, -0.03991604176323535)",-0.8000033535075576,4.57289727290257,2.2539402641198234,0.5271722768907411,0.008870605353410152,False,,
7,141,-0.36888190814325145,5.126166943936247,-0.27828254919197326,5.012955830711363,-0.45948126709452963,5.23937805716113,-0.7046114163273893,4.857492982908318,-0.7952107752786676,4.970704096133202,-0.6140120573761112,4.744281869683435,-0.5367466622353204,4.9918299634222825,0.6749050236096567,"(0.6305325362039365, 0.5389312142294556, -0.08074986436242146)",-0.8000030169641331,4.575666386477837,2.2457013504045533,0.522939717247794,0.007784602406256639,False,,
7,142,-0.36513291838246253,5.126907051645441,-0.2754494154444851,5.012969045252605,-0.45481642132043987,5.240845058038276,-0.7030180407888018,4.860949077415576,-0.7927015437267793,4.974887083808412,-0.6133345378508245,4.747011071022741,-0.5340754795856322,4.993928064530508,0.666841148636603,"(0.6410838359251694, 0.5035442659742139, 0.03091768360356459)",-0.800000628538989,4.578280104351808,2.2376374754315,0.5187040221232885,0.006597406847150048,False,,
7,143,-0.36138560173445844,5.127641401198367,-0.27262365629697666,5.012984011370439,-0.4501475471719403,5.242298791026295,-0.7014040681207284,4.8644163216251455,-0.7901660135582103,4.979073711453073,-0.6126421226832466,4.749758931797217,-0.5313948349275934,4.996028861411756,0.6587784096369561,"(0.6433547179293028, 0.5041912514994452, -0.009974609121833572)",-0.8000005643679624,4.580910556790914,2.2295747364318528,0.5145025668177736,0.005412956228619763,False,,
7,144,-0.35762242504155883,5.1283428324304,-0.2697808467558765,5.012978812370937,-0.4454640033272412,5.243706852489864,-0.6997364155627269,4.8678471175142395,-0.7875779938484093,4.9832111375737025,-0.6118948372770446,4.752483097454776,-0.5286794203021429,4.99809497497232,0.6507760046376283,"(0.6516995101081227, 0.49586725453529884, 0.058546426790220325)",-0.8000154134666769,4.583510443159112,2.221572331432525,0.5103020578758506,0.004175966636152594,False,,
7,145,-0.35386144951478893,5.129039116029473,-0.2669457868598196,5.012975910898615,-0.44077711216975823,5.2451023211603305,-0.6980488854200912,4.8712892198802535,-0.7849645480750606,4.987352425011111,-0.611133222765122,4.755226014749396,-0.5259551674674401,5.000164167954863,0.6427742607669451,"(0.6538206803286581, 0.4966063158104221, 0.017522108865992977)",-0.8000138712742594,4.586127270488899,2.2135705875618417,0.506135967355404,0.0029421713966339583,False,,
7,146,-0.35012183156234267,5.129725882041836,-0.26412478535521555,5.012980398002198,-0.4361188777694699,5.246471366081472,-0.6963325773350606,4.874700158806906,-0.7823296235421877,4.991445642846544,-0.6103355311279335,4.757954674767269,-0.5232272044487016,5.002213020424371,0.6348827023913192,"(0.6547111244972391, 0.49172459268187013, 0.023996731065197858)",-0.8000125200385803,4.588725442243704,2.2056790291862156,0.5020148869630922,0.0014606918727087552,False,,
7,147,-0.34634932591097467,5.130395728877031,-0.26129194989259835,5.012963864441229,-0.43140670192935104,5.247827593312833,-0.6945955445826628,4.878156613788053,-0.7796529206010392,4.995588478223855,-0.6095381685642864,4.760724749352251,-0.5204724352468187,5.004276171332542,0.6268574586893901,"(0.661144608451896, 0.49515621796110154, -0.029050415457339406)",-0.8000112548605569,4.5913649956525795,2.197653785484287,0.4978982447505384,0.00044443582313651665,False,,
7,148,-0.34257916219605045,5.131060099740572,-0.25846668051083477,5.012949598832506,-0.4266916438812662,5.249170600648639,-0.6928378890268668,4.881623085087864,-0.7769503707120825,4.99973358599593,-0.6087254073416511,4.763512584179797,-0.5177085256114586,5.006341592414218,0.6188343647274848,"(0.6633383124864222, 0.4957010596022435, -0.06990327077338751)",-0.8000101281833129,4.594020404376437,2.1896306915223813,0.4938159291711256,0.0007917627246762762,False,,
7,149,-0.3388044275060463,5.131580412723078,-0.25564006198625905,5.012800413111649,-0.42196879302583357,5.2503604123345085,-0.6910485642847686,4.884955052905779,-0.7742129298045557,5.003735052517208,-0.6078841987649815,4.766175053294349,-0.5149264958954074,5.008267732814429,0.6108297288230304,"(0.6676871318522943, 0.4622736960505135, 0.034897697427593036)",-0.8000059465126268,4.596548086920217,2.1816260556179268,0.48975542330328964,0.002044474218496036,False,,
7,150,-0.3350315563746016,5.132095031265421,-0.2528205028570739,5.012653235065187,-0.41724260989212925,5.251536827465655,-0.6892382623477089,4.888296734627235,-0.7714493158652366,5.007738530827469,-0.6070272088301814,4.768854938427001,-0.5121349093611552,5.010195882946328,0.6028262049624589,"(0.669980768220504, 0.4627560316557624, -0.006012244389102796)",-0.800005350434254,4.599091256094014,2.1736225317573554,0.48572839980261073,0.003296005048319861,False,,
7,151,-0.3312548384781361,5.132583179677566,-0.25000245782718417,5.012487173755001,-0.41250721912908805,5.2526791856001305,-0.6874016146622949,4.891627843954053,-0.7686539953132467,5.011723849876618,-0.606149234011343,4.771531838031488,-0.5093282265702155,5.012105511815809,0.5948218921597342,"(0.6736038698255513, 0.4583109286754189, 0.06173550106498411)",-0.8000048557891021,4.601629016257989,2.1656182189546307,0.48172700815223424,0.004553722394968156,False,,
7,152,-0.32748055847778035,5.133066229567331,-0.2471918193350804,5.012323865970806,-0.40776929762048036,5.253808593163855,-0.6855441194881652,4.8949685893510475,-0.7658328586308651,5.015710952947573,-0.6052553803454652,4.774226225754523,-0.5065123389829728,5.014017409459189,0.5868195429681957,"(0.6758130209382511, 0.4588554344111262, 0.020857508542827627)",-0.8000043690081128,4.604182350353048,2.1576158697630925,0.4777595829018396,0.005810403848416611,False,,
7,153,-0.32368947970185735,5.133557135742369,-0.2443766738276716,5.012171474215302,-0.4030022855760431,5.254942797269436,-0.6836607518166083,4.898353642460301,-0.7629735576907941,5.019739303987368,-0.6043479459424228,4.776967980933234,-0.5036751157592328,5.015955389101335,0.5787582870849175,"(0.680933573697579, 0.4651151141150849, -0.012647321299192596)",-0.8000040435847148,4.6067811950031015,2.149554613879814,0.4738095830334379,0.007062492100143969,False,,
7,154,-0.31987522423307413,5.133986565674298,-0.24154503001972727,5.011964515722253,-0.398205418446421,5.256008615626342,-0.6817337171943109,4.901697024214028,-0.7600639114076577,5.023719074166072,-0.603403522980964,4.779674974261983,-0.5008044707136925,5.017841794944163,0.5706845385812265,"(0.6889548109296764, 0.4527374022785775, -0.03051744056075199)",-0.8000024004276559,4.60934107893331,2.1414808653761233,0.4698601845177957,0.008342956599460213,False,,
7,155,-0.31606367155997606,5.134410575517432,-0.2387209231043395,5.0117602625894655,-0.39340642001561266,5.257060888445398,-0.6797852892084286,4.905049321476579,-0.7571280376640652,5.027699634404545,-0.602442540752792,4.782399008548612,-0.49792448038420234,5.019729948497005,0.5626130066345494,"(0.6911976790776317, 0.4531568526822515, -0.07139933038860721)",-0.8000021591980384,4.611916056075285,2.133409333429446,0.46594531978063997,0.009622964435287205,False,,
7,156,-0.31226297312565426,5.134702808409104,-0.23590341780729795,5.011437978422676,-0.38862252844401063,5.257967638395532,-0.6778069517060945,4.908257230568461,-0.7541665070244508,5.031522060554889,-0.6014473963877383,4.784992400582033,-0.49503496241587436,5.0214800194887825,0.5546168508308505,"(0.6934843123987153, 0.4200170380265834, 0.040693675171701374)",-0.799995643700954,4.614357423954601,2.125413177625747,0.46206260135578064,0.010928474614070946,False,,
7,157,-0.30846447178771674,5.134989529107473,-0.23309283950484505,5.0111181561151,-0.38383610407058844,5.258860902099846,-0.675807164109926,4.911473654061716,-0.7511787963927977,5.035345027054089,-0.6004355318270543,4.7876022810693435,-0.4921358179488214,5.023231591584595,0.5466219252689082,"(0.6957946720927091, 0.42037730299497306, -0.00022457694842351397)",-0.7999960779326912,4.61681334597054,2.1174182520638047,0.4582130893552009,0.01223422054545118,False,,
7,158,-0.3047117148378429,5.135226565323187,-0.23033013314234352,5.010758174538716,-0.3790932965333423,5.259694956107658,-0.6738248737159289,4.91464670236412,-0.7482064554114283,5.039115093148591,-0.5994432920204296,4.790178311579649,-0.4892682942768859,5.024936633843653,0.5386486121980592,"(0.6882056812645183, 0.4092101421740086, 0.059225182843575266)",-0.7999939140611357,4.61923864140108,2.1094449389929557,0.4544542610906227,0.013489230293974091,False,,
7,159,-0.3009615179428997,5.135458886874661,-0.22757446190139852,5.0104015400070665,-0.3743485739844009,5.260516233742254,-0.6718212362399006,4.917828306889518,-0.7452082922814018,5.0428856537571125,-0.5984341801983994,4.792770960021925,-0.4863913770914002,5.0266435968820895,0.5306773271737364,"(0.6904601245165713, 0.40967112922468585, 0.018379988014573672)",-0.7999945213742192,4.621678606312863,2.101473653968633,0.45072861558877886,0.014744867076848085,False,,
7,160,-0.2972101250630747,5.135674999378812,-0.22482050276684717,5.010037653880709,-0.36959974735930223,5.261312344876914,-0.6697898392988262,4.921002326362413,-0.7421794615950538,5.0466396718605155,-0.5974002170025987,4.795364980864311,-0.48349998218095047,5.028338662870612,0.5227200108634206,"(0.693934778507927, 0.40681583724549647, -0.015390146032348735)",-0.7999950706547561,4.624117107839237,2.093516337658317,0.44702828724993265,0.016012753130392986,False,,
7,161,-0.2933608607990561,5.13582107772686,-0.22202506721024473,5.009582396836039,-0.3646966543878676,5.2620597586176805,-0.6677238455097662,4.924273551911764,-0.7390596390985775,5.050512232802585,-0.5963880519209548,4.798034871020943,-0.48054235315441113,5.030047314819312,0.5143522231589845,"(0.7098309663694444, 0.4100764676878904, -0.027219951126152928)",-0.8000002657063917,4.626634055788099,2.085148549953881,0.4433043150590224,0.01721479932850024,False,,
7,162,-0.28951460810621354,5.135961159997876,-0.21923744521369642,5.009130089767515,-0.3597917709987307,5.262792230228237,-0.6656343336169375,4.9275530217648935,-0.7359114965094546,5.054384091995255,-0.5953571707244203,4.800721951534533,-0.4775744708615755,5.031757090881385,0.5059859564143924,"(0.712291750280549, 0.4103462548975425, -0.06798923608825562)",-0.8000002380432876,4.629166036883319,2.076782283209289,0.43961694326140177,0.018417763759186447,False,,
7,163,-0.28571130569983416,5.1360214282195225,-0.2164560700698991,5.008629464823702,-0.35496654132976924,5.263413391615344,-0.663494369563303,4.930643832903164,-0.7327496051932381,5.058035796298984,-0.5942391339333679,4.803251869507343,-0.4746028376315686,5.033332630561343,0.4979463878224151,"(0.7131919752016681, 0.3781295231899158, 0.045708739173637186)",-0.8000000590270527,4.63153137580116,2.068742714617312,0.4359525448576025,0.019729845803493993,False,,
7,164,-0.28191073615260387,5.136076487783805,-0.21368175548568646,5.0081319443395715,-0.3501397168195213,5.264021031228039,-0.6613324856768832,4.933742269254326,-0.7295614663438006,5.06168681269856,-0.5931035050099659,4.805797725810092,-0.4716216109147435,5.034909378519066,0.4899079803915951,"(0.7154944120380158, 0.3784195098532808, 0.004842315026025462)",-0.8000000519832381,4.633910713880482,2.0607043071864917,0.4323216839710541,0.021043254501589326,False,,
7,165,-0.2781663752822279,5.1361090071726165,-0.2109578260626928,5.007625502737979,-0.3453749245017631,5.264592511607253,-0.6591864229159783,4.936800895693994,-0.7263949721355134,5.065284400128632,-0.5919778736964432,4.808317391259358,-0.4686763990991031,5.0364549514333055,0.48194920934867014,"(0.706850835753704, 0.3709374994175172, 0.04340629292157496)",-0.7999989385247704,4.636265807058999,2.0527455361435667,0.42878240107931603,0.022322201827486225,False,,
7,166,-0.27440993979539346,5.136122160659844,-0.2082313995733911,5.007105104368496,-0.3405884800173959,5.265139216951192,-0.6570122446593905,4.939868558622181,-0.7231907848813928,5.068885614913529,-0.5908337044373879,4.810851502330833,-0.46571109222739193,5.0379953596410125,0.4739491995527446,"(0.7116736492106811, 0.3696979698495924, -0.00011454951558801264)",-0.7999990415031063,4.638633313035111,2.0447455263476413,0.4252644741181687,0.023602478451499986,False,,
7,167,-0.2706565871189164,5.136130709335514,-0.20551199394615244,5.006588507793488,-0.3358011802916804,5.265672910877541,-0.6548162192780301,4.942943295099042,-0.7199608124507941,5.072485496641068,-0.5896716261052661,4.813401093557015,-0.46273640319847326,5.039537002217278,0.465951485244134,"(0.7139253669404806, 0.3699942183036351, -0.04097684524830271)",-0.7999991361271152,4.641014356236743,2.0367478120390308,0.42177967352752366,0.024884884957137025,False,,
7,168,-0.266795788406911,5.136040510433347,-0.20274828269353512,5.005952397940717,-0.33084329412028685,5.266128622925976,-0.6525743289022956,4.94610652797299,-0.7166218346156714,5.07619464046562,-0.5885268231889198,4.816018415480361,-0.4596850586546033,5.041073519203168,0.4575003848103486,"(0.7323226905287965, 0.3687640766136621, 0.02022402289540344)",-0.8000115796800844,4.64346524325929,2.028296711605245,0.4182779649729904,0.026097110682833043,False,,
7,169,-0.2629386578986481,5.135944697416498,-0.19999258462063185,5.005320075469184,-0.32588473117666455,5.2665693193638115,-0.6503082264320609,4.9492770318334145,-0.7132542997100771,5.079901653780729,-0.5873621531540446,4.818652409886101,-0.4566234421653545,5.042610864624956,0.4490510400939752,"(0.7347879574197123, 0.36896290122910075, -0.020481233603271885)",-0.800010420639774,4.645930620888212,2.0198473668888717,0.4148134478376193,0.027311573685021018,False,,
7,170,-0.2591011747967922,5.135792631877307,-0.19721551166511359,5.004662297100214,-0.3209868379284709,5.2669229666544,-0.6479704434461014,4.952269630866122,-0.70985610657778,5.083399965643215,-0.5860847803144229,4.821139296089029,-0.4535358091214468,5.044031131371715,0.44094877254907594,"(0.741031930537851, 0.3408640192219339, 0.033844182091297095)",-0.8000094087726046,4.6482363297978555,2.0117450993439725,0.4113252663687533,0.0286788582065615,False,,
7,171,-0.2552663714807999,5.135635289699206,-0.1944452160528356,5.00400783415741,-0.3160875269087642,5.267262745241002,-0.6456098603288837,4.955269104636967,-0.706431015756848,5.086896560178762,-0.5847887049009194,4.823641649095171,-0.4504381159048418,5.045452197168086,0.43284623919637155,"(0.7434463719852084, 0.34105579112912116, -0.006995225740666127)",-0.800008466818683,4.650555568493435,2.003642565991268,0.40787048135384696,0.03004878031826041,False,,
7,172,-0.2514517399370463,5.1354417610159535,-0.19172526491824454,5.0033139888337645,-0.31117821495584813,5.2675695331981425,-0.6432789264083655,4.958321869580886,-0.7030054014271672,5.090449641763075,-0.5835524513895638,4.826194097398697,-0.4473653331727059,5.04688181529842,0.4245455572861694,"(0.7374678557126155, 0.34310835128008743, 0.013904911977412067)",-0.800020478491766,4.652932560050848,1.995341884081066,0.40452286328006676,0.03129813238637991,False,,
7,173,-0.24761648290482682,5.135249058972279,-0.18899813907983304,5.002625947233732,-0.30623482672982066,5.267872170710824,-0.6409126073708592,4.961415349698158,-0.699530951195853,5.094038461436704,-0.5822942635458654,4.828792237959613,-0.444264545137843,5.048332204335218,0.4161744825129678,"(0.7441891283670917, 0.3480933688317074, -0.04117724486460207)",-0.8000184266111972,4.655352655470302,1.9869708093078644,0.40119455755816025,0.03254904536921326,False,,
7,174,-0.2437849670968916,5.135051168724317,-0.18627856373629575,5.001942139832478,-0.30129137045748744,5.268160197616155,-0.6385220872588971,4.964514938068756,-0.6960284906194929,5.097623966960596,-0.5810156838983013,4.831405909176918,-0.44115352717789436,5.049783053396537,0.40780564935661245,"(0.7466443103876752, 0.3482037747163857, -0.08200195606434552)",-0.8000165827506992,4.657786148194349,1.978601976151509,0.3979020751593964,0.033803651406501725,False,,
7,175,-0.2399776242960476,5.134738267255615,-0.18354357142456046,5.001171064408141,-0.2964116771675348,5.268305470103089,-0.6360734672230386,4.9673821104643086,-0.6925075200945258,5.100949313311783,-0.5796394143515514,4.833814907616835,-0.4380255457595431,5.051060188859962,0.3997633525064592,"(0.7507155404042986, 0.30651251122212453, 0.0300951513673052)",-0.8000051386261611,4.660004951775211,1.9705596793013558,0.39458997694237435,0.03519422475662301,False,,
7,176,-0.23617339307558874,5.134420289567128,-0.18081515384319824,5.000403628852538,-0.29153163230797924,5.268436950281718,-0.6336021110567854,4.970254476671073,-0.6889603502891759,5.104271137385663,-0.578243871824395,4.836237815956483,-0.43488775206618707,5.0523373831191005,0.39172245027658875,"(0.7530704864054507, 0.30652662219317245, -0.010807708540268548)",-0.8000046234305849,4.662235762495102,1.9625187770714854,0.39131035152330357,0.036588879491689666,False,,
7,177,-0.2323699469610902,5.134060941787458,-0.17813019162808758,4.999587714186512,-0.2866097022940929,5.2685341693884045,-0.6311526219156218,4.973212012179244,-0.6853923772486243,5.10768523978019,-0.5769128665826192,4.838738784578297,-0.431761284438356,5.053636476983351,0.3833908334968576,"(0.7503522306794569, 0.31178252741997825, 0.05763682131329208)",-0.8000017751578423,4.664552625010028,1.9541871602917542,0.3881376189652174,0.03784682702957386,False,,
7,178,-0.22857036542021214,5.133697046275505,-0.175452699181869,4.998776649250474,-0.2816880316585553,5.268617443300536,-0.6286791290116832,4.976175691223866,-0.6817967952500263,5.111096088248897,-0.5755614627733401,4.841255294198835,-0.4286247472159477,5.0549363687496855,0.3750604017194919,"(0.7527689333779887, 0.3119740239204201, 0.0166470300228085)",-0.8000015968801171,4.666882963764415,1.9458567285143884,0.38500025466113663,0.03601090590337292,False,,
7,179,-0.2248043523144236,5.133329243547204,-0.17280623468644019,4.997973431839149,-0.27680246994240715,5.268685055255259,-0.6262043456555517,4.979127929202149,-0.6782024632835352,5.114483740910204,-0.5742062280275683,4.843772117494095,-0.4255043489849877,5.056228586374677,0.3667759714135578,"(0.7488955754303966, 0.31013222999789775, 0.02897848188747841)",-0.8000014774321976,4.66921372708204,1.9375722982084542,0.38192782667394215,0.03318127241790761,False,,
7,180,-0.22100682253549034,5.132937990850185,-0.170144610201811,4.9971512633819835,-0.2718690348691697,5.268724718318387,-0.6236847039929164,4.982105223239963,-0.6745469163265958,5.117891950708165,-0.572822491659237,4.8463184957717615,-0.42234576326420337,5.057521607045074,0.3583973624900127,"(0.7580605729882293, 0.3103249608952879, -0.02506037111520612)",-0.8000013430376552,4.671570913642008,1.9291936892849093,0.3788665250279416,0.030320765510770717,False,,
7,181,-0.21721333167994583,5.132541878287006,-0.16749027805390632,4.996333883154186,-0.2669363853059854,5.268749873419824,-0.6211404896600292,4.9850873054649565,-0.6708635432860688,5.121295300597776,-0.5714174360339896,4.848879310332138,-0.4191769106699875,5.058814591875981,0.35002108197794735,"(0.7605246226117964, 0.3103163594177022, -0.06589088872598814)",-0.8000012075184728,4.673940429876191,1.920817408772844,0.37584036877642213,0.027450340073328285,False,,
7,182,-0.21344229175741772,5.13203052912058,-0.16480991658885924,4.99542931358622,-0.26207466692597625,5.2686317446549396,-0.6185355516179325,4.987810382068992,-0.667167926786491,5.124411597603352,-0.569903176449374,4.851209166534633,-0.4159889216876751,5.059920455594786,0.34202521817357484,"(0.7651173557549804, 0.2654072925131856, 0.03328408259364808)",-0.7999890488949416,4.676068023249041,1.9128215449684713,0.37276765343767615,0.02448429026910438,False,,
7,183,-0.20967461236499732,5.131514292759564,-0.16213582793853404,4.994528658566579,-0.2572133967914606,5.268499926952549,-0.615907872385573,4.990537207908672,-0.6634466568120363,5.127522842101658,-0.5683690879591097,4.853551573715688,-0.41279124237528514,5.061025750334118,0.3340307921343146,"(0.767443034973591, 0.26527073743972546, -0.007615261715452644)",-0.7999901426682077,4.678206348367386,1.9048271189292112,0.369726384494294,0.021508654861141167,False,,
7,184,-0.205923001831406,5.1309721164247435,-0.15951878639140754,4.993597996629935,-0.2523272172714045,5.268346236219551,-0.6133083226022154,4.9933596154647475,-0.6597125380422137,5.130733735259556,-0.566904107162217,4.85598549566994,-0.40961566221681067,5.0621658659447455,0.32576017297369453,"(0.7621392380338725, 0.2736277465506334, 0.059447577429944984)",-0.7999911523109472,4.68044458280331,1.896556499768591,0.36681521620163954,0.018622224365393198,False,,
7,185,-0.20217530361055677,5.1304254483540435,-0.15690856949870757,4.992672325765671,-0.24744203772240608,5.268178570942416,-0.6106845637002127,4.996186167884422,-0.655951297812062,5.133939290472794,-0.5654178295883635,4.858433045296049,-0.40642993365538477,5.063305808119233,0.31749145456306027,"(0.7645748547422144, 0.2735861218768135, 0.018589789251503865)",-0.7999920358738912,4.682694427209267,1.8882877813579568,0.36393770295560895,0.01572556053374459,False,,
7,186,-0.19842550713158197,5.129893987831915,-0.1542989947063828,4.991771394092916,-0.24255201955678118,5.268016581570914,-0.6080304402886154,4.9990360544330485,-0.6521569527138145,5.137158648172048,-0.5639039278634161,4.860913460694049,-0.40322797371009866,5.064465021132482,0.3092253033462712,"(0.7684703868686596, 0.27821112317977237, -0.009956535111858796)",-0.7999928021164987,4.684974243122889,1.8800216301411679,0.36108496048672406,0.01280981751114398,False,,
7,187,-0.19466094415366786,5.129302772952682,-0.15166379929989432,4.990824451420308,-0.23765808900744148,5.2677810944850565,-0.6053207942151914,5.001793998558734,-0.6483179390689648,5.140272320091108,-0.5623236493614179,4.8633156770263595,-0.3999908691844296,5.065548385755708,0.3010593050923644,"(0.776905086160576, 0.26000750957435187, -0.03269922990635587)",-0.7999909556509287,4.687169153838,1.871855631887261,0.3582094539198438,0.009829022509445253,False,,
7,188,-0.1909005525075548,5.128706954503868,-0.14903531416463217,4.989882238338157,-0.23276579085047747,5.267531670669579,-0.6025876418265604,5.004554868383477,-0.6444528801694831,5.143379584549188,-0.5607224034836378,4.865730152217766,-0.3967440971670576,5.0666309114436725,0.2928956713008126,"(0.7792252841692813, 0.25980616511152127, -0.07355969592611825)",-0.7999918589085194,4.689374464045085,1.8636919980957092,0.3553665987638315,0.006838146212516973,False,,
7,189,-0.18718338380460986,5.128005942911485,-0.1464153789446934,4.9888550543777,-0.22795138866452638,5.26715683144527,-0.5998377429047995,5.007107721602767,-0.640605747764716,5.146258610136552,-0.559069738044883,4.867956833068982,-0.3935105633547047,5.067556832257126,0.2850012534743304,"(0.7760481149647049, 0.222220995228826, 0.040095243647190526)",-0.7999779387933741,4.691387942894043,1.855797580269227,0.352529204770991,0.0038169564985229953,False,,
7,190,-0.18346973118113244,5.127300276738676,-0.14380129517051427,4.987831946339006,-0.22313816719175067,5.266768607138347,-0.5970654696077398,5.009662845810636,-0.6367339056183579,5.1491311762103065,-0.5573970335971217,4.870194515410966,-0.3902676003944361,5.068481561274656,0.27710830807712505,"(0.7783111104644711, 0.22193496420731126, -0.0008204455841100977)",-0.799980143527451,4.693410740019386,1.8479046348720216,0.3497216959947565,0.0007857346624301546,False,,
7,191,-0.17979542729358172,5.126584130570142,-0.1412490621362877,4.986801521733561,-0.21834179245087573,5.266366739406722,-0.5943231638434419,5.012274220103683,-0.6328695290007359,5.152056828940264,-0.5557767986861479,4.872491611267103,-0.3870592955685118,5.0694291753369125,0.2690720606957821,"(0.7699931582218258, 0.22742737494154486, 0.0598464139175854)",-0.7999821663521024,4.6954995341384,1.8398683874906787,0.34704011352528963,0.0021646505306706964,False,,
7,192,-0.17612495380317364,5.125864098923512,-0.13870288261701988,4.9857763100618895,-0.21354702498932748,5.265951887785134,-0.5915577069790188,5.0148883016128485,-0.6289797781651725,5.154976090474471,-0.5541356357928648,4.874800512751227,-0.3838413303910962,5.07037620026818,0.2610377138513323,"(0.7723116425797505, 0.22728598350425294, 0.018975489420993797)",-0.799983948501606,4.697598336024449,1.8318340406462288,0.34438931478166473,0.005125553560420403,False,,
7,193,-0.17246067388612848,5.125132047988252,-0.13616429918942083,4.984748383753854,-0.20875704858283617,5.26551571222265,-0.5887708505812398,5.0174945230256025,-0.6250672252779474,5.157878187260001,-0.5524744758845321,4.877110858791204,-0.38061576223368415,5.071313285506927,0.25301058358542255,"(0.7741363577788924, 0.2249004572992922, -0.01329858637539372)",-0.7999855321956689,4.699696991801776,1.8238069103803192,0.3417707532670197,0.008095225367104032,False,,
7,194,-0.16873429761384315,5.12430893950886,-0.13355421565438783,4.98364138165231,-0.20391437957329855,5.264976497365411,-0.5858863657401655,5.019981799904959,-0.6210664476996208,5.160649357761509,-0.5507062837807101,4.879314242048408,-0.37731033167700434,5.072145369706909,0.24506692933656976,"(0.7933033336031595, 0.19970020799571658, -0.02132884844501559)",-0.8001731439779305,4.701677668874341,1.8158632561314663,0.33906290139709067,0.01119113857576378,False,,
7,195,-0.16501263293491283,5.123480281232967,-0.13095166545114867,4.982537560618989,-0.19907360041867705,5.264423001846946,-0.5829807009625727,5.022471894901805,-0.6170416684463369,5.163414615515783,-0.5489197334788085,4.881529174287826,-0.3739966669487428,5.072976088067386,0.23711900505905753,"(0.7952795347827722, 0.1993724065143209, -0.061377933006654825)",-0.8001558291751051,4.703668536368687,1.807915331853954,0.3363880018841092,0.014294706120697961,False,,
7,196,-0.16134418935494693,5.122587407672268,-0.12839099494664774,4.981381575716612,-0.19429738376324618,5.263793239627923,-0.580092518602753,5.024864141495931,-0.6130457130110523,5.166069973451587,-0.5471393241944538,4.883658309540277,-0.37071835397885,5.0737257745841,0.22926663528228833,"(0.7867951127742648, 0.1799247640113239, 0.04271013898277512)",-0.8001407128379808,4.70557578139114,1.8000629620771849,0.3337815611107126,0.017364317891427655,False,,
7,197,-0.1576796098861374,5.121690327322339,-0.1258360482577775,4.980230129447387,-0.18952317151449738,5.263150525197292,-0.5771822656532393,5.027257696286513,-0.6090258272815992,5.168717894161467,-0.5453387040248793,4.88579749841156,-0.3674309377696883,5.074474011804426,0.22141548259351765,"(0.7889798901987984, 0.17957693287837526, 0.00182941962465503)",-0.8001266404132138,4.707491534592425,1.7922118093884143,0.33120418365697485,0.020444173567221457,False,,
7,198,-0.1540782610852307,5.120800368619325,-0.1233284055214047,4.979098405390851,-0.1848281166490568,5.2625023318477995,-0.5742978761765678,5.029611141774876,-0.6050477317403938,5.1713131050033505,-0.5435480206127417,4.887909178546402,-0.36418806863089925,5.075205755197101,0.21369057597865102,"(0.7782885933093763, 0.1756184142418672, 0.03577006562650932)",-0.8001133879161991,4.709381990605636,1.7844869027735475,0.32869760291433986,0.02000330883059741,False,,
7,199,-0.1504653396107547,5.119884357107437,-0.12081652420803918,4.97794793561804,-0.18011415501347025,5.261820778596833,-0.5713802447172417,5.031960283844211,-0.6010290601199572,5.173896705333608,-0.5417314293145261,4.8900238623548145,-0.3609227921639982,5.075922320475824,0.20592692556980857,"(0.7836663520562576, 0.17197566689351246, -0.00893614383065075)",-0.8001020510151095,4.711273319784964,1.7767232523647052,0.32621072241271715,0.015385505752095697,False,,
7,200,-0.1468563733926648,5.118964733968922,-0.11831009154424596,4.976802468256003,-0.1754026552410837,5.261126999681841,-0.5684410234378734,5.034310242970164,-0.5969873052862922,5.176472508683083,-0.5398947415894545,4.8921479772572445,-0.3576486984152691,5.076637488469543,0.1981653408174959,"(0.7857824996949877, 0.1716403184926106, -0.04981182343831701)",-0.8000918447121822,4.713172605891922,1.7689616676123925,0.32375172253871876,0.010755233154131363,False,,
7,201,-0.14313976288992436,5.117901684071176,-0.11576907117029331,4.975508407422351,-0.1705104546095555,5.260294960720001,-0.56540947984851,5.036733425868132,-0.592780171568141,5.179126702516958,-0.5380387881288788,4.894340149219307,-0.35427462136921717,5.077317554969654,0.18990274694320283,"(0.8097784910524641, 0.1632159600267567, 0.023262048493210424)",-0.8001014937590244,4.715138213363332,1.7606990737380994,0.3213362915820434,0.0059835628211642195,False,,
7,202,-0.13942802899509657,5.116834297493629,-0.11323456573001947,4.97421977340095,-0.1656214922601737,5.259448821586306,-0.5623538590630385,5.039157130569606,-0.5885473223281155,5.181771654662285,-0.5361603957979613,4.896542606476928,-0.3508909440290675,5.077995714031617,0.1816417677236363,"(0.8120825616359129, 0.1627581748711272, -0.017431949028271464)",-0.800091343338038,4.717112418879349,1.752438094518533,0.3189528645064532,0.0011983156221631543,False,,
7,203,-0.13574179352235197,5.115724993450333,-0.11068833369679801,4.972905792532637,-0.160795253347906,5.25854419436803,-0.5592745962437967,5.041428526381449,-0.5843280560693507,5.184247727299145,-0.5342211364182426,4.898609325463752,-0.34750819488307433,5.078576759915891,0.17365394233300824,"(0.811859795038367, 0.13945101222570258, 0.04037010905662023)",-0.8000823229402338,4.718945817597577,1.744450269127905,0.31653495695236067,0.00358561891199095,False,,
7,204,-0.13205967613542394,5.114611504189485,-0.1081477231158118,4.971596754940368,-0.1559716291550361,5.257626253438603,-0.5561723808052197,5.0437001952347735,-0.5800843338248318,5.1867149444838905,-0.5322604277856076,4.900685445985656,-0.3441160284703218,5.079155849712129,0.16566678239794863,"(0.8141199390606007, 0.13898155109720844, -0.0004909938266057278)",-0.8000740895348988,4.720787128876727,1.736463109192845,0.3141462672924586,0.008382871472434886,False,,
7,205,-0.12842225529342116,5.113501155201638,-0.10564131154922304,4.970301893324616,-0.15120319903761933,5.256700417078658,-0.5530821353425184,5.045943873753325,-0.5758630790867164,5.189143135630347,-0.5303011915983202,4.9027446118763045,-0.34075219531796974,5.079722514477481,0.1577635816846101,"(0.8073199565644942, 0.13599954368448514, 0.014362789382686751)",-0.8000682808570865,4.722612766901886,1.7285599084795067,0.31181423777122935,0.013140054751672191,False,,
7,206,-0.12476777985657939,5.112368969123316,-0.1031259717012376,4.968993126877255,-0.14640958801192122,5.255744811369377,-0.5499513120345535,5.048189813904027,-0.5715931201898953,5.191565656150088,-0.5283095038792116,4.9048139716579655,-0.33735954594556644,5.080279391513671,0.14981362669658743,"(0.8142358493767928, 0.13365048868547305, -0.03543467379469386)",-0.8000614713461012,4.724445910407266,1.720609953491484,0.3094977075457694,0.012668148287520824,False,,
7,207,-0.12111785745254106,5.111233034422037,-0.1006162306701929,4.967689719359031,-0.14161948423488926,5.254776349485042,-0.5467980331566267,5.050435106722659,-0.5672996599389749,5.1939784217856655,-0.5262964063742785,4.906891791659654,-0.3339579453045839,5.080834070572348,0.14186591500006318,"(0.8163841538358125, 0.13312297408258325, -0.07629149799958837)",-0.8000553230220222,4.726286111728988,1.7126622417949597,0.30720967217127226,0.006245093752557092,False,,
7,208,-0.11750306184951803,5.110013078171614,-0.09812486910668411,4.96631378921714,-0.13688125459235198,5.253712367126089,-0.5436457808179598,5.052546713485969,-0.5630239735607937,5.196246002440444,-0.5242675880751259,4.908847424531495,-0.33057442133373893,5.081279895828792,0.13404375842871682,"(0.8120457530027918, 0.10699806154650984, 0.027493632161047665)",-0.800028595499156,4.7280041902405685,1.7048400852236134,0.3049480575090573,0.0001287122041131364,False,,
7,209,-0.11389243194150198,5.108788735998463,-0.09563863046198537,4.964942294500779,-0.13214623342101864,5.2526351774961455,-0.5404715343139418,5.05465677299024,-0.5587253357934584,5.198503214487924,-0.5222177328344252,4.9108103314925575,-0.3271819831277219,5.0817227544943515,0.12622318998713372,"(0.8141851694440857, 0.10628607973430411, -0.01339685890116857)",-0.8000257343017813,4.729728230369467,1.6970195167820303,0.3027135392814771,0.006516478511864288,False,,
7,210,-0.1103156690540669,5.107558935089485,-0.09317539263654695,4.963575564784678,-0.12745594547158687,5.251542305394292,-0.5373008361648721,5.056729149851322,-0.554441112582392,5.200712520156129,-0.5201605597473522,4.912745779546516,-0.3238082526094695,5.082144042470404,0.11848584339487123,"(0.8096953243805777, 0.1011091142524682, 0.05502614517494988)",-0.8000315569260038,4.731425247740817,1.6892821701897678,0.3005176205290629,0.011377590347983595,False,,
7,211,-0.10674326579659157,5.106325873162505,-0.0907174155328529,4.9622142076967135,-0.12276911606033034,5.250437538628296,-0.5341088944192839,5.058800937897625,-0.5501347446830225,5.2029126033634165,-0.5180830441555452,4.914689272431834,-0.3204260801079377,5.082563405530065,0.11074936440761025,"(0.8117214003676314, 0.10064713431873688, 0.014065273031406809)",-0.8000284004742856,4.733129111990994,1.6815456912025069,0.2983485201118092,0.0034423981510230527,False,,
7,212,-0.10320972415516735,5.105117402458119,-0.08827249078354477,4.960888837121007,-0.11814695752679,5.249345967795231,-0.5309220213617764,5.0608207793560664,-0.5458592547333989,5.205049344693179,-0.5159847879901538,4.916592214018954,-0.31706587275847187,5.082969090907093,0.10319848108680026,"(0.8064497638717973, 0.09736449048657023, 0.030134465201678777)",-0.8000256438377097,4.734791502326273,1.6739948078816969,0.2961852739116273,0.004388731014140534,False,,
7,213,-0.09965514787544921,5.103871690007846,-0.08581930509322225,4.959533304765023,-0.11349099065767629,5.248210075250669,-0.527693117905889,5.062841259688138,-0.541528960688116,5.207179644930961,-0.5138572751236619,4.918502874445315,-0.3136741328906691,5.083356474847992,0.0955649995740759,"(0.8140175682726714, 0.09297214581579828, -0.020136578556436788)",-0.8000231065674536,4.736459502398106,1.6663613263689725,0.2940432559567282,0.012300583366178362,False,,
7,214,-0.09610496664340062,5.102622697748052,-0.08337099855088115,4.958182931559448,-0.10883893473592021,5.247062463936657,-0.5244435836165032,5.064859895818512,-0.5371775517090227,5.209299662007116,-0.5117096155239836,4.920420129629908,-0.3102742751299519,5.083741296783282,0.08793374813179906,"(0.8159658625721173, 0.0923572644696914, -0.06102087727215394)",-0.8000207947199887,4.738133021374805,1.6587300749266956,0.29192651875041886,0.02022528539484443,False,,
7,215,-0.09258579400179887,5.101285211000968,-0.08094497982440368,4.9567532372190835,-0.1042266081791941,5.245817184782852,-0.5211978541825598,5.0667641758542095,-0.5328386683599551,5.211296149636094,-0.5095570400051646,4.922232202072325,-0.30689182409217935,5.084024693427589,0.08036796539616221,"(0.8117882490654185, 0.0680151946334483, 0.029935652931691162)",-0.8000113791317969,4.739702596499724,1.6511642921910588,0.2898482041832209,0.028100704524383457,False,,
7,216,-0.08907074576172266,5.099943971326165,-0.07852357481623529,4.955328075985968,-0.09961791670721004,5.2445598666663615,-0.5179316767705812,5.068666154039547,-0.5284788477160685,5.213282049379743,-0.5073845058250939,4.92405025869935,-0.3035012112661519,5.084305062682856,0.07280340667998939,"(0.8137470782465883, 0.06728862126413941, -0.010986826797066555)",-0.8000102398684608,4.7412771357825925,1.643599733474886,0.2877944816935135,0.035989050162346596,False,,
7,217,-0.08556472674571089,5.098668799118083,-0.07604334602255308,4.953981746106679,-0.09508610746886872,5.243355852129486,-0.5146366770553901,5.070432980421821,-0.5241580577785478,5.215120033433225,-0.5051152963322323,4.925745927410418,-0.3001007019005505,5.084550889769952,0.06571197585018024,"(0.8161222477443391, 0.05899850090314977, 0.051874629954108)",-0.8000076123178971,4.742720855635164,1.6365083026450769,0.28558837623360056,0.04369947432792641,False,,
7,218,-0.08206241122158536,5.097390633919805,-0.07356712448192354,4.9526397095593335,-0.09055769796124724,5.242141558280276,-0.5113237731181559,5.0721977146228765,-0.5198190598578176,5.216948638983348,-0.502828486378494,4.9274467902624055,-0.2966930921698706,5.084794174271341,0.05862175435109039,"(0.8178263353631693, 0.05838828033332792, 0.01093759959117184)",-0.800006849952738,4.743210256407951,1.6294180811459869,0.2834036464293452,0.05142079909233799,False,,
7,219,-0.07855225082836106,5.096126603704388,-0.07105448554746402,4.9513205834020795,-0.08605001610925817,5.240932624006697,-0.5079770006903793,5.073891851492073,-0.5154747659712764,5.218697871794381,-0.5004792354094821,4.929085831189764,-0.2932646257593702,5.08500922759823,0.051731796910982106,"(0.822831938520099, 0.05161279845347039, -0.0006877651064392844)",-0.800006093259546,4.741852972679419,1.6225281237058786,0.28114540847987274,0.05909080435216285,False,,
7,220,-0.0750280357057399,5.094821472400672,-0.06854138954777836,4.94996663671466,-0.08151468186370153,5.2396763080866835,-0.5045975484297741,5.075585211380511,-0.5110841945877356,5.220440047066522,-0.49811090227181254,4.930730375694499,-0.289812792067757,5.085203341890591,0.04475042545372007,"(0.8284400859871569, 0.04658743016666178, -0.03368895464836897)",-0.79999771602145,4.740462175700722,1.6155467522486167,0.27891892408041835,0.06683231593994464,False,,
7,221,-0.07150775482371158,5.0935133858164185,-0.06603223768851307,4.948616806449954,-0.07698327195891017,5.238409965182883,-0.5012010591518476,5.0772756453465195,-0.5066765762870462,5.222172224712984,-0.4957255420166491,4.932379065980055,-0.28635440698777964,5.085394515581469,0.03777116760794235,"(0.8300124191945658, 0.04588168581056596, -0.07464329816908362)",-0.7999979432564006,4.739076861033604,1.608567494402839,0.27671286045682547,0.07458312059086138,False,,
7,222,-0.06805179283532803,5.092100425663391,-0.06361445768719948,4.947168337923018,-0.07248912798345661,5.237032513403764,-0.49785039785850316,5.078941431775837,-0.5022877330066317,5.22387351951621,-0.49341306271037455,4.934009344035464,-0.2829510953469156,5.085520928719614,0.03060708989869127,"(0.8167947938073683, 0.030339153154871464, 0.03838765707433581)",-0.7999924256786878,4.737595451391683,1.6014034166935878,0.2746873498700171,0.08233255697522543,False,,
7,223,-0.06459982383669413,5.090683609983106,-0.06120077228516657,4.945723455290342,-0.06799887538822172,5.23564376467587,-0.49448166189109755,5.080603664002714,-0.4978807134426251,5.225563818695478,-0.49108261033957,4.93564350930995,-0.27954074286389585,5.08564363699291,0.023443882299746692,"(0.8184845959247389, 0.029449985590996167, -0.0025130165604829377)",-0.7999931814202421,4.736118894149027,1.5942402090946433,0.2726833778131821,0.09009223800912754,False,,
7,224,-0.06116758900049196,5.089286091140349,-0.05876195923113098,4.944306047874344,-0.06357321876985303,5.234266134406354,-0.491108406961749,5.082152154582933,-0.49351403673110994,5.227132197848938,-0.48870277719238797,4.937172111316928,-0.2761379979811205,5.085719122861641,0.016591311309213076,"(0.816658771866094, 0.018116608495466882, 0.06121626527397894)",-0.7999939137434136,4.734670709013698,1.5873876381041097,0.2705975752522345,0.09771427189869253,False,,
7,225,-0.057739013751851836,5.08788602965828,-0.05632668049607292,4.942892908046342,-0.05915134700763078,5.23287915127022,-0.48771861577346487,5.083697731037695,-0.4891309490292438,5.228690852649634,-0.48630628251768593,4.938704609425756,-0.27272881476265837,5.085791880347988,0.00974038336939163,"(0.8182039724309038, 0.017461796723260026, 0.020260768028115096)",-0.7999945212056888,4.7332280711974,1.5805367101642882,0.2685308744364337,0.10534505665675992,False,,
7,226,-0.054329726582459076,5.086500644300276,-0.05389734408693092,4.941501288972821,-0.05476210907798729,5.231499999627731,-0.48432781479491194,5.085218406554917,-0.48476019729044006,5.230217761882372,-0.4838954322993837,4.940219051227462,-0.2693287706886855,5.085859525427597,0.002981952664294526,"(0.8160105777534875, 0.01623481910610014, -0.008161442220267592)",-0.7999950659400623,4.73180825596844,1.573778279459191,0.2664680563541885,0.11292516922193672,False,,
7,227,-0.0508978870261379,5.0850013103101634,-0.05148285528613686,4.9400024902731206,-0.05031291876613894,5.230000130347206,-0.4808943878256448,5.08673604377085,-0.48030941956564577,5.231734863807893,-0.4814793560856438,4.941737223733807,-0.26589613742589135,5.085868677040507,-0.004034274805274351,"(0.8238319830705896, 0.0021963870983493557, -0.02300633486826454)",-0.7999956622047504,4.730282659881789,1.5667620519896222,0.26118424153539255,0.11734807283356032,False,,
7,228,-0.04747018687106405,5.083498845524438,-0.04907226074753346,4.938507696279753,-0.0458681129945947,5.228489994769122,-0.47744393980357624,5.088249823227071,-0.4758418659271068,5.233240972471755,-0.4790460136800456,4.9432586739823865,-0.26245706333732016,5.085874334375754,-0.011049010165267934,"(0.8253777812570836, 0.0013577604594213375, -0.06392072782042756)",-0.7999960948883482,4.728762324388035,1.5597473166296287,0.25347601201509007,0.1193348537489906,False,,
7,229,-0.04402616526914738,5.082074554048134,-0.046526192345688944,4.937096107841063,-0.041526138192605866,5.2270530002552045,-0.4739622471245991,5.089488427447533,-0.4714622200480575,5.234466873654604,-0.4764622742011406,4.944509981240462,-0.25899420619687324,5.085781490747833,-0.01724242039739426,"(0.8310857137072619, -0.022282470700902356, 0.041797261090151874)",-0.7999964589143326,4.72732506808452,1.5535539063975023,0.24609226671269513,0.12169228290537513,False,,
7,230,-0.040585405357900534,5.080647764320588,-0.043983141930906466,4.935687578799941,-0.037187668784894656,5.225607949841235,-0.47046733483292325,5.090723810709502,-0.46706959825991734,5.235683996230149,-0.47386507140592915,4.945763625188855,-0.2555263700954119,5.085685787515045,-0.02343481099056789,"(0.8322806643507218, -0.02296877586913761, 0.0008061678235381815)",-0.7999968119262945,4.725892255352227,1.5473615158043286,0.2387254774765868,0.1240574426737645,False,,
7,231,-0.03716738440100936,5.0792490756562865,-0.041453677334777006,4.934312442285402,-0.03288109146724183,5.22418570902717,-0.46697946956983666,5.091960151252976,-0.462693176636069,5.23689678462386,-0.4712657625036042,4.9470235178820925,-0.252073426985423,5.085604613454631,-0.029564947786138725,"(0.8287063463973318, -0.019481774499375666, 0.042254339961041706)",-0.7999987787835646,4.724494307298638,1.5412313790087577,0.23142783082237556,0.12642742954884428,False,,
7,232,-0.03374592675952279,5.077829030565735,-0.03892551485169099,4.9329215708985545,-0.028566338667354613,5.222736490232915,-0.4634714968070228,5.093189188356303,-0.4582919087148546,5.238096648023483,-0.46865108489919094,4.948281728689123,-0.2486087117832728,5.085509109461019,-0.03572889834792444,"(0.8315316485160521, -0.022920958466944027, -0.0014533402063262924)",-0.79999890072492,4.7230819769050525,1.535067428446972,0.22412370866468243,0.12880066133245247,False,,
7,233,-0.030344923908873722,5.076391411731526,-0.036412250028946075,4.93151840681428,-0.024277597788801425,5.221264416648774,-0.45996831780139946,5.094384171949672,-0.453900991681327,5.239257176866919,-0.4660356439214718,4.9495111670324246,-0.2451566208551366,5.085387791840599,-0.041855848638176464,"(0.8285018227526878, -0.029116228900833124, 0.0020744339053779953)",-0.7999989890171615,4.721658809977509,1.5289404781567202,0.21687530591116708,0.13117175763508368,False,,
7,234,-0.026920807707834005,5.074834881637473,-0.03394327379696174,4.930005033298027,-0.01989834161870635,5.21966472997692,-0.4564162200248131,5.095660125901784,-0.4493937539356853,5.24048997424123,-0.46343868611394073,4.950830277562337,-0.24166851386632354,5.0852475037696285,-0.04844975337579755,"(0.8371456773151293, -0.03366913703296373, -0.01969819738764341)",-0.8001294791511058,4.720127080936992,1.522346573419099,0.20942182165315848,0.1334031468604918,False,,
7,235,-0.02350116170371852,5.07327481542331,-0.03147889073509616,4.928494444379781,-0.015523432672340881,5.218055186466839,-0.4528498482465974,5.096932908412913,-0.44487211921521963,5.241713279456442,-0.4608275772779751,4.9521525373693835,-0.23817550497515796,5.085103861918111,-0.05504661642830768,"(0.838322133879741, -0.03447404436423099, -0.06009325972538527)",-0.8001165305038691,4.718599447103427,1.515749710366589,0.20198756553728806,0.13564112060188582,False,,
7,236,-0.020165109684863264,5.071638985209274,-0.029129096880456756,4.9269163299905525,-0.011201122489269771,5.216361640427997,-0.44934263895417836,5.098221843789311,-0.4403786517585848,5.242944499008033,-0.4583066261497718,4.953499188570588,-0.2347538743195208,5.084930414499293,-0.06186004675087237,"(0.8211913573529172, -0.041627380516550176, 0.04554615813618493)",-0.800104916582648,4.717006271822904,1.5089362800440242,0.19460113712134067,0.1376904825479086,False,,
7,237,-0.016832976737100408,5.070000456288949,-0.026782668953170052,4.92534222588084,-0.006883284521030791,5.2146586866970575,-0.4458194531197678,5.099506440102121,-0.435869760903698,5.24416467051023,-0.4557691453358374,4.9548482096940125,-0.23132621492843408,5.084753448195535,-0.06867252993288964,"(0.8226382538608157, -0.042471912901792655, 0.004592394470917074)",-0.8000944238179316,4.715418286698554,1.502123796862007,0.18723588395840435,0.13974993494004187,False,,
7,238,-0.013527323664807966,5.06841259402182,-0.024395440823171938,4.923820464120389,-0.0026592065064440784,5.213004723923249,-0.4423177778552563,5.100642182836277,-0.4314496606968923,5.245234312737708,-0.45318589501362017,4.956050052934848,-0.22792255076003212,5.0845273884290485,-0.0750228892192946,"(0.8168794004164701, -0.054254343956843754, 0.029334347060515922)",-0.8000749119882739,4.713883590575092,1.495773437575602,0.18010188962207574,0.1419657497608238,False,,
7,239,-0.010214093952374825,5.066793746959825,-0.022010940896233316,4.922274425060699,0.0015827529914836103,5.211313068858951,-0.4387886347566793,5.10177749996575,-0.42699178781282077,5.246296821864876,-0.4505854817005377,4.957258178066624,-0.22450136435452706,5.084285623462788,-0.0814475851981764,"(0.8210847373212141, -0.05802359190261561, -0.01752564295879704)",-0.8000674031972658,4.712325831115701,1.4893487415967201,0.17294209899842478,0.14417719826885297,False,,
7,240,-0.006904394015075255,5.065172629414766,-0.01962932842136758,4.920732067091174,0.005820540391216988,5.209613191738359,-0.4352453719402111,5.102908641792046,-0.42252043753391877,5.247349204115639,-0.44797030634650337,4.958468079468454,-0.2210748829776432,5.084040635603406,-0.08787120537389771,"(0.8223555304521311, -0.05879708625158457, -0.05848458430295619)",-0.8000606617630668,4.710772964010827,1.4829251214209989,0.16580159707064546,0.14639795176110276,False,,
7,241,-0.003519385024267241,5.063343635270933,-0.01727331796030354,4.918997421850591,0.010234547911768976,5.207689848691276,-0.43158056965011005,5.104131160529524,-0.4178266367140737,5.248477373949866,-0.44533450258614626,4.959784947109181,-0.21754997733718864,5.0837373979002285,-0.09499753013253306,"(0.8459773537090883, -0.07277704876259923, 0.027883969089108313)",-0.8000566426428948,4.709029102321292,1.4757987966623636,0.15830186230146054,0.14847247858171048,False,,
7,242,-0.00013895153803006322,5.061512198293124,-0.014920897732669136,4.917267634906149,0.014642994656608982,5.205756761680098,-0.4278986912373326,5.105348314594466,-0.41311674504269347,5.249592877981441,-0.44268063743197167,4.961103751207492,-0.21401882138768133,5.083430256443795,-0.10212186668828796,"(0.8474774278817557, -0.07371394954402503, -0.013031745754570858)",-0.8000509772430927,4.707291282661832,1.4686744601066086,0.15082669505280094,0.15055863144168724,False,,
7,243,0.0032627280052024143,5.059733977492865,-0.012415000071943155,4.915584024865959,0.018940456082347956,5.20388393011977,-0.4242164418538964,5.1062265504112965,-0.40853871377675083,5.250376503038202,-0.43989416993104197,4.9620765977843915,-0.210476856924347,5.082980263952081,-0.10833404446555361,"(0.8500714712002405, -0.10799819801149693, 0.047726137405862554)",-0.800027147243919,4.705600402424807,1.462462282329343,0.1436807272378142,0.1530340766593172,False,,
7,244,0.006661019888848485,5.057953863933686,-0.009911635510865852,4.913904056252445,0.023233675288562766,5.202003671614926,-0.42052116840724346,5.107100359256976,-0.4039485130075291,5.251150166938217,-0.43709382380695777,4.963050551575736,-0.2069300742591975,5.082527111595331,-0.11454448992318943,"(0.8512278396358871, -0.10875656561996211, 0.006651547741772556)",-0.8000244317013238,4.7039144986858235,1.4562518368717072,0.13655357219778738,0.1555187529037246,False,,
7,245,0.010059002868223615,5.056204034959982,-0.007354501326717361,4.9122534536077245,0.027472507063164536,5.200154616312239,-0.4168289280384697,5.10784408188291,-0.3994154238435287,5.2517946632351675,-0.43424243223341064,4.963893500530653,-0.20338496258512304,5.082024058421446,-0.12038369318881498,"(0.850826801777866, -0.12073276173239897, 0.008448699877465216)",-0.8000218301697206,4.702259204962604,1.4504126336060816,0.1295778849061747,0.15815402318340838,False,,
7,246,0.013461833232069481,5.054418739043585,-0.004806745956344283,4.910574173576423,0.03173041242048316,5.198263304510746,-0.4131117057395144,5.108594525602329,-0.39484312655110054,5.2524390910694905,-0.4313802849279281,4.964749960135167,-0.19982493625372247,5.081506632322957,-0.12632592318717373,"(0.8544063195361371, -0.12418226363750198, -0.03903913348183245)",-0.800019693780969,4.7005766312337,1.4444704036077227,0.12256934188634376,0.16077014820867613,False,,
7,247,0.016861152960065268,5.0526314356443125,-0.0022616201835480576,4.908897933817849,0.03598392610367854,5.196364937470776,-0.409383024870136,5.109340349104683,-0.3902602517265226,5.2530738509311465,-0.4285057980137492,4.96560684727822,-0.19626093595503535,5.080985892374498,-0.13226651143267404,"(0.8553600716849098, -0.12497758763005784, -0.08002608081396696)",-0.8000177232970146,4.6988984780864875,1.4385298153622226,0.11557884043499456,0.1633943852248432,False,,
7,248,0.020154393752165045,5.050714234523429,3.475890305795759e-05,4.907116879765277,0.04027402860127202,5.194311589281581,-0.4056860375995965,5.110379358558712,-0.38556640275048937,5.253976713316864,-0.4258056724487035,4.96678200380056,-0.19276582192371572,5.08054679654107,-0.13920525597093827,"(0.8388273675167133, -0.10538300002259704, 0.03147824460174195)",-0.8003378797597204,4.697116879893886,1.4315910708239583,0.10838743029480247,0.16551767701259598,False,,
7,249,0.023442829042864127,5.048792495941199,0.0023259327127661267,4.905338403321351,0.044559725372962156,5.192246588561047,-0.4019727559677192,5.111415016092525,-0.38085585963762114,5.254869108712373,-0.4230896522978172,4.967960923472677,-0.18926496346242752,5.080103756016862,-0.14615353982662976,"(0.8402060307091692, -0.10632972581009381, -0.009084970270558154)",-0.8003040895104397,4.695338979420685,1.4246427869682667,0.1012166052798647,0.1676479619151744,False,,
7,250,0.02673667974575497,5.046892978680197,0.0047631445069653,4.903567601481637,0.04871021498454456,5.190218355878757,-0.39829719746376957,5.112055876284884,-0.3763236622249798,5.255381253483444,-0.4202707327025591,4.968730499086323,-0.18578025885900729,5.07947442748254,-0.1521277217398957,"(0.8363291048208599, -0.1510388482370663, 0.05798279411416249)",-0.8002737364309291,4.693570018357421,1.4186686050550008,0.09440535885898937,0.17015314251063093,False,,
7,251,0.030027094662095716,5.044991516060058,0.007197873849952352,4.901799942714731,0.052856315474238996,5.188183089405387,-0.39460998491370414,5.112691963985725,-0.37178076410156075,5.255883537331052,-0.41743920572584736,4.9695003906403965,-0.1822914451258042,5.078841740022892,-0.15810072283265272,"(0.8373152959687418, -0.15184499031563747, 0.016971097995325587)",-0.8002463616948164,4.69180546398142,1.4126956039622438,0.08761233793641965,0.17266683073260097,False,,
7,252,0.03328879936954715,5.043135212637284,0.009618697034017298,4.9000802362980265,0.05695890170507692,5.186190188976541,-0.3909431994296305,5.11332930921851,-0.3672730970941006,5.256384285557767,-0.4146133017651603,4.970274332879253,-0.17882720003004168,5.078232260927897,-0.1639759314981237,"(0.8314188229830048, -0.14627498279867232, 0.02088109584827304)",-0.8002218267771957,4.690090099587212,1.4068203952967728,0.08090764862347073,0.17518764583069302,False,,
7,253,0.03657037930964829,5.0412013568002445,0.01201464557654483,4.898295737803548,0.06112611304275173,5.184106975796941,-0.38721869771503725,5.114021808560483,-0.36266296398193376,5.256927427557179,-0.41177443144814063,4.971116189563786,-0.17532415920269448,5.077611582680364,-0.1701699916621966,"(0.8407297985633265, -0.14896277940791436, -0.03690165456139462)",-0.800199698718582,4.688311132680429,1.4006263351327,0.07407503735500937,0.177636754620491,False,,
7,254,0.03984815493584362,5.039265569579352,0.014407973851944006,4.89651474756274,0.06528833601974324,5.182016391595964,-0.3834818689754881,5.114708865207468,-0.35804168789158836,5.25745968722408,-0.4089220500593877,4.971958043190856,-0.17181685701982222,5.07698721739341,-0.17636235701864036,"(0.8417525238893441, -0.1498476688690059, -0.07787285132401596)",-0.8001797277382563,4.686536895067996,1.3944339697762562,0.06726256176782548,0.18009523886700496,False,,
7,255,0.043018292575647654,5.037210105146799,0.01657935659626808,4.894640884540532,0.0694572285550272,5.179779325753065,-0.3797731892222459,5.115615225637373,-0.35333425324286627,5.258184446243639,-0.4062121252016254,4.973046005031106,-0.16837744832329912,5.076412665392086,-0.18336327295135119,"(0.8254580871655404, -0.13789248031786003, 0.035933374704307436)",-0.8004998388494269,4.684670222350112,1.3874330538435453,0.060335205931700775,0.1821343966642968,False,,
7,256,0.04618340671003632,5.035150171445241,0.018745582529122895,4.892769815341538,0.07362123089094971,5.177530527548944,-0.37604799414922097,5.116517512119674,-0.34861016996830746,5.258897868223377,-0.4034858183301343,4.974137156015971,-0.1649322937195923,5.075833841782457,-0.19037422640841764,"(0.8268371048896352, -0.13891766631089275, -0.004650890933000173)",-0.8004498526074418,4.682807335385279,1.380422100386479,0.05342980760779795,0.18418130335491326,False,,
7,257,0.04933797040898355,5.033114193205595,0.021044679091004742,4.8909013609210366,0.07763126172696228,5.175327025490153,-0.37239663567625914,5.117018436424429,-0.34410334435828027,5.259231268708987,-0.4006899269942379,4.9748056041398705,-0.1615293326336378,5.075066314815012,-0.19638606783981094,"(0.8167106606290833, -0.18420647218694175, 0.06205953237789945)",-0.8004049096705615,4.680948667651725,1.3744102589550855,0.046900235805463986,0.186574195429399,False,,
7,258,0.05248905033803539,5.031076592165198,0.02334154407837863,4.889036376455551,0.08163655659769206,5.173116807874846,-0.3687336583181615,5.117514024521422,-0.3395861520585047,5.259554240231069,-0.3978811645778182,4.975473808811774,-0.15812230399006305,5.07429530834331,-0.20239629271738066,"(0.8176868744579422, -0.18504155320842308, 0.021045910686897172)",-0.8003644175765772,4.679094596166469,1.368400034077516,0.04038981173078527,0.18897638164235236,False,,
7,259,0.05562282642836222,5.029079951787906,0.025619721945864926,4.887217998744067,0.08562593091085949,5.170941904831745,-0.3650712412188841,5.118054675425657,-0.3350681367363868,5.259916628469496,-0.39507434570138145,4.976192722381818,-0.15472420739526097,5.073567313606781,-0.20842369036852257,"(0.8155431827525023, -0.1747187367670454, 0.0005027447649347226)",-0.8003279550719682,4.677288164944302,1.362372636426374,0.03391178596827812,0.19136202352074622,False,,
7,260,0.058769092461450956,5.026939487146993,0.027810053679316576,4.8852830791815,0.08972813124358531,5.168595895112486,-0.36131542771208114,5.118749050431943,-0.3303563889299467,5.260405458397437,-0.3922744664942155,4.97709264246645,-0.1512731676253151,5.072844268789468,-0.21516703266088424,"(0.8282495447870103, -0.17353075615517322, -0.03250829501820464)",-0.8002897307992811,4.675365789921307,1.3556292941340122,0.027189512987833512,0.19353874507417776,False,,
7,261,0.061910980986951414,5.0247968865582076,0.029997619381947616,4.883352419182957,0.09382434259195516,5.166241353933458,-0.357545025712067,5.119436510628218,-0.3256316641070632,5.260880978003469,-0.3894583873170707,4.977992043252968,-0.14781702236255778,5.072116698593213,-0.2219089348677371,"(0.8294748630617553, -0.17461684710117784, -0.07346153980375941)",-0.8002607566301526,4.673448693529414,1.3488873919271596,0.020491399670202727,0.19572724482930243,False,,
7,262,0.06505202064800034,5.022697285954476,0.032363431133266146,4.881429964483666,0.0977406101627345,5.163964607425286,-0.3538786568171607,5.119635861756792,-0.3211900673024265,5.260903183227602,-0.3865672463318949,4.978368540285981,-0.1444133180845802,5.071166573855634,-0.22739314880784328,"(0.8168890267146239, -0.22802993701885665, 0.040806822273173934)",-0.8002347075582342,4.671542069247646,1.3434031779870532,0.014228081461973734,0.19834813874266974,False,,
7,263,0.06818989779662082,5.02059607135625,0.034727208036644724,4.87951011034656,0.10165258755659692,5.161682032365939,-0.3502029520941821,5.119830254782386,-0.31674026233420594,5.260916215792076,-0.3836656418541582,4.978744293772697,-0.14100652714878065,5.070213163069318,-0.23287633851240733,"(0.81762982459189, -0.22881858871574817, -0.00023045704851347584)",-0.8002112357252821,4.669639241912245,1.3379199882824893,0.00798126289969581,0.20097658736613402,False,,
7,264,0.07131280632466525,5.018532334286286,0.03714130623719869,4.877616371451084,0.10548430641213172,5.1594482971214894,-0.346575911048695,5.119868506959463,-0.3124044109612284,5.2607844697946655,-0.3807474111361615,4.97895254412426,-0.13763155236201488,5.069200420622875,-0.23790331723055827,"(0.8099939488237821, -0.2430581871463881, 0.058850640636688586)",-0.8001901668829949,4.667764140106823,1.3328930095643383,0.0019164549345853353,0.1939359872564,False,,
7,265,0.07443317918166342,5.016467416605601,0.03955393428001258,4.875724962899938,0.10931242408331424,5.157209870311264,-0.3429409938765093,5.1199024187277375,-0.3080617489748584,5.260644872433401,-0.37782023877816007,4.979159965022075,-0.13425390734742293,5.068184917666669,-0.2429288608184516,"(0.8106348035020691, -0.2437207094893385, 0.017779744146772487)",-0.8001711490584632,4.665892620190124,1.327867465976445,0.004134391070780396,0.18642979088043116,False,,
7,266,0.07754520998955439,5.014402331447364,0.0419626355671478,4.873836046736293,0.11312778441196089,5.154968616158435,-0.3393065308777599,5.119923069389673,-0.30372395645535327,5.260489354100744,-0.3748891053001664,4.979356784678602,-0.13088066044410276,5.0671627004185185,-0.24792926044492253,"(0.8095792567968372, -0.24533213955631686, -0.012554507746749228)",-0.8001540354810807,4.664024821291216,1.322867066349974,0.010155373731252299,0.1789311475681008,False,,
7,267,0.08062741319279476,5.0121672407902205,0.04412402108630703,4.871837264075621,0.11713080529928241,5.15249721750482,-0.33552355223670693,5.120418679450839,-0.29902016013021915,5.260748656165438,-0.3720269443431946,4.980088702736239,-0.1274480695219561,5.0662929601205295,-0.2544855199052302,"(0.8238218213152014, -0.2087376715173414, -0.02510622744121614)",-0.800156085349168,4.662046075057699,1.3163108068896663,0.016623215490020007,0.17048121428052346,False,,
7,268,0.08370512260757046,5.0099300430026945,0.04628259387984113,4.869842376366327,0.12112765133529976,5.150017709639063,-0.33172726810717706,5.120907197160789,-0.2943047393794477,5.260994863797157,-0.36914979683490634,4.98081953052442,-0.1240110727498033,5.065418620081742,-0.2610409799588127,"(0.8248792253166675, -0.20984160930906406, -0.06596535746788744)",-0.8001404757893468,4.660072215221093,1.3097553468360839,0.023067361319200185,0.16200463296508047,False,,
7,269,0.0866661770267673,5.007626710542995,0.048262719167965984,4.8678047722625974,0.12506963488556855,5.147448648823392,-0.3279781916668252,5.121512826951854,-0.2895747338080238,5.2613347652322515,-0.3663816495256264,4.981690888671457,-0.12065600732002893,5.0645697687474245,-0.2680498506672082,"(0.8052157031458489, -0.20372432023611914, 0.044254143664855056)",-0.8001263278239493,4.658054807167227,1.3027464761276883,0.024838489924642285,0.15337093113180397,False,,
7,270,0.08962263082805544,5.005321512226322,0.05024027077973675,4.865772131299625,0.12900499087637407,5.14487089315302,-0.3242134643338758,5.1221105799558195,-0.284831104285557,5.261659960882517,-0.36359582438219445,4.982561199029122,-0.11729541675291019,5.063716046091071,-0.2750577152262594,"(0.806541736108498, -0.2048934375249711, 0.0033144032274946876)",-0.8001136939301078,4.656043193892672,1.2957386115686371,0.01984458626815471,0.14470650867010237,False,,
7,271,0.09254555309756908,5.00308670103285,0.0522768717763374,4.863790493960837,0.13281423441880075,5.142382908104863,-0.32053975063322765,5.122504169778572,-0.2802710693119959,5.2618003768505845,-0.36080843195445933,4.983207962706559,-0.11399709876782928,5.062795435405711,-0.28141476964069095,"(0.7915963164194194, -0.22094656448640942, 0.04376242795017006)",-0.8000910532184329,4.654084102484932,1.2893815571542055,0.014988386563304309,0.13647330328048332,False,,
7,272,0.0954693537276088,5.0008036874015716,0.05429778089077515,4.861771670980384,0.13664092656444238,5.139835703822759,-0.3168324880731537,5.122898696503906,-0.27566091523631997,5.261930712925094,-0.3580040609099872,4.983866680082719,-0.11068156717277243,5.061851191952739,-0.28790270921881256,"(0.7957275828136421, -0.22661842871335003, -0.005722234473575252)",-0.8000819406216548,4.652088555471112,1.282893617576084,0.010130612338294608,0.12812268338374458,False,,
7,273,0.09838918679595443,4.998519295156673,0.056316656378971264,4.859757260780148,0.14046171721293757,5.137281329533199,-0.3131120185965003,5.123286109496692,-0.27103948817951706,5.262048143873217,-0.3551845490134834,4.9845240751201665,-0.10736141590027293,5.060902702326683,-0.2943892010541089,"(0.7968363053998798, -0.22763751025342946, -0.04668288279890601)",-0.8000737454206568,4.650098294656083,1.2764071257407876,0.0052933282804731915,0.11974671189198721,False,,
7,274,0.10130022444791222,4.995989992118169,0.058206330414226806,4.857541748008634,0.1443941184815976,5.134438236227704,-0.30927043049760644,5.1237856778732365,-0.266176536463921,5.262233921982771,-0.3523643245312918,4.985337433763701,-0.1039851030248471,5.059887834995703,-0.3017580403383039,"(0.8103150901021966, -0.24356815943526916, 0.023043836116805383)",-0.8000864727012532,4.6479062249988905,1.2690382864565928,0.0003900660674301818,0.11076703000463159,False,,
7,275,0.10420583866797878,4.993459144284064,0.06009312115771004,4.855332144194077,0.1483185561782475,5.131586144374051,-0.3054121615988788,5.124276168624861,-0.26129944408860994,5.262403168714848,-0.34952487910914753,4.986149168534874,-0.10060316146545001,5.058867656454463,-0.30912543051223135,"(0.8116659742553042, -0.2448428498975176, -0.017726173297344463)",-0.8000778244047215,4.645720817385953,1.2616708962826653,0.0044863039020905555,0.10175531245307148,False,,
7,276,0.10706192027387038,4.990912239577284,0.06190612945630605,4.853122709657045,0.15221771109143464,5.128701769497522,-0.301555306386148,5.124822515794888,-0.25639951556858365,5.262612045715127,-0.3467110972037123,4.98703298587465,-0.09724669305613884,5.057867377686086,-0.31668618331173354,"(0.8055524182346805, -0.24006690441033066, 0.03549948729228923)",-0.8002369475693583,4.64353538435934,1.254110143483163,0.00929289339609071,0.09264298005613054,False,,
7,277,0.10991246974877537,4.988362452997511,0.06371549227736838,4.850918503430765,0.15610944722018233,5.125806402564257,-0.2976799324146793,5.1253603861885795,-0.25148295494327233,5.262804335755326,-0.34387690988608627,4.987916436621833,-0.09388373133295198,5.056861419593045,-0.3242519902709288,"(0.807110813564844, -0.24142994232982642, -0.005226762765152184)",-0.8002132509811338,4.641355860030795,1.2465443365239677,0.014071984597467474,0.08349278789409205,False,,
7,278,0.11274659889553945,4.9858100564121814,0.06557006785928346,4.848699243857572,0.1599231299317954,5.122920868966791,-0.2938578797146809,5.125712872588665,-0.2466813486784248,5.262823685143275,-0.3410344107509369,4.988602060034056,-0.09055564040957073,5.055761464500423,-0.33138753875697163,"(0.7987418216115004, -0.26398922222918414, 0.017419908169694034)",-0.8001918594005133,4.639162651682293,1.239408788037925,0.01876678450516847,0.07461842100536618,False,,
7,279,0.1155820280435884,4.983242381307707,0.06742288294001435,4.8464736102271235,0.16374117314716236,5.120011152388289,-0.29000812067814036,5.126059156442444,-0.24184897557456625,5.262827927523027,-0.33816726578171435,4.989290385361861,-0.08721304631727599,5.054650768875075,-0.33856302689108636,"(0.8022225821507383, -0.26656695008363396, -0.02990024525443949)",-0.8001726871336087,4.636963810887085,1.2322332999038101,0.023449078997855376,0.06567754293289808,False,,
7,280,0.1184124551349047,4.980673517651906,0.06927347004876144,4.844253723836258,0.1675514402210479,5.117093311467553,-0.2861427954908088,5.126396025148744,-0.23700381040466542,5.262815818964392,-0.33528178057695196,4.989976231333097,-0.08386517017795203,5.053534771400325,-0.3457363562823111,"(0.8034902734377475, -0.2678393939401145, -0.07081182036616518)",-0.8001554172598014,4.634771449655616,1.2250599705125855,0.028105832446944617,0.05670795337648499,False,,
7,281,0.12115913797260296,4.978018630141285,0.07098424492757065,4.841976430409292,0.17133403101763528,5.114060829873279,-0.28227635088779107,5.126813140550691,-0.2321014578427587,5.262855340282685,-0.3324512439328234,4.990770940818698,-0.08055860645759406,5.052415885345988,-0.3533403743983942,"(0.7935752928859129, -0.26853265304085633, 0.02686995651782491)",-0.8001439620395681,4.632520309172443,1.2174559523965023,0.03266343805344665,0.04751818886621748,False,,
7,282,0.12390039735748684,4.975362162839714,0.07269263721210131,4.839705370525829,0.17510815750287229,5.111018955153599,-0.27839215915955295,5.127219658443272,-0.2271843990141674,5.262876450757156,-0.3295999193049384,4.991562866129386,-0.07724588090103307,5.051290910641493,-0.3609433626695471,"(0.7950541335746377, -0.2699939290789078, -0.01402772407742503)",-0.8001295646131947,4.630276021727059,1.2098529641253495,0.035226019652998916,0.038295542904767665,False,,
7,283,0.1266316310657235,4.9727331517154845,0.07455606989976393,4.837407116048838,0.17870719223168305,5.108059187382131,-0.2746800609112274,5.12716412620764,-0.22260449974526778,5.262490161874287,-0.3267556220771869,4.991838090540994,-0.07402421492275194,5.049948638961562,-0.36734818219617277,"(0.7731998347874715, -0.3221452031833397, 0.05524052543096871)",-0.800116651913398,4.628007695025833,1.2034481445987237,0.03205704232956065,0.029897750496814715,False,,
7,284,0.12935874420329102,4.970103025282371,0.07641770594076569,4.835113223935433,0.18229978246581627,5.105092826629309,-0.2709558391014222,5.127100587026411,-0.21801480083889682,5.262090388373349,-0.32389687736394746,4.992110785679473,-0.07079854744906558,5.048601806154391,-0.37375161122790923,"(0.7741601936847249, -0.32323987372111024, 0.014257074714488205)",-0.8001049856047661,4.625744480621867,1.1970447155669874,0.028905378708879093,0.021477899497581828,False,,
7,285,0.13207844264563978,4.967527306308507,0.07831364704485398,4.832863477631294,0.18584323824642557,5.10219113498572,-0.2672694630867844,5.126967734641872,-0.2135046674859985,5.261631563319085,-0.3210342586875702,4.9923039059646594,-0.0675955102205723,5.04724752047519,-0.3798613363274734,"(0.7687289348383893, -0.32502856300839644, 0.017771848628646593)",-0.800094370153252,4.623526766455535,1.1909349904674231,0.02574268301343885,0.013251089868399436,False,,
7,286,0.13479216118870974,4.964873252304612,0.08016746611351228,4.830555931426247,0.1894168562639071,5.099190573182977,-0.2635281696919593,5.126863727355197,-0.20890347461676176,5.261181048233562,-0.31815286476715665,4.992546406476832,-0.06436800425162478,5.045868489829904,-0.38625506723727276,"(0.7746014325474012, -0.3309673548685108, -0.03923512454573416)",-0.800085158833893,4.621251338983991,1.1845412595576237,0.022631505051761373,0.004801329057928483,False,,
7,287,0.13750156755328338,4.962218124576652,0.08201943742987824,4.828252706512998,0.1929836976766885,5.096183542640306,-0.25977518946306927,5.12675133804606,-0.20429305933966407,5.260716756109714,-0.31525731958647435,4.992785919982406,-0.061136810954892935,5.044484731311356,-0.3926470709284848,"(0.7754863912156438, -0.3321020444516249, -0.08019194959459913)",-0.8000766418366513,4.618980975207729,1.1781492558664117,0.019537738441505786,0.0036693019920454543,False,,
7,288,0.14009766432285545,4.95946423431125,0.08362582345161618,4.825913003734316,0.19656950519409466,5.093015464888184,-0.2559508125604665,5.126932452067338,-0.19947897168922718,5.2604836826442725,-0.3124226534317057,4.993381221490404,-0.05792657411880553,5.043198343189294,-0.40004628318268093,"(0.7704568406609773, -0.3087331492948947, 0.034160066986851464)",-0.8000896082091505,4.616670460016777,1.1707500436122156,0.016734822852218695,0.01274564241811111,False,,
7,289,0.14268841739793997,4.95670881838205,0.08523001025602955,4.823579064199469,0.2001468245398503,5.089838572564632,-0.25211016397109354,5.127102715423578,-0.19465175682918306,5.260232469606159,-0.3095685711130039,4.993972961240996,-0.05471087328657679,5.041905766902814,-0.4074450991947521,"(0.771768199734897, -0.31021830875514955, -0.006741598052325612)",-0.8000806460567865,4.61436625510675,1.1633512276001445,0.013954748770649042,0.021851384942369313,False,,
7,290,0.14526224301190707,4.95398249527587,0.08695407225974955,4.821222722665575,0.20357041376406457,5.086742267886165,-0.24843915162551952,5.1268963809546815,-0.19013098087336197,5.259656153564976,-0.306747322377677,4.9941366083443866,-0.051588454306806225,5.040439438115276,-0.4138369321290269,"(0.7493805551449356, -0.3519189090092054, 0.06113516753157705)",-0.8000726338575507,4.612042498580197,1.1569593946658696,0.011090632318222006,0.030222307818630292,False,,
7,291,0.14783201674030277,4.951255398744919,0.08867669574214668,4.818870928365629,0.20698733773845884,5.083639869124209,-0.2447564126603503,5.126681523084279,-0.18560109166219413,5.259065993463568,-0.3039117336585064,4.994297052704988,-0.04846219796002376,5.038968460914599,-0.42022701892698616,"(0.7503015232277921, -0.35303452816251213, 0.020147272735743404)",-0.8000653693232497,4.609723938665048,1.1505693078679105,0.008243403185158182,0.03861358001695159,False,,
7,292,0.15038673462231048,4.948584811991652,0.09039246143916763,4.816578421293222,0.2103810078054533,5.080591202690081,-0.24108049296613573,5.126498863500282,-0.18108621978299286,5.258505254198711,-0.3010747661492786,4.994492472801853,-0.04534687917191264,5.037541837745967,-0.4265733000791557,"(0.7476765091466705, -0.3423895604716077, 0.010243575909065203)",-0.8000588054033937,4.607465197764318,1.144223026715741,0.005423290372426552,0.03786686997039241,False,,
7,293,0.1529058129917831,4.945757475892572,0.09195983138197084,4.814187770695606,0.21385179460159534,5.0773271810895375,-0.23726641621301134,5.126493835149256,-0.17632043460319904,5.258063540346222,-0.2982123978228236,4.994924129952291,-0.04218030161061412,5.036125655520914,-0.43379477657525867,"(0.759978614711645, -0.3398837340126645, -0.030430216014951973)",-0.8000529813655903,4.60510603986605,1.137001550219638,0.002776472175728716,0.030211324988801875,False,,
7,294,0.15541955184389872,4.942929006533684,0.09352525406124548,4.81180274714224,0.21731384962655187,5.074055265925128,-0.23343763117900412,5.126477613751207,-0.17154333339635083,5.257603873142651,-0.2953319289616573,4.995351354359763,-0.03900903966755271,5.034703310142445,-0.44101462142505043,"(0.7611028663347384, -0.3413628908325125, -0.0713270560318978)",-0.8000476821303554,4.602753034516743,1.129781705369846,0.00015138113081152718,0.022525600794280683,False,,
7,295,0.15796874714519998,4.940155957525491,0.09533427928179783,4.809381634986743,0.22060321500860208,5.070930280064238,-0.2298447610731556,5.125899551879028,-0.16721029320975342,5.256673874417776,-0.2924792289365577,4.99512522934028,-0.035938006963977816,5.0330277547022595,-0.4466669044760821,"(0.7370478488579741, -0.40213330564454564, 0.03885809663893641)",-0.8000428033233491,4.600369555705227,1.1241294223188145,0.0027157414467230104,0.015659762258344694,False,,
7,296,0.1605143830202106,4.937382012028343,0.09714187230245168,4.806963743042255,0.2238868937379695,5.0678002810144305,-0.22624324224887715,5.125314285191352,-0.16287073153111814,5.25573255417744,-0.28961575296663605,4.9948960162052645,-0.032864429614333265,5.0313481486098475,-0.45231822012623,"(0.737658563914692, -0.4031054621789339, -0.0021669089413541474)",-0.8000385219115689,4.597990017192239,1.1184781066686664,0.00556919777357101,0.0087760684780894,False,,
7,297,0.16305541649572405,4.934646402189396,0.09901616075435601,4.804554228235343,0.22709467223709207,5.06473857614345,-0.22273516833353743,5.1245559192155214,-0.15869591259216936,5.254648093169575,-0.28677442407490544,4.994463745261468,-0.029839875918906692,5.029601160702459,-0.45743696746141904,"(0.7258928869023773, -0.4192770977733289, 0.05407413414342012)",-0.8000347329753382,4.595621041413859,1.1133593593334776,0.008478966465679898,0.0021881772555702806,False,,
7,298,0.16559363711251188,4.931910102493889,0.10088944183196585,4.802147368578882,0.2302978323930579,5.0616728364088965,-0.21921998760095776,5.123791509187923,-0.15451579232041168,5.25355424310293,-0.2839241828815038,4.994028775272915,-0.026813175244222946,5.027850805840906,-0.46255473178086864,"(0.7264081619240994, -0.4200851667726967, 0.013012427996623666)",-0.8000312585644662,4.593255505000687,1.1082415950140279,0.011377742904852961,0.004414225453762949,False,,
7,299,0.16811642110946914,4.929183971945612,0.10275614882488457,4.799750456939316,0.23347669339405366,5.058617486951907,-0.21572089925402835,5.123010986306793,-0.15036062696944374,5.252444501313089,-0.2810811715386129,4.993577471300498,-0.023802239072279605,5.026097479126203,-0.46761711679315665,"(0.7226246812664018, -0.4207984115287039, -0.0014827724138038872)",-0.8000281345059524,4.590900574298684,1.10317921000174,0.014255152363527885,0.010980872879124179,False,,
7,300,0.17055417371278153,4.926306278035207,0.10433632005943762,4.797309394904085,0.23677202736612535,5.055303161166329,-0.2119883072967525,5.12267646473133,-0.14577045364340857,5.251673347862452,-0.2782061609500963,4.993679581600208,-0.020717066791985494,5.024491371383268,-0.4742539383674399,"(0.7404413472705867, -0.3854658583043073, -0.025728497944815337)",-0.8000253056099669,4.588495783179802,1.0965423884274568,0.01678707101088068,0.01838795274384812,False,,
7,301,0.17298713005244581,4.923427513287964,0.1059147859775988,4.7948728530834215,0.2400594741272928,5.051982173492506,-0.2082439312437831,5.122331706061648,-0.14117158716893602,5.250886366266191,-0.2753162753186301,4.993777045857106,-0.017628400595668642,5.022879609674806,-0.4808894046139865,"(0.7412798871160444, -0.38682281003085467, -0.06667373649807753)",-0.8000227739207776,4.586096054470512,1.0899069221809101,0.019300482632774257,0.02581905066143143,False,,
7,302,0.17528750078513772,4.920514065388175,0.10728487894492285,4.792449068519956,0.24329012262535255,5.048579062256393,-0.20449145544475072,5.122177012914329,-0.13648883360453573,5.250242009782547,-0.27249407728496555,4.9941120160461105,-0.01460197732980649,5.021345539151252,-0.48813961842009224,"(0.7263415838069167, -0.3681769256530271, 0.04277892750099996)",-0.8001509358881955,4.583704780069245,1.0826567083748042,0.021526910324132474,0.0334682624063581,False,,
7,303,0.17758193970444935,4.917598742977032,0.10865217845263794,4.790030376938393,0.2465117009562608,5.045167109015671,-0.20072424923772247,5.122011138413439,-0.131794487985911,5.249579504452078,-0.2696540104895339,4.994442772374799,-0.01157115476663655,5.019804940695235,-0.49539325179497834,"(0.7273974151607857, -0.3697436294440734, 0.002102381520569836)",-0.8001358402962983,4.581318974876225,1.0754030749999182,0.023730338767875243,0.04114847818834893,False,,
7,304,0.17987646295352852,4.914749821479284,0.11011671559619943,4.787633427380642,0.24963621031085761,5.041866215577928,-0.19708939540796558,5.121623555021709,-0.1273296480506364,5.248739949120352,-0.26684914276529464,4.994507160923066,-0.008606466227218518,5.018186688250497,-0.5019109811389905,"(0.7115252494603276, -0.38838058673735165, 0.04442121269051222)",-0.8001220914152213,4.578957685601204,1.068885345655906,0.02602753336570943,0.04841047702659341,False,,
7,305,0.18216193651344034,4.911875037900889,0.11156477368291746,4.785221808173887,0.2527590993439631,5.03852826762789,-0.19343039991835756,5.121232141467266,-0.1228332370878347,5.247885371194268,-0.2640275627488804,4.994578911740265,-0.005634231702458618,5.016553589684078,-0.5085107657857697,"(0.7133362859423761, -0.39194365594057745, -0.0009276840062417959)",-0.800109882728327,4.576581835028939,1.0622855610091269,0.02828845994258597,0.04409887127196003,False,,
7,306,0.1844466935613717,4.90902309033587,0.11301597229724569,4.782838098915786,0.25587741482549764,5.035208081755954,-0.18975707409818857,5.120852125808796,-0.11832635283406254,5.24703711722888,-0.2611877953623145,4.9946671343887115,-0.002655190268408431,5.014937608072333,-0.5151043528619593,"(0.714969944172045, -0.3878355868187737, -0.021446462661836207)",-0.8000988454213372,4.574234459326504,1.0556919739329373,0.030537733494271194,0.03792213287791439,False,,
7,307,0.18674258118932682,4.906069336351511,0.11462134942446497,4.780277731191552,0.2588638129541887,5.031860941511471,-0.18629459273331087,5.119946092619722,-0.11417336096844896,5.245737697779681,-0.2584158244981727,4.994154487459762,0.00022399422800799132,5.013007714485616,-0.5205850902130972,"(0.6910042791399413, -0.46317446081190816, -0.011021988494124592)",-0.8000890198669043,4.571714841716321,1.0502112365817995,0.03295970811607425,0.03220053362490401,False,,
7,308,0.18903460877170283,4.903114929944557,0.11622533900178471,4.777720311895889,0.26184387854162094,5.028509547993225,-0.1828252930277948,5.119032074779486,-0.11001602325787664,5.244426692828155,-0.25563456279771285,4.993637456730819,0.003104657871954023,5.011073502362022,-0.5260633865583256,"(0.6913592745470476, -0.4642109096626161, -0.05203703467983797)",-0.800080116809932,4.569198745637178,1.044732940236571,0.035368673049926934,0.026461741022868975,False,,
7,309,0.19137261931660715,4.900217585096089,0.11797770847531845,4.77516484797051,0.2647675301578958,5.025270322221669,-0.17947342871097344,5.1178714586254275,-0.10607851786968471,5.242924195751007,-0.25286833955226207,4.992818721499848,0.005949595302816855,5.009044521860758,-0.5307401379141871,"(0.6827849834070797, -0.48695532030332844, 0.047710956626870846)",-0.8000719863015557,4.566689044465662,1.0400561888807096,0.037958221937511014,0.02100458136463428,False,,
7,310,0.19370777539095455,4.897319590298858,0.11972892133345629,4.772611414334572,0.2676866294484528,5.022027766263144,-0.17611647057210114,5.116705157503853,-0.10213761651460282,5.241413333468139,-0.2500953246295994,4.991996981539567,0.008795652409426707,5.007012373901356,-0.5354161470221687,"(0.6830537055863644, -0.4877155102565577, 0.006621811546911683)",-0.8000647866162118,4.564182066134062,1.0353801797727278,0.04053811370268397,0.015534597662654758,False,,
7,311,0.1960381826718609,4.894473213309237,0.12148750032860733,4.770106032099099,0.2705888650151145,5.0188403945193745,-0.17277483746854827,5.115554547154748,-0.09822415512529462,5.239921728364886,-0.24732551981180184,4.99118736594461,0.011631672601656314,5.005013880231992,-0.5400077476333011,"(0.6806448461351056, -0.4796384806471734, 0.03307316625143108)",-0.8000584240220514,4.561724042149271,1.0307885791615954,0.04311876819228498,0.010093765365905203,False,,
7,312,0.19834926405685296,4.891559301208191,0.12319708191896098,4.767554666133879,0.27350144619474487,5.0155639362825015,-0.16938861926696666,5.114424393065387,-0.09423643712907467,5.238429028139699,-0.2445408014048586,4.990419757991076,0.01448032239494314,5.002991847136789,-0.544851281233153,"(0.6836759503888379, -0.4852879428486732, -0.022871212084980365)",-0.8000526675542228,4.559219456857944,1.0259450455617436,0.04562689984073521,0.004544688321719943,False,,
7,313,0.20065733655426404,4.888644961947238,0.12490561866281988,4.765005658986993,0.27640905444570824,5.012284264907482,-0.16599714808646016,5.113287987418417,-0.09024543019501594,5.236927290378661,-0.24174886597790432,4.989648684458173,0.017330094233901954,5.000966474682827,-0.5496931892323016,"(0.6839452413501153, -0.4860893889508919, -0.0639342055544898)",-0.8000473996979913,4.556717894162099,1.021103137562595,0.048124934257895,0.0010176595782494843,False,,
7,314,0.20275519830472805,4.885636086122019,0.12616061433887743,4.762517161065396,0.27934978227057866,5.008755011178641,-0.1623560966907735,5.112778645469024,-0.08576151272492281,5.235897570525647,-0.23895068065662411,4.989659720412401,0.02019955080697727,4.999207365795521,-0.5565246760944532,"(0.6886695775380758, -0.42218613295355695, 0.02397163690987142)",-0.8000509800597257,4.5542649244862,1.0142716507004432,0.05000056447868281,0.007258088510589398,False,,
7,315,0.20484823323008255,4.882626598165653,0.1274144312302609,4.7600337504629735,0.2822820352299042,5.005219445868333,-0.15870297030200203,5.112257873061677,-0.08126916830218033,5.234850720764356,-0.23613677230182367,4.989665025358996,0.023072631464040264,4.997442235613665,-0.5633555638562641,"(0.6895393576951186, -0.4236312436454112, -0.016948859828823076)",-0.8000458809331318,4.551817391728043,1.0074407629386326,0.051857417147843844,0.0135275454520891,False,,
7,316,0.20696571836144145,4.879623863835596,0.12881224031545288,4.757488554160977,0.28511919640743,5.001759173510216,-0.15522864825984373,5.111389350454735,-0.07707517021385511,5.233524660129355,-0.23338212630583224,4.989254040780116,0.025868535050798874,4.995506607145166,-0.5692369792140172,"(0.6710168608220659, -0.46455083243969464, 0.05282289222990619)",-0.8000412384639202,4.549312557242048,1.0015593475808795,0.05389257030256788,0.019400412189048425,False,,
7,317,0.20907941684998704,4.876620720068159,0.13020910642360786,4.7549470822773605,0.2879497272763662,4.998294357858958,-0.15174585383996902,5.110511985470525,-0.0728755434135897,5.232185623261325,-0.23061616426634818,4.988838347679726,0.028666781505009013,4.993566352769342,-0.5751172417910844,"(0.6715791490104334, -0.4656610501978095, 0.011806777231518387)",-0.8000371135203765,4.546811893194739,0.9956790850038122,0.055625762774272204,0.025293929113941117,False,,
7,318,0.21119877480411398,4.8736650965321004,0.1316313940302887,4.75244615446118,0.2907661555779393,4.99488403860302,-0.14827808788895963,5.109623536068272,-0.06871070711513422,5.230842478139192,-0.2278454686627849,4.988404593997352,0.03146034345757718,4.991644316300186,-0.5808569678389117,"(0.6704548686163601, -0.461288752597368, 0.016152163164462503)",-0.8000333927960667,4.544352967153137,0.9899393589559848,0.05456780724495318,0.031151563995520857,False,,
7,319,0.21328986862656935,4.870634346644422,0.1329873367626367,4.74990115578026,0.29359240049050195,4.991367537508584,-0.144746490487841,5.108772889413325,-0.06444395862390827,5.2295060802774875,-0.2250490223517736,4.988039698549164,0.03427168906936416,4.989703618028874,-0.5869337799662094,"(0.6747229468288762, -0.46576758511483113, -0.03804223406832572)",-0.8000298785594199,4.541848537324221,0.9838625468286871,0.053668798946937,0.03716459158985951,False,,
7,320,0.21537683970563662,4.867603322609881,0.134342322947963,4.747360205992545,0.2964113564633102,4.9878464392272175,-0.14120619578025692,5.107912579201603,-0.06017167902258318,5.2281556958189395,-0.2222407125379305,4.987669462584266,0.03708532196268985,4.987757950905742,-0.5930089219591117,"(0.6752718943981654, -0.46696010955158374, -0.0790208423671937)",-0.8000268895952323,4.539348576465545,0.9777874048357849,0.05278020855471136,0.04319898417705825,False,,
7,321,0.21727030957753493,4.864500616227477,0.13538035516848607,4.7448384443982645,0.29916026398658374,4.984162788056689,-0.13758992412288737,5.107346687923276,-0.05569996971383836,5.227008859752488,-0.2194798785319362,4.987684516094064,0.039840192727323774,4.9859236520753765,-0.6001403531290801,"(0.6611689835121417, -0.4402317192878, 0.03230096755723916)",-0.8000354701216947,4.5368587764397095,0.9706559736658165,0.052530408590155404,0.04953137422914945,False,,
7,322,0.21915860932119208,4.861397434122547,0.1364174475088334,4.742322247194535,0.3018997711335507,4.980472621050559,-0.13396091053429277,5.106767776048852,-0.051219748721934064,5.225842962976865,-0.2167020723466514,4.98769258912084,0.042598849393449656,4.9840826050857,-0.6072712336982955,"(0.6620775998702112, -0.4418512775225122, -0.00862724828948679)",-0.8000319218371524,4.534374782966153,0.9635250930966011,0.052294603555437434,0.0558944498318174,False,,
7,323,0.22103614975418423,4.858306217350966,0.13751952782132393,4.73977363170076,0.30455277168704453,4.976838803001174,-0.1304742766567747,5.105976199634622,-0.04695765472391432,5.224508785284828,-0.21399089858963494,4.987443613984414,0.045280936548704784,4.982141208492794,-0.6137984390915951,"(0.6437009172612305, -0.46593518229738473, 0.05948889211686091)",-0.8000288132227865,4.5318606305780955,0.9569978877033014,0.0518738219712827,0.0561472389827227,False,,
7,324,0.22290948188440468,4.855215027582333,0.1386211608317042,4.7372299482963625,0.3071978029371052,4.973200106868304,-0.12697730496364756,5.105173496911031,-0.04268898391094697,5.223158576197002,-0.21126562601634802,4.9871884176250605,0.04796608846037857,4.980194262246682,-0.620323925309921,"(0.6444364588017091, -0.4672670990668495, 0.01851110270494504)",-0.8000259307477653,4.52935170095918,0.9504724014849756,0.051463958626618546,0.051145030199674535,False,,
7,325,0.22480799958155573,4.852151706982559,0.13978294950318704,4.734696435244033,0.30983304965992436,4.969606978721084,-0.12350763384993411,5.1042949589391,-0.03848258377156538,5.221750230677626,-0.20853268392830276,4.9868396872005745,0.050650182865810814,4.978223332960829,-0.6265822121149706,"(0.6441826573037372, -0.4730230286047568, 0.01634532598364579)",-0.8000233535175161,4.526855100848919,0.944214114679926,0.05093190902000401,0.04616908839492289,False,,
7,326,0.22667830564002367,4.849021166786251,0.1408913870237531,4.732121189907189,0.31246522425629425,4.965921143665314,-0.11999059131167915,5.103423753027606,-0.03420367269540847,5.220323729906668,-0.2057775099279497,4.986523776148543,0.05334385716417227,4.9762224599069285,-0.6330840153260654,"(0.6464818316067483, -0.4802095329361281, -0.03583792319580331)",-0.8000209580607399,4.524315466360086,0.9377123114688312,0.0505287546309659,0.041108260621805275,False,,
7,327,0.22854410874623377,4.845890585868673,0.14199913729659308,4.729550704844233,0.3150890801958744,4.962230466893113,-0.116463814291761,5.102541190857263,-0.029918842842120298,5.218881071881703,-0.20300878574140163,4.986201309832823,0.056040147227236374,4.974215888362968,-0.63958419219171,"(0.647109615135385, -0.48157717055041016, -0.0767890225335395)",-0.8000188611403116,4.521780880212019,0.9312121346031865,0.05013663954288767,0.03601820260561204,False,,
7,328,0.23024687662475982,4.842699910617802,0.14286148083828304,4.726989960297008,0.3176322724112365,4.958409860938597,-0.11289297605070084,5.101842808467354,-0.025507580264224047,5.217552758788148,-0.20027837183717753,4.986132858146559,0.05867695028702949,4.972271359542578,-0.6468276420781054,"(0.6328327343503481, -0.46668691689363495, 0.03718709212478327)",-0.8000215644990953,4.5192485773778,0.9239686847167912,0.0502380212854568,0.030835884207021484,False,,
7,329,0.23194442732552745,4.839509148170669,0.1437232905969531,4.724435124019611,0.3201655640541017,4.954583172321726,-0.10930957532933318,5.101130450193337,-0.02108843860075882,5.216204474344395,-0.1975307120579074,4.98605642604228,0.06131742599809713,4.970319799182003,-0.6540702358566631,"(0.6337141706562331, -0.46837448653789227, -0.0037293166905016753)",-0.8000194068595803,4.516722359548124,0.9167260909382334,0.05035273002783026,0.025616604341346595,False,,
7,330,0.23362508349444913,4.83634416862656,0.14462254924114165,4.721873434827528,0.32262761774775656,4.950814902425592,-0.10583985121992148,5.100282718481196,-0.016837316966613988,5.214753452280228,-0.1948423854732289,4.985811984682164,0.06389261613726382,4.968313443553878,-0.6608784462766994,"(0.6180456334000067, -0.48152535075005154, 0.06266244906244481)",-0.8000176073714673,4.51419068866739,0.9099178805181971,0.05034604278309727,0.02054966954939164,False,,
7,331,0.23530149294340516,4.833179616280911,0.1455219319808301,4.719317285225522,0.3250810539059802,4.947041947336301,-0.10235921294499326,5.099422452238893,-0.01257965198241813,5.213284783294283,-0.19213877390756828,4.985560121183503,0.06647113999920595,4.966301034259902,-0.6676845013724265,"(0.6188457268661097, -0.48297823055434047, 0.021702676210695514)",-0.8000158454368766,4.511664771624893,0.90311182542247,0.05034990040559117,0.01545039816518431,False,,
7,332,0.23697877986738508,4.830053003949989,0.1464351097058561,4.716797347165525,0.327522450028914,4.943308660734453,-0.09888282301067974,5.098561818911764,-0.008339152849150738,5.211817475696228,-0.18942649317220875,4.9853061621273005,0.06904797842835267,4.964307411430877,-0.6744132182235998,"(0.6184412229952114, -0.4784694789661432, -0.0035314384808528554)",-0.8000142037724932,4.509175708460781,0.8963831085712968,0.05033062447356351,0.010342491222697793,False,,
7,333,0.23856575993009727,4.826777755741741,0.14719011429200557,4.71419227095697,0.3299414055681889,4.939363240526512,-0.09530843632818907,5.097753808323668,-0.003932790690097332,5.210339293108439,-0.18668408196628067,4.985168323538898,0.0716286618009541,4.962265782032705,-0.6817809786520677,"(0.6193640094243454, -0.4899910555612346, -0.024182455512312434)",-0.8000127438663197,4.506596603146748,0.8890153481428289,0.050668189898731175,0.005058822601018844,False,,
7,334,0.24014717759741008,4.823502701407283,0.1479446963737349,4.711593352127618,0.33234965882108525,4.9354120506869466,-0.09172192716297264,5.096930749174043,0.000480554060702576,5.208840098453708,-0.1839244083866478,4.9850213998943795,0.07421262521721872,4.960216725290663,-0.6891471334264946,"(0.6201512199035074, -0.4917736180900113, -0.0650719553066791)",-0.8000114683773769,4.5040237944647545,0.881649193368402,0.05101885793245927,0.0002617638008324706,False,,
7,335,0.24167228413291864,4.820232964202902,0.14866400393663975,4.708992414874294,0.33468056432919746,4.931473513531511,-0.08821348284157428,5.096050622716006,0.004794797354704658,5.207291172044614,-0.1812217630378531,4.984810073387397,0.07672940064567217,4.958141793459454,-0.6963691440593353,"(0.604026102828827, -0.4979836394902156, 0.040746514714221)",-0.8000109153910177,4.501447959841689,0.8744271827355613,0.05140402947166679,0.005486317907826878,False,,
7,336,0.24319218776152215,4.816963497888452,0.1493830789752108,4.706397449262673,0.3370012965478334,4.92752954651423,-0.08469333574940716,5.095156027392685,0.00911577303690421,5.205722076018463,-0.1785024445357184,4.984589978766906,0.0792494260060575,4.956059762640568,-0.7035900754264937,"(0.6048060864924772, -0.4996873965326973, -0.00011081275798965895)",-0.8000098226197234,4.498878229739052,0.8672062513684029,0.051801483969097,0.010746405533639244,False,,
7,337,0.2447324201313787,4.813736726423947,0.15017202568944055,4.703812517065931,0.3392928145733168,4.923660935781964,-0.08124971796480868,5.0941572064931435,0.013310676477129496,5.20408141585116,-0.17581011240674677,4.984232997135127,0.08174135108328501,4.953946966458545,-0.7104047325006616,"(0.5980620185346014, -0.507071083685413, 0.04159122643032011)",-0.8000086860376939,4.49632100453672,0.860391594294235,0.052031636011883216,0.01589983968130425,False,,
7,338,0.2462634648067521,4.810498397383074,0.1509517665982042,4.701224977995729,0.3415751630153,4.91977181677042,-0.077788744410893,5.093146881725665,0.017522953797654964,5.20242030111301,-0.1731004426194409,4.983873462338319,0.08423736019792956,4.951822639554369,-0.717259741187168,"(0.5990421875146917, -0.5098384570022275, -0.0015214810316179217)",-0.8000078211142421,4.49376103490293,0.8535365856077286,0.05229357609269408,0.021096562043688035,False,,
7,339,0.24775723707091496,4.807242742159447,0.15171163966104828,4.69861381775079,0.3438028344807816,4.915871666568105,-0.07438371117544841,5.092067617236983,0.021661886234418296,5.200696541645641,-0.17042930858531508,4.983438692828326,0.08668676294773327,4.949655179698215,-0.7239957534167295,"(0.5878566599528913, -0.5201903654769301, 0.008073447508856142)",-0.800007035688146,4.491176953373354,0.846800573378167,0.05257041334667754,0.026225586417387217,False,,
7,340,0.24922143603734387,4.803756012551743,0.15233185537477664,4.695879188539206,0.34611101669991107,4.91163283656428,-0.07068914551707627,5.091083734516598,0.026200435145491002,5.1989605585291345,-0.16757872617964342,4.983206910504061,0.08926614526013381,4.94741987353417,-0.7317921189529084,"(0.6190517549761309, -0.5364734793707977, -0.02288637849813085)",-0.800006211147887,4.488464892179852,0.8390042078419881,0.05327039773669321,0.03183403093078064,False,,
7,341,0.25067958324926043,4.8002699355610545,0.1529520922164288,4.693151601479405,0.34840707428209194,4.907388269642704,-0.06698168333769944,5.090082495175659,0.030745807695132264,5.197200829257309,-0.16470917437053098,4.98296416109401,0.0918489499557805,4.945176215368357,-0.7395867701004647,"(0.6198731269552035, -0.5384779597953198, -0.06374627126723605)",-0.8000055889192123,4.485759982919364,0.8312095566944319,0.0539837507012548,0.03748270068581336,False,,
7,342,0.25212631346027814,4.796800663154824,0.15362851636471547,4.690390212693783,0.35062411055584086,4.903211113615863,-0.06343571204487367,5.088897578679595,0.03506208505068905,5.1953080291406355,-0.16193350914043636,4.982487128218556,0.09434530070770225,4.942849120917209,-0.7468017479105653,"(0.5991241804612222, -0.5585026682753961, 0.04571114610875068)",-0.8000297280138013,4.483023330191654,0.8239945788843313,0.054511524552349415,0.042892476505163694,False,,
7,343,0.2535682648927657,4.793331955908927,0.15430535626365025,4.687634865265486,0.3528311735218811,4.89902904655237,-0.05987827977399167,5.087697822878029,0.03938462885512386,5.1933949135214705,-0.1591411884031071,4.982000732234587,0.09684499255938701,4.940514889393478,-0.75401609032482,"(0.5999260444043434, -0.560215565695563, 0.0046310374033398305)",-0.8000267541505899,4.4802928620362215,0.8167802364700766,0.05505019368507847,0.04833729001065374,False,,
7,344,0.2550293460346531,4.78991303347433,0.15504534627301395,4.684897797476574,0.35501334579629223,4.894928269472087,-0.05639514692421163,5.086417308629536,0.04358885283742752,5.191432544627292,-0.1563791466858508,4.981402072631779,0.09931709955522072,4.938165171051933,-0.7608603820575024,"(0.5933056790000902, -0.5639324019709034, 0.03458086791649485)",-0.8000241236595416,4.477582981616489,0.8099359447373942,0.05543349070326778,0.053673218143476205,False,,
7,345,0.25646127956390014,4.786456920375458,0.15574724282473834,4.6821416156320845,0.35717531630306193,4.89077222511883,-0.05288755519230931,5.085126132774351,0.04782648154685255,5.189441437517725,-0.1536015919314711,4.980810828030979,0.10178686218579541,4.935791526574905,-0.7678353224102724,"(0.592743031337927, -0.569674674486906, -0.01118321492292421)",-0.8000217110174719,4.474852828185063,0.8029610043846241,0.05590856552168295,0.05906899053966753,False,,
7,346,0.2578885995016,4.783001515593586,0.15644955070909763,4.679391094399228,0.35932764829410224,4.886611936787944,-0.04936989093684192,5.083820763736869,0.0520691578556605,5.187431184931227,-0.15080893972934417,4.98021034254251,0.10425935428237902,4.933411139665227,-0.7748090541289406,"(0.5933981031800669, -0.5712928583226022, -0.052107064694460734)",-0.800019538782011,4.4721284883836026,0.7959872726659559,0.05639344327932477,0.06449649860271842,False,,
7,347,0.259151894916422,4.779368248232778,0.15688785804996375,4.6765720091781535,0.36141593178288023,4.882164487287404,-0.045692124349018357,5.08263401273331,0.05657191251743991,5.185430251787935,-0.14795616121547667,4.9798377736786845,0.10672988528370182,4.931001130483044,-0.78280282409615,"(0.592927440317471, -0.5784022037240055, 0.02665491739467607)",-0.8000204226087132,4.469326494358772,0.7879935026987466,0.054725849297989924,0.07023823040850197,False,,
7,348,0.26040921574817216,4.775736410069268,0.15732696080306888,4.673760683960391,0.3634914706932755,4.877712136178145,-0.042001558229877264,5.08142861438923,0.06108069671522606,5.1834043404981065,-0.14508381317498054,4.979452888280353,0.10920382875914746,4.928582512229249,-0.7907942864378487,"(0.5937464341069508, -0.5804683809108168, -0.014188193213233042)",-0.8000183791738648,4.466532348059966,0.7800020403570479,0.048912889125093784,0.06975940997560467,False,,
7,349,0.26169438062913714,4.772114689567421,0.15784894106265307,4.670916247478406,0.3655398201956212,4.8733131316564355,-0.03841134418656217,5.080070131040443,0.06543409537992204,5.181268573129458,-0.14225678375304623,4.978871688951428,0.11164151822128748,4.926092410303932,-0.7983068658046866,"(0.5850454709136067, -0.5976244620759772, 0.038513053541151795)",-0.800016567918422,4.463708105959822,0.77248946099021,0.04330685799263181,0.06521077197291986,False,,
7,350,0.2629744142637709,4.76849394173002,0.1583717376419281,4.668078404866713,0.3675770908856136,4.868909478593327,-0.034809591606726115,5.078694982746519,0.06979308501511666,5.179110519609826,-0.13941226822856884,4.978279445883212,0.11408241132852237,4.9235944622382695,-0.8058185819926509,"(0.5858143457363713, -0.5995075357589646, -0.0023838034950459893)",-0.8000149100006406,4.46089056929473,0.7649777448022457,0.03771311847872342,0.06061720644192532,False,,
7,351,0.2642335373618997,4.764866762469209,0.1588828110655727,4.665236322999957,0.3695842636582266,4.8644972019384625,-0.03122224865036652,5.0772861576928,0.07412847764596055,5.1769165971620525,-0.1365729749466935,4.977655718223548,0.11650564435576657,4.921076460081005,-0.8132973246453233,"(0.5815759265386085, -0.6043205177435385, 0.014694471293396613)",-0.7993815099453444,4.458068465314353,0.7574990021495732,0.03217033992655313,0.056013436519010064,False,,
7,352,0.2654808304938633,4.7612205722648,0.15937792663854083,4.662391559351241,0.37158373434918573,4.860049585178357,-0.027598311249791174,5.075870563008169,0.07850459260553143,5.174699575921728,-0.13370121510511362,4.9770415500946115,0.11894125962203606,4.918545567636484,-0.8208774519548452,"(0.5845476639046748, -0.6074141866848466, -0.03296819230679378)",-0.7981262636906955,4.455243194403845,0.7499188748400514,0.026598374823333656,0.05133534842842861,False,,
7,353,0.2667220928764361,4.757575160584042,0.1598716355172302,4.659554857778304,0.3735725502356419,4.85559546338978,-0.02395880509920019,5.074442034132033,0.08289165226000575,5.1724623369377705,-0.13080926245840602,4.976421731326295,0.12138164388861795,4.916008597358037,-0.8284726006351075,"(0.585692223979655, -0.608872866827377, -0.07391783078671801)",-0.7963017269133197,4.45242600974137,0.742323726159789,0.021032744137931186,0.0466068908451071,False,,
7,354,0.26777279993544256,4.753907140132644,0.16014646512073147,4.65673938800082,0.3753991347501535,4.851074892264469,-0.020379844317554824,5.073074891652133,0.08724649049715627,5.170242643783957,-0.12800617913226583,4.975907139520308,0.12369647780894386,4.913491015892388,-0.8364226093514762,"(0.555560140878216, -0.6042195517557446, 0.03023649171992686)",-0.7939656216658565,4.449622239593893,0.7343737174434204,0.015564556221749645,0.04195223865628765,False,,
7,355,0.268817252256348,4.750239745251775,0.160420512034973,4.653932182156347,0.3772139924777229,4.846547308347202,-0.01678448657836809,5.071692147287576,0.09161225364300696,5.167999710383003,-0.125181226799743,4.975384584192148,0.12601638283898994,4.910965946269675,-0.8443864297903344,"(0.5567772072110602, -0.6060167094512815, -0.0108115677561913)",-0.7911263149143519,4.446826731534121,0.7264098970045622,0.01010467396462822,0.03724290320885403,False,,
7,356,0.2698404961289154,4.746577370333224,0.16070839404122225,4.651103896038416,0.37897259821660856,4.842050844628032,-0.013287737986721337,5.070210500662245,0.09584436410097193,5.165683974957053,-0.1224198400744145,4.974737026367437,0.12827637907109704,4.908393935497735,-0.8520551573399752,"(0.5423990957057052, -0.6172825852656506, 0.05795727438178849)",-0.7878351047387919,4.4440106889298665,0.7187411694549214,0.004828633641950709,0.03262863461454635,False,,
7,357,0.2708586285878365,4.742916340626948,0.16099673530102565,4.648283553478744,0.38072052187464733,4.837549127775152,-0.00977653329994238,5.0687136793395595,0.1000853599868685,5.163346466487764,-0.11963842658675325,4.974080892191355,0.13054104764394706,4.905815009983254,-0.8597328383239776,"(0.5435204574840028, -0.6189421234754082, 0.016879746262664898)",-0.7841651935835948,4.441202635532125,0.7110634884709189,0.00043825814232820626,0.027964329470169726,False,,
7,358,0.27189824092503784,4.739274665079725,0.16132710138223627,4.645471556921166,0.3824693804678394,4.8330777732382835,-0.006276493614136847,5.06717528579286,0.10429464592866486,5.160978393951419,-0.11684763315693839,4.973372177634301,0.1328108736554505,4.903224975436292,-0.8672605220028504,"(0.544758242760825, -0.621608291270727, 0.014195135571504834)",-0.7801538748835635,4.438404484259751,0.7035358047920461,0.005654333772049135,0.0232807875627556,False,,
7,359,0.2728964809950229,4.735573099821401,0.1616029423013195,4.642628233125961,0.38419001968872624,4.828517966516841,-0.0027331236880066,5.065616007671695,0.1085604150056969,5.158560874367135,-0.11402666238170994,4.972671140976255,0.13508167865350815,4.900594553746548,-0.8749971044018173,"(0.5449931995338354, -0.6313012055385432, -0.03756309509880042)",-0.775850315549033,4.4355730818086885,0.6957992223930792,0.01090899590273584,0.018513275729170515,False,,
7,360,0.27388952631382,4.731873112019246,0.1618796923949279,4.639792728085086,0.3858993602327121,4.823953495953405,0.0008235601642438417,5.0640402057097536,0.112833394083136,5.156120589643913,-0.11118627375464826,4.971959821775594,0.13735654323903193,4.8979566588645,-0.8827397410889759,"(0.5459675005257094, -0.6330947716916712, -0.07866302566390518)",-0.7712631484757403,4.432749558525204,0.6880565857059207,0.016152134648188272,0.013696583040495697,False,,
7,361,0.2747501986157549,4.728158264194227,0.16203351326138155,4.636944510611102,0.38746688397012824,4.8193720177773525,0.004254239714071545,5.062421538003748,0.11697092506844495,5.153635291586873,-0.1084624456403018,4.971207784420622,0.13950221916491323,4.895289901098987,-0.8904524583757497,"(0.5149622222115154, -0.6400218637228522, 0.03636768725041897)",-0.7664173009010067,4.429908865817625,0.6803438684191468,0.02118586196826832,0.009026872913175145,False,,
7,362,0.2756059107728334,4.7244448842330815,0.16218863274716827,4.634103747173329,0.3890231887984985,4.814786021292834,0.007697711216326064,5.060785777688503,0.12111498924199122,5.1511269147482555,-0.105719566809339,4.97044464062875,0.14165181099457974,4.892615330960792,-0.898170115458986,"(0.5159020391199599, -0.6418968331669037, -0.004810175732566201)",-0.7613444023345703,4.427075684732021,0.6726262113359106,0.026207424754357406,0.004308817146560597,False,,
7,363,0.27643771243831367,4.720757353862406,0.16234466111689558,4.631271178169351,0.3905307637597317,4.810243529555461,0.011064915555461796,5.059102264677645,0.1251579668768799,5.1485884403707,-0.10302813576595632,4.969616088984591,0.14375131399688773,4.889929809270026,-0.9056858827179753,"(0.5038807205539209, -0.6445252057839442, 0.06341811414654555)",-0.7560639506018029,4.424250741075167,0.6651104440769212,0.031087951446647378,0.0003345586010404797,False,,
7,364,0.2772655394275233,4.71707179628555,0.16250299469001467,4.628445850167208,0.3920280841650319,4.805697742403893,0.014443768180025074,5.057402101369197,0.1292063129175338,5.1460280474875395,-0.1003187765574835,4.968776155250854,0.1458546538037742,4.887236948827374,-0.9132035098874182,"(0.5048015536527501, -0.6462865062365124, 0.022217125705219432)",-0.7506155568436629,4.421433133514861,0.6575928169074784,0.035956142018198994,0.0050232167959207725,False,,
7,365,0.2781045036514067,4.713434977245625,0.16269032897426758,4.625659307019789,0.3935186783285459,4.8012106474714615,0.01780424022306401,5.055697702150245,0.1332184149002032,5.143473372376081,-0.09760993445407518,4.967922031924409,0.14795437193723537,4.884566339697935,-0.9205915031401963,"(0.5039323520306844, -0.640946191065288, -0.0008097004917358673)",-0.7450159115516983,4.4186553677348765,0.6502048236547002,0.04076868522888056,0.009715534216399287,False,,
7,366,0.27887119687650785,4.709666369982671,0.16279773236597575,4.622764408920091,0.3949446613870399,4.796568331045251,0.021161933035752062,5.053884230255283,0.13723539754628422,5.140786191317863,-0.09491153147478001,4.966982269192703,0.15001656495612994,4.881775300118977,-0.9281401136625121,"(0.49492632453469615, -0.6698494989498591, -0.0255402518553315)",-0.7392933657223779,4.415766392178756,0.6426562131323844,0.04554982536507032,0.014431393860939556,False,,
7,367,0.27963320016856896,4.705899607179067,0.16290695082279644,4.6198764549834594,0.3963594495143416,4.791922759374673,0.024530059174700775,5.052053312135495,0.1412563085204735,5.138076464331102,-0.0921961901710718,4.966030159939889,0.15208162967163488,4.878976459657281,-0.9356899914353185,"(0.49561553172118505, -0.6717217108069631, -0.06673003847715821)",-0.7334432915545775,4.412884433433971,0.6351063353595781,0.05031662778050098,0.019191101129316344,False,,
7,368,0.2803651704318277,4.702140725060498,0.16300731963249082,4.6169812578489156,0.39772302123116454,4.78730019227208,0.02782330214920381,5.050167455017152,0.1451811529485407,5.135326922228734,-0.08953454865013302,4.96500798780557,0.15409423629051575,4.876154090038825,-0.9430692287631715,"(0.4830255885314101, -0.6773687084294661, 0.039799032546338084)",-0.7274709779984108,4.4099949198707,0.6277270980317251,0.054949327593070536,0.02387310942712955,False,,
7,369,0.28109303402996283,4.69838374080913,0.16310994592143738,4.6140926326162965,0.3990761221384883,4.782674849001963,0.031126299389147224,5.048264622786136,0.14910938749767283,5.13255573097897,-0.08685678871937821,4.963973514593303,0.15610966670955503,4.873324181797633,-0.9504487784669784,"(0.48370330056942706, -0.6791779778859719, -0.0013971462254383353)",-0.7214193894984474,4.407112067003021,0.6203475483279182,0.05956802034371174,0.028596714015904853,False,,
7,370,0.2818342266254956,4.694646512179589,0.16324139965850795,4.611215454461386,0.40042705359248326,4.778077569897793,0.03441798649565225,5.046335585254105,0.15301081346264,5.1297666429723074,-0.08417484047133539,4.962904527535901,0.15812610656057394,4.870491048716847,-0.9577195666663386,"(0.48394556424453505, -0.6799519393886635, 0.04560109985399605)",-0.7152891759636893,4.404241731689147,0.6130767601285579,0.0641443044084907,0.033330737402421075,False,,
7,371,0.2825720216349627,4.690910977508422,0.16337569057541573,4.608344430638986,0.4017683526945096,4.773477524377859,0.03771950333249542,5.0443897523746655,0.15691583439204249,5.126956299244102,-0.0814768277270515,4.961823205505229,0.16014576248372905,4.867650364941544,-0.9649907732008586,"(0.484717421557229, -0.6817641060726933, 0.00435855201562578)",-0.7090990726167106,4.401377664641377,0.605805553594038,0.06870750210527417,0.03810564983293043,False,,
7,372,0.2832732648493029,4.6871723587053395,0.16347940959539356,4.605475160201318,0.40306712010321216,4.768869557209361,0.04099881411324037,5.042423101872105,0.16079266936714975,5.124120300376126,-0.0787950411406689,4.9607259033680835,0.16213603948127162,4.864797730288722,-0.9722659215609822,"(0.47766647941021506, -0.6846323166771459, 0.002788736973525781)",-0.7028552173861367,4.398514226566564,0.5985304052339143,0.07321223802091302,0.04287621583326281,False,,
7,373,0.28394689775170673,4.683339351368179,0.16355080677476014,4.60253228931621,0.40434298872865326,4.764146413420148,0.044312162011384326,5.040376034954987,0.16470825298833094,5.121183097006956,-0.07608392896556224,4.959568972903018,0.16412952988154553,4.861857693161583,-0.9796778252725927,"(0.4784376960657359, -0.7056089105134113, -0.02376485184045668)",-0.696561791676296,4.395576046331377,0.5911185015223038,0.07609796845699798,0.04772518268637963,False,,
7,374,0.2846162600581645,4.6795084377393605,0.16362461828704977,4.599595844104,0.4056079018292791,4.759421031374721,0.047634085829164396,5.03831123747439,0.16862572760027913,5.11822383110975,-0.07335755594195023,4.958398643839029,0.16612517294366444,4.858909837606875,-0.9870888424978794,"(0.4789543349085396, -0.7074853331299288, -0.06499854718326273)",-0.6902106952478431,4.392644384682726,0.5837074842970171,0.07516895103090604,0.05261426941369123,False,,
7,375,0.28528789978066493,4.675656375695173,0.16370847902349597,4.5966409060177025,0.406867320537834,4.754671845372644,0.05096616211644214,5.036202244147468,0.1725455828736112,5.115217713824938,-0.07061325864072687,4.957186774469997,0.16812703094855355,4.85592930992132,-0.9944856016846108,"(0.48044592117338814, -0.7153266445331404, 0.04526209981541879)",-0.6838077547653619,4.3896946254212255,0.5763107251102858,0.07423758585393707,0.05754526439754735,False,,
7,376,0.28595574494473547,4.671806515573494,0.1637952670225265,4.593692383472974,0.4081162228669444,4.749920647674014,0.05430693940526214,5.034075519066941,0.17646741732747115,5.112189651167461,-0.06785353851694678,4.955961386966421,0.1701313421749988,4.852941017320218,-1.0018814648430339,"(0.4810346943468598, -0.7171902242647217, 0.003995434769386293)",-0.6773598009791639,4.386751395100701,0.5689148619518627,0.07329201866595,0.06251641233177886,False,,
7,377,0.28664002835998975,4.668001302893493,0.1639208823192942,4.590767817959545,0.40935917440068526,4.7452347878274415,0.05760279717655642,5.031927046324522,0.180321943217252,5.109160531258469,-0.06511634886413906,4.954693561390573,0.17212141276827309,4.849964174609007,-1.0090739241900852,"(0.47761694238582375, -0.714442250690489, 0.040000435547455665)",-0.6708716527931338,4.383833565559985,0.5617224026048113,0.07241308517022998,0.06744397376725801,False,,
7,378,0.2872991607085665,4.664153970653028,0.16402127545727974,4.587815494063757,0.4105770459598532,4.740492447242298,0.06091609220245453,5.0297366648464985,0.1841939774537413,5.1060751414357695,-0.062361793048832215,4.953398188257228,0.1741076264555105,4.846945317749763,-1.0163504705035875,"(0.47669128493697804, -0.7245256462184956, -0.011708544518738533)",-0.664367251465718,4.3808870652948055,0.554445856291309,0.07146846820429735,0.07242610861654057,False,,
7,379,0.2879548875656288,4.6603088603365945,0.16412490143712427,4.584869251804906,0.4117848736941333,4.735748468868283,0.06423742778200132,5.027528819200435,0.18806741391050588,5.102968427732123,-0.05959255834650315,4.952089210668746,0.17609615767381506,4.843918839768515,-1.0236255450534082,"(0.4772474923930924, -0.7263547154997418, -0.05297352597170364)",-0.6578399395317123,4.377946773735351,0.5471707817414884,0.07051094157009397,0.07744648414408334,False,,
7,380,0.2885211509812262,4.6564656216953875,0.1641653288626764,4.581895993124369,0.4128769730997759,4.731035250266405,0.06738363177062054,5.025244956253845,0.19173945388917035,5.0998145848248635,-0.05697219034792919,4.950675327682827,0.17795239137592336,4.840855288974616,-1.0306362311481476,"(0.4454960885059891, -0.7352521905356001, 0.025350863589402473)",-0.6512921065724436,4.374977123357047,0.5401600956467489,0.06738251756385069,0.08223289799033852,False,,
7,381,0.2890840582736044,4.6526247479610605,0.1642087509822553,4.578928359793857,0.41395936556495344,4.726321136128264,0.07053614853638007,5.022944624756096,0.1954114558277292,5.096641012923299,-0.054339158754968975,4.949248236588892,0.17981010340499223,4.837784686358578,-1.037643677068389,"(0.4458508869765263, -0.7369446278491806, -0.01595373131271496)",-0.6447493257519125,4.372013212115237,0.5331526497265076,0.06402064748521123,0.08705303922032721,False,,
7,382,0.2896542856193533,4.64875539667421,0.16425508932491817,4.5759540122868945,0.41505348191378844,4.721556781061526,0.07376052502248565,5.020628875340466,0.1991597213169208,5.093430259727782,-0.051638671271949516,4.94782749095315,0.18170740532091947,4.834692136007338,-1.0447958236264212,"(0.4553524598225366, -0.7422120842976511, 0.041425082783222225)",-0.6382113937672875,4.369042706563209,0.5260005031684754,0.06059656089495767,0.09200798596446726,False,,
7,383,0.2902211829187317,4.644888237471693,0.16430462556833092,4.572985382277874,0.41613774026913253,4.716791092665511,0.0769920261370634,5.018295959269433,0.20290858348746435,5.0901988144632515,-0.04892453121333737,4.946393104075614,0.18360660452789757,4.831592098370563,-1.051946392995286,"(0.45580780967474205, -0.7440090328260055, 0.00013392985548782893)",-0.6316644210672027,4.3660780405248785,0.5188499337996106,0.05717902304115191,0.09699886484891207,False,,
7,384,0.29077094913303225,4.641026488906774,0.1643453004906136,4.570022577990939,0.4171965977754509,4.712030399822607,0.08020762710676543,5.0159439297084285,0.2066332757491841,5.086947840624263,-0.04621802153565316,4.944940018792595,0.18548928811989884,4.828485209307601,-1.0590711660528154,"(0.45184406208030903, -0.7456533751107908, 0.012635028205618272)",-0.6251096761607144,4.363118868239107,0.5117251607420812,0.05379653700620185,0.10199151836357113,False,,
7,385,0.2913120161866892,4.637130956039982,0.16438321575762582,4.567030459453732,0.4182408166157526,4.7072314526262335,0.08342778493091023,5.013540502139964,0.21035658535997367,5.0836409987262146,-0.043501015498153106,4.943440005553713,0.18736990055879973,4.825335729089973,-1.066202759786003,"(0.4513469853362131, -0.7558752522306731, -0.04021672169919371)",-0.6185501573492359,4.360130303813226,0.5045935670088935,0.05042537975294,0.10701678911976054,False,,
7,386,0.2918497160318823,4.633237964022899,0.16442441309166053,4.564044090229096,0.41927501897210406,4.702431837816701,0.08665409029853634,5.011119896880108,0.21407939323875824,5.080313770673911,-0.04077121264168543,4.941926023086306,0.18925190316520932,4.8221789304515035,-1.073331553392325,"(0.45168062553829874, -0.7576316732327275, -0.08149726597175255)",-0.611985668788363,4.357147613666474,0.49746477340257145,0.04706166000133784,0.11207628875199528,False,,
7,387,0.29233067470920443,4.629347911742632,0.1644692930491924,4.560963212576863,0.4201920563692164,4.697732610908401,0.08953467028657876,5.008523043561978,0.2173960519465908,5.076907742727747,-0.038326711373433214,4.940138344396209,0.1909326724978916,4.818935477652305,-1.0796708728083964,"(0.4033846398437418, -0.778428671807692, 0.03017076417633921)",-0.6054144086013277,4.35407062707454,0.4911254539865002,0.04406797921971617,0.11661342045820583,False,,
7,388,0.29280903324009855,4.62545977862547,0.1645169922568545,4.557886468655086,0.42110107422334253,4.693033088595854,0.09241921746585566,5.0059120380930215,0.22071125844909972,5.0734853480634055,-0.03587282351738841,4.938338728122638,0.1926141253529771,4.815685908359246,-1.086006032989369,"(0.40354868522051945, -0.7798966303342686, -0.011187231897970858)",-0.5989165302387703,4.350997883825644,0.4847902938055275,0.041080995975385726,0.12117613479719656,False,,
7,389,0.2932511921074069,4.621568623551732,0.1645164706934191,4.554842530436198,0.4219859135213947,4.688294716667266,0.09537381252340885,5.003333659469075,0.22410853393739666,5.070059752584609,-0.033360908890578966,4.936607566353541,0.19431250231540786,4.812451141510404,-1.0925984498926653,"(0.407610470983383, -0.776344043722075, 0.05835554708881499)",-0.5924824751658639,4.347956104127161,0.47819787690223126,0.03805307801547025,0.12587903932635217,False,,
7,390,0.29369080358539046,4.617679720243393,0.16451923054698384,4.5518032850120935,0.422862376623797,4.683556155474692,0.09833309910636442,5.000740247184874,0.22750467214477105,5.066616682416173,-0.030838473932042143,4.934863811953575,0.19601195134587743,4.809209983714133,-1.0991873143651452,"(0.407867767312697, -0.7778778711049578, 0.0170181114445963)",-0.5860805849610614,4.344919141130428,0.4716090124297514,0.03503188709918331,0.13061018371387811,False,,
7,391,0.2941451779489049,4.613803772137055,0.16454018053318678,4.548784200892146,0.42375017536462295,4.678823343381962,0.10132851839503887,4.998149626542287,0.230933515810757,5.063169197787196,-0.0282764790206792,4.933130055297379,0.19773684817197187,4.805976699339671,-1.105809713397027,"(0.413975238262669, -0.7759882498709434, 0.02808340004328634)",-0.5797081677119013,4.341903017447671,0.4649866133978695,0.03197955442436337,0.13541723192723748,False,,
7,392,0.29458250809743075,4.609874738716346,0.164551675764078,4.54571102122199,0.42461334043078347,4.6740384562107025,0.10430389759692749,4.995483413911806,0.23433472993028026,5.059647131406162,-0.02572693473642529,4.93131969641745,0.19944320284717912,4.802679076314076,-1.1124024140385098,"(0.4095251220497366, -0.7914295261426457, -0.028908890520083608)",-0.5733595852477111,4.33883248277029,0.45839391275638675,0.02896417742744142,0.14021528701033328,False,,
7,393,0.2950170682115025,4.605947996004812,0.16456625311067488,4.542642507778832,0.4254678833123301,4.669253484230792,0.10728355140342426,4.992802137338301,0.2377343665042519,5.056107625564281,-0.023167263697403406,4.9294966491123215,0.20115030980746337,4.799375066671557,-1.1189919467086924,"(0.4097056704682223, -0.7929623142046327, -0.07021755715662746)",-0.5670351410713802,4.33576673171827,0.45180438008620416,0.025956012728717254,0.14504092098945323,False,,
7,394,0.29541587449075535,4.602015108576324,0.1645937164954048,4.539480614275662,0.4262380324861058,4.664549602876986,0.10996875346120569,4.989970473665983,0.24079091145655623,5.052504967966645,-0.02085340453414486,4.927435979365321,0.2026923139759805,4.7959927911211535,-1.1248937564388213,"(0.3700810004441116, -0.81174613209676, 0.03390895995047129)",-0.5607324917882257,4.332608161477164,0.4459025703560753,0.023250125805128138,0.1494047845987935,False,,
7,395,0.295812464454057,4.598084083289823,0.16462379790937884,4.536322171319505,0.42700113099873516,4.65984599526014,0.11265644964552934,4.9871263358016265,0.24384511619020754,5.048888247771944,-0.018532216899148773,4.92536442383131,0.20423445704979318,4.792605209545725,-1.1307910707395332,"(0.37011433771504293, -0.8130195781029347, -0.007452242380288931)",-0.554514848606365,4.329453143861108,0.44000525605536334,0.020550879236157955,0.15378917981453763,False,,
7,396,0.29617768166333314,4.594179386402972,0.16461419689679316,4.533219977973392,0.42774116642987303,4.655138794832553,0.11540150494112884,4.984333168814091,0.24696498970766884,5.045292577243671,-0.016161979825411066,4.923373760384511,0.20578959330223098,4.789256277608532,-1.1368994968089035,"(0.3732327005850734, -0.8037436649263298, 0.061500876424423596)",-0.5483739433007423,4.32635283024492,0.4338968299859931,0.01782150588599251,0.15829393266375358,False,,
7,397,0.29654098754877967,4.590276825655507,0.16460785250927415,4.53012162738763,0.42847412258828516,4.650432023923384,0.11814970992679943,4.981526812324385,0.25008284496630495,5.041682010592262,-0.013783425112706027,4.9213716140565085,0.20734534873778954,4.785901818989946,-1.1430036181080794,"(0.373381304534051, -0.8050700684606152, 0.02014124229696497)",-0.5422812488990911,4.323256483315564,0.4277927086868172,0.015098565461910275,0.16282133569138282,False,,
7,398,0.2969188929992787,4.586405654468756,0.1646281691399111,4.5270409816341095,0.4292096168586463,4.645770327303402,0.12087193217929444,4.97871607694826,0.25316265603866206,5.038080749782906,-0.01141879168007312,4.9193514041136135,0.20889541258928657,4.782560865708508,-1.1489873553662255,"(0.37201532435928586, -0.8018287875452554, -0.00796732612188179)",-0.5362323203481637,4.3201788471292195,0.421808971428671,0.01240073162359155,0.16731741250812746,False,,
7,399,0.2972638060021475,4.582427168726545,0.16464050314885886,4.523809257297658,0.42988710885543613,4.641045080155432,0.12343137900613707,4.975723859946642,0.25605468185942576,5.034341771375529,-0.009191923847151562,4.917105948517755,0.21034759250414228,4.7790755143365935,-1.154625104617095,"(0.3485231795653742, -0.8364843292594772, -0.027510220107578656)",-0.5302351043997036,4.316949942218937,0.41617122217780156,0.009876695810879207,0.17156225815643936,False,,
7,400,0.29760650631012614,4.57845053412613,0.1646551205215715,4.520580602236565,0.4305578920986808,4.636320466015695,0.1259922255341746,4.972720160947361,0.2589436113227293,5.030590092836926,-0.006959160254380037,4.914850229057796,0.21179936592215037,4.775585347536746,-1.1602580025818254,"(0.34842562032194224, -0.8376400319635029, -0.06884949641366243)",-0.5243166298807521,4.313724195760796,0.4105383242130711,0.007359593258480401,0.1758243544050981,False,,
7,401,0.2979362761593086,4.5745072488594465,0.16467355345754486,4.51735791169695,0.4311989988610724,4.631656586021944,0.12845893147052292,4.969700150664678,0.2617216541722867,5.026849487827175,-0.004803791231240778,4.91255081350218,0.2131976038149158,4.772103699762062,-1.1656716372780043,"(0.33557709426370014, -0.8355954659239506, 0.03903886305944716)",-0.5184458622362099,4.310504559638772,0.4051246895168923,0.0049418838232886285,0.179943256419479,False,,
7,402,0.29826398307251795,4.570565461500427,0.1646941009849222,4.514137750231001,0.4318338651601137,4.626993172769854,0.1309266324114598,4.966669249760194,0.2644965144990556,5.023096961029621,-0.0026432496761359114,4.910241538490768,0.21459530774198887,4.768617355630311,-1.1710804525489786,"(0.3354489424975386, -0.8367225916202423, -0.0024227107707393506)",-0.5126859869278834,4.307287536241668,0.3997158742459179,0.0025308374453260137,0.1840775437050101,False,,
7,403,0.2985900248815561,4.566639571147172,0.16470090897238576,4.510973561401001,0.4324791407907264,4.622305580893342,0.13351151322049865,4.9636900528088495,0.267400629129669,5.01935606255502,-0.00037760268867165214,4.908024043062679,0.21605076905102738,4.765164811978011,-1.1767762748595012,"(0.349310714169243, -0.8286104765520883, 0.0495595751059728)",-0.5070027768704702,4.304125923493264,0.39402005193539535,2.10339635069051e-05,0.18842743277339305,False,,
7,404,0.29891430136045016,4.562715362078218,0.16471043349682532,4.5078125219837135,0.433118169224075,4.617618202172722,0.13609898245950608,4.9606992460875885,0.27030285032313095,5.015602086182093,0.0018951145958813198,4.905796405993084,0.21750664190997812,4.761707304082903,-1.1824695800664806,"(0.349409486148177, -0.8298018948258064, 0.008208177294325552)",-0.5013614091665868,4.300967565678997,0.38832674672841594,0.002483013220682228,0.19279673764228522,False,,
7,405,0.299212917472649,4.558812118049926,0.16470154061714376,4.504667039820818,0.43372429432815424,4.6129571962790346,0.1386447544483972,4.957707925276597,0.2731561313039025,5.0118530035057045,0.004133377592892007,4.903562847047489,0.2189288359605231,4.758260021663261,-1.1881094525463831,"(0.34132657213079604, -0.827347780714087, -0.0009382008307902492)",-0.49575799104161167,4.29782405182029,0.38268687424851344,0.004929188281524177,0.19711622009725213,False,,
7,406,0.29950875552387457,4.554808666708348,0.16470296313324811,4.501400817679059,0.43431454791450097,4.608216515737637,0.14112685840253505,4.954577568280551,0.2759326507931615,5.00798541730984,0.006321066011908627,4.9011697192512615,0.2203178069632048,4.754693117494449,-1.193584241698878,"(0.3333530406436063, -0.8560570005148916, -0.025644431058945837)",-0.4901932897592658,4.294560285295966,0.37721208509601856,0.007309861913536093,0.20133964052878064,False,,
7,407,0.2998024074933576,4.55080703311781,0.1647064449241393,4.498137488810912,0.4348983700625759,4.603476577424709,0.14360996575565843,4.951436439357561,0.2787059283248768,5.004105983664459,0.008514003186440133,4.898766895050662,0.22170618662450803,4.751121736237685,-1.1990551426272373,"(0.333211118712778, -0.8571315016234373, -0.0669783127056049)",-0.484679394731514,4.291299492688095,0.3717411841676592,0.00968369542193841,0.205578742965687,False,,
7,408,0.3000933113035587,4.546795096892921,0.16471011143171418,4.49486832930182,0.4354765111754032,4.5987218644840215,0.1461035867230529,4.948276310305977,0.28148678659489745,5.000203077897078,0.010720386851208408,4.896349542714876,0.2230984490133058,4.747535703599449,-1.2045474315113323,"(0.3341429733114649, -0.860647833176715, 0.04474110465562989)",-0.479198859438414,4.288032884699185,0.3662488952835643,0.01205887222342381,0.20985038681434082,False,,
7,409,0.3003824359999111,4.542784962764656,0.16471625771809667,4.491602074311513,0.4360486142817255,4.5939678512177995,0.14859869782851948,4.9451053535314164,0.28426487611033396,4.996288241984559,0.012932519546705129,4.893922465078273,0.2244905669142153,4.743945158148036,-1.2100363005536479,"(0.33410829621827837, -0.8617309083390473, 0.0033062213398433195)",-0.4737719395956536,4.284769278304878,0.3607600262412487,0.008365850083608956,0.21413849571409005,False,,
7,410,0.3006825890025846,4.538795280719745,0.1647323283888043,4.488371807623921,0.4366328496163648,4.589218753815568,0.15115091016669432,4.941958122539921,0.28710117078047465,4.992381595635744,0.015200649552914114,4.891534649444098,0.22591674958463945,4.740376701629833,-1.2156281077476767,"(0.34228384090180086, -0.856429564368814, 0.045298348105976285)",-0.46838090699423307,4.2815420194466824,0.35516821904721985,0.0023605186195354523,0.21853681406723474,False,,
7,411,0.3009702608814635,4.534780492233699,0.1647407357334987,4.485116456171775,0.43719978602942833,4.584444528295622,0.1536907056633463,4.938771497844904,0.28992023081131113,4.988435533906828,0.017461180515381508,4.889107461782981,0.2273304832724049,4.736775995039301,-1.2212085005823983,"(0.33929608506371, -0.864169581727575, -0.0038629027658112283)",-0.46301286898891286,4.278289403937131,0.3495878262124983,0.003613671443527273,0.22293124459896305,False,,
7,412,0.3012560509244455,4.530767474807923,0.16475158931277564,4.481864182893082,0.4377605125361154,4.579670766722764,0.15623249559077973,4.93557380924253,0.29273695720244963,4.9844771011573705,0.019728033979109855,4.886670517327689,0.22874427325761262,4.733170642025226,-1.2267871391905165,"(0.33930959644985476, -0.8652847233781357, -0.045199432269921985)",-0.4576664405566605,4.275039962768285,0.34400918760438004,0.009581181360331249,0.22734347824805848,False,,
7,413,0.30148750282881304,4.526751887778425,0.164735508696081,4.478545123722732,0.43823949696154507,4.574958651834117,0.15852951287055217,4.932292284172044,0.29528150700328426,4.9804990482277365,0.021777518737820134,4.8840855201163516,0.2300085078496826,4.729522085975234,-1.231885107315212,"(0.3034163020967961, -0.8756534519979939, 0.014432779614226066)",-0.45232338856155324,4.271722750961545,0.3389112194796846,0.014990362891869152,0.23135240362102216,False,,
7,414,0.3017173306373994,4.522737777607449,0.16472169134009967,4.475227833242883,0.4387129699346991,4.570247721972015,0.16082577148730748,4.929000707937372,0.2978214107846072,4.976510652301938,0.023830132190007763,4.881490763572806,0.23127155106235345,4.7258692427724105,-1.2369760604488849,"(0.3031303710410043, -0.8766823686777088, -0.027025611253824217)",-0.44706032633426795,4.268407396801262,0.3338202663460117,0.020388088360871207,0.23537186314029698,False,,
7,415,0.30192669431262364,4.518724889806277,0.1646829506736758,4.471936484918242,0.43917043795157157,4.565513294694313,0.16317487292051838,4.925723577839019,0.3004186165594663,4.972511982727054,0.025931129281570542,4.878935172950984,0.23255078361657103,4.722224233822648,-1.242238162513649,"(0.30701581301221986, -0.8748021479430008, 0.04794452118687652)",-0.4418377147529557,4.26511700609958,0.3285581642812476,0.025924993156480447,0.23950527707110372,False,,
7,416,0.30213444671738604,4.514714120242678,0.16464644769016207,4.468648404971013,0.43962244574460996,4.560779835514342,0.1655257738427947,4.9224371518406524,0.3030137728700187,4.968502867112317,0.028037774815570793,4.876371436568988,0.23383011028009038,4.718575636041665,-1.247499206923281,"(0.3070383992446455, -0.8756634674358441, 0.006511223676290901)",-0.4366667854530819,4.261829969613892,0.32329711987161547,0.028968858159566596,0.2436545341189731,False,,
7,417,0.3023388897113648,4.510686973110155,0.1646010854762421,4.4653736496336425,0.4400766939464874,4.556000296586666,0.16796144767757007,4.919150806359139,0.30569925191269276,4.964464129835651,0.030223643442447462,4.873837482882627,0.23515016869446742,4.714918889734647,-1.2529666442926737,"(0.3168140194504922, -0.8776191136843601, 0.006598966854723429)",-0.43152653233755395,4.258555907269072,0.3178296825022229,0.02768027131785554,0.24797026451706874,False,,
7,418,0.30253768717598395,4.50663732317627,0.16455688779722977,4.46206940867716,0.440518486554738,4.55120523767538,0.17037076831655343,4.915821762713265,0.30835156769530764,4.960389677212375,0.03238996893779933,4.871253848214155,0.23645422774626867,4.711229542944768,-1.2583736581943734,"(0.3129741724323009, -0.8854432295709894, -0.04269707995958757)",-0.4263945691160587,4.255252427944745,0.31242266860052315,0.026398343023483165,0.2522533451073118,False,,
7,419,0.3027345293027631,4.502589635684457,0.16451487354096744,4.458768102608916,0.44095418506455886,4.546411168759997,0.17278101742357418,4.912482407943575,0.3110006731853699,4.956303941019115,0.034561361661778506,4.868660874868034,0.23775777336316867,4.707536021814016,-1.2637782807637008,"(0.31285094805599767, -0.8864450713805776, -0.08403006472868009)",-0.4212757369564007,4.251951967433683,0.30701804603119576,0.02511161030529617,0.2565514840909628,False,,
7,420,0.30291206431614365,4.498546242014049,0.16449433597950497,4.455354431654625,0.44132979265278227,4.541738052373474,0.17482600600888443,4.909026401908909,0.3132437343455231,4.952218212268333,0.0364082776722458,4.865834591549484,0.23886903516251404,4.703786321961479,-1.2683309671656606,"(0.26670283184289134, -0.8999279646087602, 0.030037983570749632)",-0.4161690417808672,4.248540059472066,0.30246535962923593,0.02404219920665118,0.2602037947192895,False,,
7,421,0.3030883053570205,4.494504357408943,0.1644755606077158,4.451942555366923,0.4417010501063253,4.537066159450963,0.17687054757723786,4.905562841837916,0.31548329232654265,4.948124643879936,0.038257802827933146,4.863001039795896,0.2399794264671292,4.7000335996234295,-1.2728792554771136,"(0.2664939131076385, -0.9006533611318154, -0.01134983249076796)",-0.41115352103282976,4.245130016038388,0.297917071317783,0.022970359266700862,0.2638647161900929,False,,
7,422,0.30322181305809986,4.490468969117735,0.16439763485564474,4.448601946935438,0.4420459912605549,4.532335991300033,0.1790644369312864,4.90215446309743,0.3178886151337415,4.944021485279728,0.04024025872883136,4.860287440915132,0.24114312499469312,4.696311716107583,-1.2778878058886214,"(0.2792876466153448, -0.8932520438033047, 0.05797906950851532)",-0.406220593186034,4.241788897023403,0.29290852090627517,0.021702263391838367,0.26782623478860734,False,,
7,423,0.30335389185666906,4.486435355174761,0.16432188089967953,4.445263763885918,0.4423859028136585,4.527606946463604,0.18125882803458238,4.8987371807713505,0.32029083899157196,4.9399087720601935,0.042226817077592904,4.857565589482507,0.24230635994562572,4.692586267973056,-1.2828934848583806,"(0.2791763882238218, -0.8941075522864941, 0.016598552963977786)",-0.40131733226578215,4.2384502863933085,0.28790284193651594,0.020430781566886,0.2718000124582058,False,,
7,424,0.3034902436102656,4.482390371253602,0.16424693793863487,4.441939143514054,0.44273354928189623,4.52284159899315,0.1835314303136734,4.895318794969472,0.32277473598530415,4.93577002270902,0.04428812464204271,4.854867567229924,0.24351083696196948,4.688854583111537,-1.2880708175009077,"(0.2890744839225039, -0.8956043667644736, 0.033265734806563904)",-0.3964410242327769,4.235125260370546,0.2827255092939889,0.019113060395760106,0.27592688774867613,False,,
7,425,0.3036211815553072,4.478310671213422,0.16417472671690436,4.4385654044134455,0.44306763639370994,4.518055938013398,0.18575590759675734,4.891841537285926,0.3252023624351602,4.931586804085903,0.04630945275835455,4.8520962704859505,0.24468854457603226,4.685076104249674,-1.2931370921159493,"(0.28264982737506855, -0.9068349268470829, -0.020417306312292396)",-0.39157328610860304,4.231751259265462,0.27765923467894726,0.01781788431360066,0.2799785417352733,False,,
7,426,0.30375047635271923,4.474232793227962,0.16410453893664,4.435194194851683,0.44339641376879846,4.513271391604242,0.18798083978857943,4.888355228323922,0.3276267772046587,4.927393826700201,0.04833490237250024,4.8493166299476425,0.24586565807064933,4.681294010775942,-1.2982011277767571,"(0.2825072387080961, -0.9077024336955926, -0.061767562904528624)",-0.3867236323898182,4.228379865138416,0.27259519901813944,0.0165189009200628,0.2840426932898264,False,,
7,427,0.30387018853680636,4.470141744323162,0.1640597947387204,4.431696279232672,0.4436805823348923,4.508587209413653,0.18985949895811036,4.884751877655417,0.32966989275619635,4.923197342745907,0.05004910516002442,4.8463064125649264,0.24686484374745837,4.67744681098929,-1.3024460299592429,"(0.23980456243417025, -0.9233279487966423, 0.03185517105168678)",-0.3818905947952932,4.224882849303245,0.2683502968356537,0.01544444173630748,0.28747813381045,False,,
7,428,0.3039887762858985,4.466052141786687,0.16401661203205736,4.428199886449709,0.4439609405397395,4.503904397123664,0.19173726045899994,4.8811420081946295,0.33170942471284104,4.918994263531607,0.0517650962051589,4.843289752857652,0.2478630183724492,4.673597074990658,-1.306686529214998,"(0.2395619099977988, -0.9239366396716303, -0.009536699133034815)",-0.37714980103390444,4.221387417788945,0.2641097975798985,0.014368232013474718,0.2909200621305083,False,,
7,429,0.30408153371954894,4.4619985618045295,0.16393910136889112,4.424781648245755,0.44422396607020675,4.499215475363304,0.19371413489008008,4.8775933611892395,0.3338565672407379,4.914810274748014,0.053571702539422256,4.840376447630465,0.2488978343048145,4.6697959614968845,-1.3112228204072613,"(0.24835582376767126, -0.9122672385056448, 0.05599809368650057)",-0.37249259608375934,4.217968749451191,0.2595735063876352,0.01316714449214341,0.29456647055833357,False,,
7,430,0.30417328697009083,4.457946522907836,0.16386359037824755,4.421365256632529,0.44448298356193405,4.4945277891831426,0.19569091111918147,4.874037347283647,0.3360006077110248,4.910618613558953,0.05538121452733821,4.83745608100834,0.24993209904463615,4.665991935095741,-1.3157558307104065,"(0.24822353755719656, -0.9129663362743319, 0.014606037757058132)",-0.36788189709119995,4.214552004783334,0.2550404960844901,0.011963996216209322,0.29822187691964586,False,,
7,431,0.30426710492833897,4.453913336279052,0.16379544293114345,4.4179590295030104,0.4447387669255345,4.489867643055092,0.19764398828214902,4.870484471856941,0.33811565027934454,4.906438778632983,0.057172326284953584,4.834530165080901,0.250955546605244,4.6621989040679965,-1.3202216432589065,"(0.24562741454587797, -0.9103274466587142, -0.009510380794651437)",-0.36331348838831423,4.211145704093,0.2505746835359901,0.010781985617276349,0.30184053737193517,False,,
7,432,0.3043449847136167,4.449773139572073,0.1637299047977994,4.414383885549584,0.44496006462943405,4.485162393594563,0.19939754175037172,4.866769583460359,0.34001262166618906,4.902158837482848,0.058782461834554406,4.831380329437869,0.2518712632319942,4.658271361516216,-1.3242421245421332,"(0.2197719904200468, -0.942610212427267, -0.03271346867292341)",-0.35879367327494116,4.207570717028308,0.24655420225276337,0.00970724960551281,0.30509967435620117,False,,
7,433,0.3044216904658711,4.4456343529379465,0.16366562302349372,4.410810087286581,0.44517775790824854,4.480458618589313,0.20114973025837243,4.863048897767066,0.34190579770074986,4.897873163418431,0.06039366281599509,4.8282246321157,0.2527857103621218,4.654341625352506,-1.3282580843666356,"(0.2194673112306194, -0.9431366792904506, -0.0740653882357744)",-0.3543514579897601,4.203997124833504,0.24253824242826094,0.008630988266410953,0.3083636201760338,False,,
7,434,0.3044991132731124,4.441526140987131,0.16360963345888624,4.40724561477068,0.4453885930873386,4.475806667203582,0.20283962173467263,4.859336322505181,0.3437291015488988,4.893616848721631,0.06195014192044651,4.82505579628873,0.2536693675038925,4.650431231746156,-1.332119240807288,"(0.21207771402498077, -0.9384944655241233, 0.03929981890343154)",-0.3499836403508421,4.200433175622754,0.23867708598760862,0.007600298684372798,0.31151633277370255,False,,
7,435,0.30457554950227167,4.437419231711443,0.16355488592381587,4.403682420304732,0.4455962130807275,4.471156043118154,0.20452845360650834,4.855618440944106,0.34554911718496417,4.889355252350817,0.06350779002805257,4.821881629537395,0.25455200155439,4.6465188363277745,-1.335976598538554,"(0.21183217211940172, -0.93897490041147, -0.002096216388191147)",-0.34569740709204505,4.196870553529441,0.23481972825634245,0.006568265507850214,0.3146737986810669,False,,
7,436,0.304639547154096,4.433323434650994,0.16347686460947153,4.400185887113412,0.4458022296987205,4.466460982188576,0.206369578594368,4.851943803576432,0.34753226113899255,4.885081351114015,0.06520689604974353,4.81880625603885,0.255504562874232,4.642633619113713,-1.3402239290523992,"(0.22861471676208173, -0.9324521313747038, 0.056928818668751775)",-0.3414848208748186,4.193373636325167,0.23057239774249738,0.005402158629282776,0.3181324758968622,False,,
7,437,0.3047025063658639,4.429229017969817,0.16340041594689514,4.3966910517882996,0.4460045967848326,4.461766984151335,0.20821060665515628,4.848262803350208,0.349512697074125,4.880800769531725,0.06690851623618757,4.815724837168689,0.2564565565105101,4.638745910660012,-1.3444692758208072,"(0.22847847270673555, -0.9330500288882548, 0.01553895190941069)",-0.33730187211331064,4.189878477838687,0.22632705097408934,0.004233917424656776,0.32159906707014646,False,,
7,438,0.3047667866863026,4.425157558602617,0.16333062025027745,4.393207428338704,0.4462029531223277,4.45710768886653,0.21001812452435425,4.844588948723244,0.3514542909603794,4.8765390789871566,0.06858195808832915,4.812638818459331,0.2573924556053284,4.6348732536629305,-1.3486274331013708,"(0.2246157827563945, -0.9294376792996193, -0.0022675399119830818)",-0.33314561676611404,4.1863947831062776,0.22216889369352577,0.0030921739986119272,0.32500871899708184,False,,
7,439,0.30480589717456225,4.420981056119578,0.16325140319358744,4.389559324248305,0.44636039115553705,4.4524027879908505,0.2116242095563045,4.840763348614882,0.3531787035372793,4.872185080486155,0.07006971557532973,4.809341616743609,0.2582150533654334,4.63087220236723,-1.3523618162629276,"(0.19742346242519246, -0.9602523109682577, -0.026883749848045216)",-0.3290252813281939,4.1827463663908215,0.21843451053196894,0.0020394718208625803,0.3280534085131076,False,,
7,440,0.30484394321155983,4.416805889280812,0.1631732200950777,4.385912423763764,0.44651466632804204,4.44769935479786,0.21322883857479646,4.836932861281414,0.3548995616912786,4.867826326798462,0.07155811545831434,4.806039395764366,0.25903639089317815,4.626869375281113,-1.3560921743648258,"(0.1971210066587454, -0.9606785006680635, -0.06824359679787463)",-0.3249697819316685,4.179099193690041,0.2147041524300708,0.0009855411581555355,0.33110169723696464,False,,
7,441,0.30486405357179747,4.412600899222588,0.16306326931251608,4.382310016378856,0.4466648378310789,4.4428917820663205,0.2150359182421084,4.833113569784595,0.3568367025013898,4.863404452628327,0.07323513398282705,4.802822686940862,0.25994998590695295,4.622857234503591,-1.3603436193955065,"(0.21926280330594766, -0.9629137866051162, 0.04400865863050514)",-0.3209758060539085,4.175495240396547,0.21045270739939004,0.0002495910470047403,0.33455300825468826,False,,
7,442,0.30488283930145965,4.408397452527814,0.16295459936292261,4.378709496923747,0.4468110792399967,4.438085408131881,0.2168426950962955,4.8292880951041655,0.35877093503483254,4.8589760507082325,0.07491445515775849,4.7996001395000985,0.2608627671988776,4.61884277381599,-1.3645936345910414,"(0.2190675100619141, -0.9634705650242836, 0.002627425539757853)",-0.316989309375604,4.171893223848828,0.20620269220385512,0.0014873190965691084,0.33801198292770135,False,,
7,443,0.3049208491339898,4.404224034127094,0.1628722165995674,4.3751175744471436,0.44696948166841227,4.433330493807045,0.2186051411175834,4.825471703022278,0.36065377365200585,4.854578162702229,0.07655650858316099,4.796365243342327,0.2617629951257866,4.614847868574686,-1.368689004092874,"(0.21605470245817132, -0.9587772579127962, 0.0458737863099751)",-0.31300870391891583,4.16830082502553,0.20210732270202247,0.0026529200329048087,0.34138330162603664,False,,
7,444,0.3049450693244584,4.400011268353862,0.16278096390137275,4.371474149906938,0.447109174747544,4.428548386800786,0.22031775255082078,4.821601374091288,0.3624818579739065,4.850138492538212,0.07815364712773515,4.793064255644364,0.2626314109376396,4.610806321222575,-1.3726954429003007,"(0.2084197948447136, -0.9699713645065847, -0.008906035412071373)",-0.3090490145143532,4.164656617603945,0.1981008838945959,0.0038125348421585194,0.3446725709816021,False,,
7,445,0.30499656383872514,4.395859331896928,0.1627279364860244,4.367847947226078,0.4472651911914259,4.423870716567778,0.22192831964240983,4.817759399218731,0.3641969469951106,4.845770783889581,0.07965969228970912,4.789748014547881,0.2634624417405675,4.6068093655578295,-1.3763921565115182,"(0.19944739270269163, -0.9592693595389716, -0.01153612322555378)",-0.3051160631133618,4.161031114226991,0.1944041702833783,0.004842135827351809,0.34775705972949716,False,,
7,446,0.30496692651341917,4.391642613114693,0.1625878100113386,4.364198357174935,0.44734604301549974,4.419086869054452,0.2235805123472394,4.813870337913968,0.36595962884932,4.841314593853726,0.08120139584515887,4.786426081974209,0.2642737194303293,4.60275647551433,-1.3803769271124529,"(0.19470664554283623, -0.9726936104398328, 0.003929024481265302)",-0.30123718108853087,4.157378836084007,0.1904193996824437,0.006073277187565003,0.3509703407651722,False,,
7,447,0.3049360811364334,4.3874274653791225,0.16244881108572545,4.360550377116131,0.4474233511871414,4.414304553642114,0.2252316124944596,4.809975921391567,0.3677188825451676,4.8368530096545586,0.0827443424437517,4.783098833128576,0.2650838468154465,4.598701693385345,-1.3843589127317661,"(0.1944305724281247, -0.9731477109565986, -0.03744544847325356)",-0.2973777313169242,4.153728210800753,0.1864374140631304,0.007306208657318709,0.3541887644341291,False,,
7,448,0.30492016443926334,4.383271676548457,0.16234012784136276,4.356891131373246,0.44750020103716387,4.409652221723667,0.22668820288519018,4.806095233356023,0.3692682394830908,4.832475778531235,0.08410816628728962,4.779714688180813,0.26580418366222675,4.59468345495224,-1.3878425993841876,"(0.172880843227263, -0.964377223945042, 0.050995392674025225)",-0.29353605048087617,4.150067514218248,0.18295372741070892,0.008369932446886549,0.357027535441028,False,,
7,449,0.3049034780667779,4.379117246282424,0.1622325112330822,4.353232980352356,0.4475744449004736,4.405001512212492,0.2281432411707139,4.802210458272005,0.3708142080044097,4.828094724202073,0.0854722743370182,4.776326192341936,0.2665233596187459,4.590663852277214,-1.3913221927138817,"(0.1726022295645918, -0.9647046420062835, 0.009587068889329088)",-0.2897578595084726,4.146407953540083,0.17947413408101487,0.009434191460072404,0.35986875205108665,False,,
7,450,0.30492163016380025,4.374996660224265,0.1621643633658748,4.349592668876724,0.4476788969617257,4.400400651571806,0.22958565582281698,4.798345796245699,0.3723429226207424,4.82374978759324,0.08682838902489154,4.772941804898158,0.2672536429933086,4.586671228234982,-1.3946874808856276,"(0.17526800989504568, -0.9582297701357683, -0.0056808897245483984)",-0.2860371086071968,4.1427677638221265,0.176108845909269,0.010415620662188475,0.36267165175832533,False,,
7,451,0.30490803209300776,4.3708408100709395,0.16206780767581988,4.345907493234879,0.4477482565101957,4.395774126907,0.230967851130897,4.7944359583426,0.37380807554808493,4.81936927517866,0.0881276267137091,4.76950264150654,0.2679379416119524,4.58263838420677,-1.3979835468514616,"(0.1642316684745031, -0.9678825667709733, -0.04931784411892322)",-0.2823799604169928,4.139081633270993,0.1728127799434349,0.011421820634514664,0.3653787112840528,False,,
7,452,0.3048936535149384,4.3666861503190715,0.16197210129386824,4.342223323198726,0.4478152057360086,4.391148977439417,0.2323487179166726,4.790522477595348,0.37527027013774283,4.814985304715694,0.08942716569560244,4.766059650475003,0.2686211857158055,4.57860431395721,-1.4012764245492533,"(0.1639785849247548, -0.9681768598944247, -0.09068921454778701)",-0.27878576014188755,4.1353965413712235,0.16951990224564328,0.012428736905505642,0.36808811430431654,False,,
7,453,0.3048501315403573,4.3625726689877045,0.1618529974900117,4.338555598946013,0.44784726559070287,4.386589739029395,0.23362709624430816,4.786633135481832,0.37662423029465375,4.810650205523523,0.09062996219396263,4.762616065440142,0.2692386138923327,4.574602902234768,-1.4043944909010355,"(0.14818276236652778, -0.9603388133859525, 0.03030181833508483)",-0.2752097522487784,4.131726966582494,0.16640183589386104,0.012645683956102036,0.3706169660369935,False,,
7,454,0.30480627293124635,4.358459576646132,0.1617352707508572,4.33488653409539,0.44787727511163555,4.382032619196873,0.23490000881525425,4.782739100353492,0.37797101099564345,4.8063121429042335,0.09182900663486512,4.759166057802751,0.2698531408732503,4.570599338499812,-1.4074988361819212,"(0.14748647542022125, -0.9608552963896348, -0.011035967663861175)",-0.271743437677986,4.128056106324904,0.16329749061297538,0.009809945024875236,0.37313930825867103,False,,
7,455,0.30473430374983257,4.354357299362451,0.1615823942021038,4.33128067064769,0.4478862132975613,4.3774339280772105,0.23630016342330287,4.778876755262611,0.3794520729710317,4.801953383977371,0.09314825387557416,4.755800126547851,0.2705172335865677,4.566617027312531,-1.410967554568205,"(0.15938225119617855, -0.9557546849473327, 0.05734473395554299)",-0.2683384000484105,4.12444702188916,0.15982877222669156,0.0066744528104660285,0.37593153880871244,False,,
7,456,0.3046614937718016,4.350256275904332,0.16143044044180507,4.327676077455698,0.44789254710179804,4.372836474352967,0.2376995259586107,4.775010434055357,0.38093057928860724,4.797590632503991,0.09446847262861424,4.752430235606722,0.27118050986520614,4.562633354979845,-1.4144344491341827,"(0.15918630687322377, -0.956081359844776, 0.01594139295678793)",-0.2649533764382108,4.1208392429154745,0.15636187766071385,0.003542540388843297,0.37872767182348804,False,,
7,457,0.3045931388984891,4.34615686001715,0.16128449964862834,4.3240744254513395,0.44790177814834986,4.368239294582959,0.2391072984619506,4.771141100551219,0.38241593771181137,4.793223535117029,0.09579865921208988,4.74905866598541,0.27185021868021986,4.558648980284184,-1.417908755801032,"(0.16073011560328712, -0.9562499269584008, 0.04941770825938174)",-0.26158589722342485,4.117234638441156,0.15288757099386463,0.00039814111567246653,0.38154290113996914,False,,
7,458,0.3045166985228207,4.342025864758849,0.16113446061356015,4.3204264700420465,0.44789893643208123,4.363625259475651,0.24046332108678725,4.767228363386311,0.38384555899604783,4.788827758103113,0.09708108317752676,4.745628968669509,0.272490009804804,4.55462711407258,-1.4212785134766635,"(0.15354986990019306, -0.9652478907851044, -0.003341957566277953)",-0.258235194390922,4.113583605570639,0.1495178133182331,0.0026365585633420373,0.3842653473755103,False,,
7,459,0.30443949863475994,4.337896146209592,0.16098533823771077,4.316779710317668,0.44789365903180905,4.359012582101514,0.24181834392078153,4.763311932214633,0.38527250431783067,4.784428368106557,0.09836418352373241,4.742195496322711,0.2731289212777707,4.5506040392121125,-1.4246459966227139,"(0.1533387535120176, -0.9655379665122209, -0.044729859787006464)",-0.25490855690663966,4.109933803384719,0.1461503301721827,0.005667303957610644,0.38699095071992107,False,,
7,460,0.30437219688033357,4.333727872031839,0.16085718590172424,4.313029040571835,0.44788720785894287,4.354426703491844,0.2429894553092873,4.759324111485646,0.38650446628789664,4.78002294294565,0.09947444433067801,4.738625280025642,0.2736808260948104,4.546525991758743,-1.4275564426133664,"(0.13245715608953484, -0.9787313888088637, 0.023084064413674277)",-0.2516039222945862,4.106180992361644,0.1432398841815301,0.008285257183957314,0.38935073601599784,False,,
7,461,0.3043042069801839,4.329560627747877,0.16072961346763637,4.309279205270478,0.44787880049273143,4.349842050225276,0.24415929894375965,4.755333560233363,0.3877338924563072,4.775614982710762,0.1005847054312122,4.735052137755964,0.2742317529619718,4.54244709399062,-1.430464306095377,"(0.13222244811872694, -0.9789354643493988, -0.01831044723262995)",-0.24836247003992798,4.102429037949154,0.14033202069951956,0.010899214400414586,0.3917119051723589,False,,
7,462,0.3042377763384511,4.325430077190139,0.16060502371521224,4.305564721067697,0.44787052896169,4.3452954333125815,0.24532672025120822,4.751375481521124,0.38895947287444715,4.771240837643566,0.10169396762796934,4.731510125398681,0.27478224829482967,4.538402779355631,-1.433361627974497,"(0.13211887988588983, -0.9706355123972918, 0.0370339072965274)",-0.24517956883757355,4.098712524451658,0.1374346988203996,0.013504917498786463,0.3940708592837557,False,,
7,463,0.3041674475231611,4.321296528227951,0.1604777438999805,4.3018473875610095,0.4478571511463417,4.340745668894894,0.2464906855453321,4.747410821731177,0.3901803891685127,4.766859962398119,0.10280098192215154,4.727961681064235,0.2753290665342466,4.534353674979564,-1.4362588269599363,"(0.1312363774600617, -0.9717850502560151, -0.005684402967745584)",-0.2420476739771792,4.094993058526118,0.13453749983496022,0.01610433718430437,0.3964286555618589,False,,
7,464,0.304069427828341,4.31711522080804,0.160319738199006,4.298114517361328,0.447819117457676,4.3361159242547505,0.24772251415878455,4.743407403846756,0.3914722037881196,4.762408107293468,0.10397282452944953,4.724406700400046,0.2758959709935628,4.530261312327398,-1.4393790454611923,"(0.13605707023588615, -0.9821670365198468, 0.010612009966208563)",-0.23896228577815445,4.09125686379096,0.13141728133370423,0.018871589265505896,0.3989414077945411,False,,
7,465,0.30397055056379685,4.3129350786560385,0.1601623044185535,4.294382765036732,0.4477787967090402,4.331487392275345,0.24895334465826846,4.739400912052278,0.3927615908035118,4.757953225671584,0.10514509851302514,4.720848598432972,0.27646194761103265,4.526167995354158,-1.4424976480675775,"(0.13583438819276586, -0.9823960735775749, -0.03077450474418728)",-0.2358986148699516,4.087521808515003,0.12829867872731904,0.021635308816284598,0.40145669231001957,False,,
7,466,0.30387080888583523,4.308756104577123,0.16000543349708046,4.29065213362452,0.44773618427458994,4.3268600755297255,0.2501831708884616,4.735391355729982,0.39404854627721636,4.753495326682585,0.10631779549970691,4.7172873847773795,0.2770269898871484,4.5220737301535525,-1.4456146686780267,"(0.13561014626777712, -0.982623648145457, -0.07214697344541067)",-0.23285395158111125,4.083787895373967,0.12518165811686988,0.02439549075496447,0.40397449461708124,False,,
7,467,0.30376487587726647,4.304581837804053,0.15984824440600054,4.286889941750666,0.4476815073485323,4.322273733857439,0.2512992530982577,4.731369089753324,0.3952158845695236,4.74906098580671,0.10738262162699183,4.7136771936999375,0.2775320644877621,4.517975463778688,-1.448478465633798,"(0.12121790414728129, -0.9835839299674707, 0.03813086341038466)",-0.22982950138402333,4.0800224335642366,0.12231786116109866,0.026910457217304035,0.4062719991593631,False,,
7,468,0.30365824887186377,4.300408822323416,0.15969154320824552,4.283129133079534,0.447624954535482,4.3176885115672965,0.25241503249345665,4.7273445701534555,0.3963817381570749,4.744624259397337,0.10844832682983843,4.710064880909575,0.2780366406826602,4.513876696238436,-1.4513421709937897,"(0.12109828677555295, -0.9837042096605803, -0.003299352914263391)",-0.2268411235564111,4.0762583730319975,0.11945415580110685,0.02923836391791567,0.40857269495483955,False,,
7,469,0.30354394662145745,4.296240603392636,0.15952740023603407,4.27938135171247,0.44756049300688083,4.313099855072802,0.25354754508717114,4.723324154742512,0.3975640914725945,4.740183406422679,0.10953099870174784,4.706464903062346,0.2785457458543143,4.509782379067574,-1.4542620440212295,"(0.12218524119697757, -0.9826361210066807, 0.06179771772609247)",-0.223887535633452,4.0725070383108335,0.11653428277366706,0.030281637371609903,0.4109149747968666,False,,
7,470,0.3034291673033604,4.292073417955127,0.15936404113274955,4.275634457481728,0.44749429347397124,4.308512378428526,0.254679146589143,4.71930103349556,0.3987442727597539,4.735739993968958,0.11061402041853213,4.70286207302216,0.2790541569462517,4.505687225725343,-1.4571799034243984,"(0.12201866206496932, -0.9828368021353345, 0.020384427320643283)",-0.22096109642513298,4.068756620820285,0.11361642337049815,0.03132527859938228,0.41325922572648494,False,,
7,471,0.30332255422657933,4.2879185272075855,0.15921123214633306,4.271889589367432,0.44743387630682563,4.30394746504774,0.25578846270060623,4.715283137514524,0.39989978478085253,4.731312075354677,0.11167714062035997,4.699254199674369,0.2795555084635928,4.501600832361055,-1.460025537472909,"(0.12032436416186601, -0.98073440742924, -0.011825591960225763)",-0.21805862618592187,4.065008641153556,0.11077078932198758,0.03233583846240072,0.415557170417424,False,,
7,472,0.3031919862401981,4.283654832013123,0.15904033137284368,4.2679927632160855,0.44734364110755254,4.29931690081016,0.256745851186916,4.711139049895622,0.40089750605427044,4.726801118692659,0.11259419631956158,4.695476981098585,0.27996891871355706,4.497396940954372,-1.462570913566118,"(0.09921845999142623, -1.0089339376037558, -0.029035860856111297)",-0.21518552709849983,4.061108111503227,0.10822541322877854,0.03328978530831656,0.41756635004009796,False,,
7,473,0.30306085025698154,4.279392164051172,0.15886984773277463,4.26409658328207,0.4472518527811885,4.2946877448202745,0.25770154176929866,4.706993068088476,0.4018925442935056,4.722288648857578,0.11351053924509175,4.691697487319374,0.2803811960131401,4.493192616069824,-1.465112943482182,"(0.09894655189992989, -1.009037972291541, -0.07040279591461278)",-0.21236542661966548,4.057208243989701,0.10568338331271465,0.03424373645792367,0.419575115868089,False,,
7,474,0.30293503744894923,4.275162950354637,0.15870674180929722,4.260223113110506,0.44716333308860123,4.290102787598768,0.25863069251807713,4.702874447768777,0.40285898815772914,4.717814285012908,0.1144023968784251,4.687934610524646,0.2807828649835132,4.489018699061707,-1.467579791899289,"(0.09640055288954573, -1.001740081948149, 0.04250379923626649)",-0.20959466984134723,4.053331357768605,0.10321653489560756,0.03516762895123687,0.4215296292744248,False,,
7,475,0.302808705065966,4.270934696613821,0.1585440289747434,4.256350347732414,0.44707338115718864,4.285519045495229,0.2595585670038604,4.698754080884344,0.403823243095083,4.713338429765751,0.11529389091263775,4.684169732002936,0.2811836360349132,4.4848443887490825,-1.4700442414189347,"(0.09618505233600848, -1.001834475029948, 0.0010675922722079212)",-0.20687419075157276,4.049455191222366,0.10075208537596181,0.036091721175074955,0.42348438411624323,False,,
7,476,0.30269421207221414,4.266732626730703,0.15839312215112222,4.2525130821675,0.4469953019933061,4.280952171293906,0.260525907505473,4.694659996841527,0.4048269974265649,4.70887954140473,0.11622481758438108,4.680440452278324,0.28161005978884357,4.480696311786115,-1.4725726364458478,"(0.10234170094329147, -0.9955384711120819, 0.050904613982582565)",-0.20419920980466433,4.045614959513592,0.09822369034904876,0.03701860494893079,0.4255143928997322,False,,
7,477,0.3025649570535036,4.262514567302179,0.158228333776248,4.248660355634978,0.44690158033075916,4.276368778969379,0.26148005348870174,4.69054731219335,0.40581667676595734,4.704401523860551,0.11714343021144619,4.676693100526149,0.2820225052711027,4.476530939747764,-1.4751040637972013,"(0.09898691574218701, -0.9996892892040791, 0.0038101013790498026)",-0.20156085806468219,4.0417587352274325,0.09569226299769529,0.03796747377304968,0.4275293405665227,False,,
7,478,0.3024580129840619,4.258328199238354,0.1580885651111747,4.244820330388025,0.446827460856949,4.271836068088684,0.2624001950141189,4.6864582860338135,0.40676964288700607,4.699966154884143,0.11803074714123177,4.6729504171834835,0.2824291039990904,4.472393242636084,-1.4775033389447387,"(0.09758369471705532, -0.9930473068034058, -0.01861333259660542)",-0.1989542005932347,4.037916182009162,0.09329298785015783,0.03884496914372127,0.4294640391933348,False,,
7,479,0.30229598623910614,4.254104669067292,0.15789325012164201,4.24095743354837,0.44669872235657027,4.267251904586214,0.26330763263126855,4.682333472725979,0.40771036874873273,4.695480708244901,0.11890489651380443,4.669186237207057,0.28280180943518735,4.468219070896636,-1.4800010389582223,"(0.08944930466327043, -1.0018012174676472, 0.001738032881113745)",-0.19638909696044368,4.03404860029138,0.09079528783667423,0.0398303294946849,0.43140942669713306,False,,
7,480,0.3021333921195477,4.249882222216527,0.15769830271388544,4.237095316868542,0.44656848152521,4.2626691275645126,0.2642136038462124,4.678206970109182,0.4086486932518747,4.690993875457167,0.11977851444055015,4.6654200647611965,0.28317349798288005,4.4640445961628545,-1.4824960721718063,"(0.08920525144625058, -1.0018739361075006, -0.03965192248059231)",-0.1938506803185752,4.030181812998439,0.08830025462309021,0.04081585652582183,0.4333547491424201,False,,
7,481,0.30198473078700117,4.245670809890758,0.15752090608073832,4.233212746187351,0.446448555493264,4.258128873594165,0.26504012808034605,4.674080772812779,0.4095039527866089,4.686538836516186,0.12057630337408323,4.661622709109372,0.2835124294336736,4.459875791351768,-1.4847725881882814,"(0.08134354819045081, -1.0005131546606998, 0.04407082025797052)",-0.19133578115374492,4.026295274434907,0.08602373860661516,0.04171565015338214,0.4351319203370696,False,,
7,482,0.30183557290598745,4.2414602905167085,0.15734378794357165,4.229330819037085,0.44632735786840316,4.2535897619963325,0.26586541610434583,4.669953170060425,0.41035720106676166,4.682082641540048,0.12137363114193009,4.657823698580801,0.28385049450516664,4.455706730288567,-1.4870469311748717,"(0.08113561715832925, -1.000574655168496, 0.0026127053659030204)",-0.18886464079635834,4.0224093899634035,0.08374939562002481,0.04261562298656868,0.43690901240344854,False,,
7,483,0.301695831133223,4.237278782745252,0.157176926729739,4.225476822314177,0.4462147355367071,4.249080743176325,0.2666969139927971,4.665852085459031,0.41121581839628113,4.6776540458901055,0.1221780095893131,4.654050125027958,0.28419637256301006,4.451565434102141,-1.489313358822059,"(0.0830107338824226, -0.993911084742121, 0.008990688458592126)",-0.1864321085446909,4.018551815870808,0.0814829679728375,0.043500012274862554,0.43869499757172425,False,,
7,484,0.30153323137495736,4.233061035364972,0.15698815950346906,4.221584006234299,0.4460783032464456,4.244538064495643,0.2674979036081382,4.661711938156281,0.41204297547962654,4.673188967286952,0.12295283173664992,4.65023490902561,0.28451556749154777,4.447386486760626,-1.4915615197152503,"(0.07660678284904497, -1.0029473619637073, -0.043421532049427815)",-0.18403591951770487,4.014654595516172,0.07923480707964625,0.044411318065844425,0.4404351205425013,False,,
7,485,0.301370209767119,4.228844304826939,0.1567997298896107,4.217691890380419,0.44594068964462724,4.239996719273461,0.2682975324429538,4.657570555498172,0.4128680123204621,4.668722969944692,0.12372705256544558,4.64641814105165,0.2848338711050364,4.4432074301625555,-1.4938070893207522,"(0.07639286723726663, -1.002973583536967, -0.08480402726405614)",-0.18167302477138553,4.010758088381102,0.07698923747414432,0.04532255651759927,0.44217480323734476,False,,
7,486,0.3012042352840738,4.224615124750044,0.1566103046275283,4.213770991899045,0.4457981659406193,4.235459257601042,0.26904577234662996,4.653410919110834,0.4136397030031755,4.664255051961833,0.12445184169008452,4.642566786259835,0.2851250038153519,4.439013021930439,-1.495939312149668,"(0.0698718504757267, -1.0066579757080085, 0.027692146095221554)",-0.17934065436693772,4.006832782022204,0.07485701464522854,0.046203721501745475,0.4438130974190066,False,,
7,487,0.30103781192555085,4.2203868673612925,0.15642110773148843,4.209850792757957,0.44565451611961326,4.230922941964628,0.26979290103290104,4.649250197040236,0.41440960522696346,4.659786271643571,0.12517619683883863,4.638714122436901,0.28541535647922595,4.434818532200764,-1.4980696496548305,"(0.06968463932977519, -1.006677535121876, -0.013710222856958965)",-0.17704625337402569,4.002908183717234,0.07272667714006609,0.047085052945041714,0.44545126728366924,False,,
7,488,0.3008634615654152,4.216137590478295,0.15622339293183823,4.205927274828222,0.44550353019899214,4.226347906128369,0.27058459446519734,4.645070207805455,0.41522466309877437,4.655280523455528,0.12594452583162044,4.634859892155381,0.2857240280153063,4.430603899141875,-1.5003220347060526,"(0.07408116865927439, -1.0115119341334178, 0.05586019557927635)",-0.1747854357494338,3.9989799367107657,0.07047429208884393,0.04801471213206844,0.44718790716394574,False,,
7,489,0.3006886432580239,4.2118892959738465,0.15602595793796575,4.202004586772771,0.44535132857808213,4.221774005174923,0.27137536769621384,4.640888983474709,0.41603805301627206,4.650773692675784,0.12671268237615568,4.631004274273633,0.2860320054771189,4.426389139724278,-1.5025730074815562,"(0.07391459083501968, -1.011542260223368, 0.01444450350613033)",-0.17254499203503548,3.995052530363688,0.06822331931334036,0.04894471330439305,0.448925040856075,False,,
7,490,0.3005343749689851,4.20766357120578,0.1558512086048584,4.1980833117703344,0.44521754133311175,4.217243830641225,0.27212395043628573,4.636723995595949,0.4168071168004125,4.646304255031394,0.12744078407215906,4.6271437361605035,0.2863291627026354,4.422193783400864,-1.5046774071230486,"(0.07131773412396937, -1.0068855176192233, 0.04621273056601966)",-0.17032153138536413,3.991127422276146,0.06611891967184791,0.04980128812230719,0.45056418445296503,False,,
7,491,0.3003400174134308,4.203385733214102,0.15563732183644902,4.194105114013029,0.4450427129904126,4.212666352415175,0.27281818116197304,4.632504071821703,0.4175208767389549,4.641784691022776,0.12811548558499128,4.62322345262063,0.2865790992877019,4.4179449025179025,-1.5067482762752482,"(0.0599847804159667, -1.019731411910794, -0.013486199069606093)",-0.16812900410540285,3.987143907040877,0.06404805051964835,0.05070447243872627,0.45211906959336384,False,,
7,492,0.30014533399075427,4.199108894457993,0.15542375061155708,4.1901276192579955,0.4448669173699514,4.20809016965799,0.2735112075355899,4.628283245168715,0.41823279091478704,4.637264520368713,0.12878962415639278,4.619301969968718,0.2868282707631721,4.413696069813354,-1.5088168234988397,"(0.05980115411283986, -1.0197198490916186, -0.054883099857780684)",-0.16596583359590006,3.983161107441486,0.06197950329605684,0.05160749641801472,0.45367344452322617,False,,
7,493,0.299948330032374,4.194800109022904,0.15520919970070585,4.186106194436692,0.44468746036404216,4.203494023609117,0.2741663764318806,4.624026495523714,0.41890550676354876,4.632720410109926,0.12942724610021242,4.615332580937501,0.2870573532321273,4.409413302273309,-1.510802312415097,"(0.05497979254925104, -1.0278642096106814, 0.027360433729767764)",-0.16382938871911726,3.9791343738443374,0.059994014379799454,0.05248867371779326,0.4551529449785076,False,,
7,494,0.2997508996952482,4.190492256082336,0.15499480677746152,4.182085499087091,0.44450699261303495,4.19889901307758,0.2748205168817642,4.619768945424737,0.4195766097995509,4.628175702419982,0.13006442396397752,4.611362188429493,0.2872857082885062,4.4051306007535365,-1.512786162052169,"(0.05480521353093861, -1.027848364745496, -0.014041652060059404)",-0.16172474732275097,3.975108376156042,0.05801016474272758,0.05337002828187975,0.45663221810235616,False,,
7,495,0.29956483409424195,4.186193631481637,0.15479201836145604,4.1780799501469525,0.44433764982702784,4.194307312816322,0.2755035722051754,4.615519912620244,0.42027638793796135,4.623633593954929,0.13073075647238955,4.607406231285559,0.2875342031497087,4.400856772050941,-1.5148106615180454,"(0.059638766688595024, -1.0257188886230797, 0.045074712366477386)",-0.159648230330015,3.9710979665209285,0.055985665276851115,0.054247720503015025,0.45816547102871935,False,,
7,496,0.29937836674395335,4.18189588867757,0.15458942698449474,4.174075215859208,0.44416730650341196,4.189716561495931,0.2761860266619155,4.611269985895275,0.4209749664213741,4.619090658713636,0.13139708690245688,4.603449313076913,0.2877821967029344,4.396582937286422,-1.5168344675681023,"(0.05951845277418095, -1.0257203434843447, 0.003662077650852834)",-0.15759502643864462,3.967088379142141,0.053961859226794306,0.05512584008600768,0.4596994270330835,False,,
7,497,0.299179349113274,4.177595696421771,0.15437530527358767,4.170059856211535,0.44398339295296024,4.185131536632007,0.2768316850415394,4.607014585049806,0.4216357288812257,4.614550425260043,0.13202764120185312,4.59947874483957,0.2880055170774067,4.392305140735789,-1.518801590616024,"(0.053596889873338036, -1.0266711721519637, 0.004002441873854852)",-0.15556212656891832,3.9630677258477975,0.051994736178872625,0.05600456407829036,0.4611670860029668,False,,
7,498,0.29897429208563975,4.173291915595758,0.1541558812527031,4.166037407768017,0.4437927029185764,4.1805464234235,0.27746092404475,4.602753409789985,0.42227933487768665,4.610007917617726,0.1326425132118134,4.595498901962243,0.28821760806519486,4.388022662692872,-1.5207443425640832,"(0.05090183706916972, -1.0277947303001882, -0.03604278992499916)",-0.15355260117714256,3.9590397835061837,0.05005198423081336,0.05688448931362112,0.4626062695108848,False,,
7,499,0.29876885601873054,4.168989112651046,0.15393663847738606,4.162015680063241,0.44360107356007505,4.175962545238851,0.2780890214479987,4.598491550877101,0.4229212389893432,4.605464983464906,0.13325680390665418,4.591518118289296,0.2884289387333646,4.3837403317640735,-1.52268513001059,"(0.05071936036074486, -1.0277594229114455, -0.07742740849428363)",-0.151566221199447,3.9550125694024585,0.04811119678430664,0.057764411379431856,0.4640448840655748,False,,
7,500,0.29855422447216606,4.164682314809029,0.15370945842180253,4.15797457690304,0.4433989905225297,4.171390052715017,0.27866231206130443,4.594221965854934,0.423507078111668,4.600929703760922,0.13381754601094087,4.587514227948946,0.28860826826673525,4.379452140331981,-1.5245195498807156,"(0.04303908800895802, -1.0291659437021767, 0.037392393213777575)",-0.14960104531856158,3.950965686700033,0.04627677691418097,0.05862508575030996,0.46537729677300155,False,,
7,501,0.2983392148996275,4.1603764284139055,0.15348239752489617,4.153934188115396,0.4431960322743588,4.1668186687124145,0.279234640221289,4.589951817870005,0.4240914575960204,4.5963940581685145,0.13437782284655775,4.583509577571496,0.28878692756045826,4.375164123141955,-1.5263524534500421,"(0.042878230493517924, -1.0291241256062507, -0.004013972142375931)",-0.147664415206543,3.946919523696352,0.044443873344854445,0.05948588147793699,0.46670934136380987,False,,
7,502,0.2981306867021523,4.156092964092026,0.15326221836697015,4.149918267158709,0.4429991550373345,4.162267661025343,0.2798195164861091,4.585702904672222,0.4246879848212912,4.591877601605539,0.13495104815092696,4.579528207738905,0.2889751015941307,4.370897934382124,-1.5281993291101277,"(0.04516176808138153, -1.0238853023595702, 0.06452521719602491)",-0.1457532347722877,3.942898078757508,0.04259699768476888,0.06034180098263747,0.4680645538804897,False,,
7,503,0.2979219240482024,4.151810344833352,0.153042308211886,4.145902983737112,0.44280153988451876,4.157717705929594,0.28040354286624625,4.58145334352036,0.42528315870256267,4.587360704616601,0.13552392702992988,4.575545982424119,0.2891627334572243,4.366631844176856,-1.530044626979696,"(0.04503164714246793, -1.023861649264191, 0.023101354870089165)",-0.14386495078905603,3.9388772823602314,0.04075169981520066,0.06119761688523446,0.4694195533031604,False,,
7,504,0.2977405023404773,4.147550836311353,0.15285094935395635,4.141892441188518,0.44263005532699823,4.1532092314341895,0.2809604340451716,4.577223303788623,0.4258499870316926,4.582881698911458,0.13607088105865073,4.571564908665787,0.28935046819282445,4.362387070049988,-1.531763001043813,"(0.04505633654403503, -1.018745790448444, -0.004207110642753134)",-0.14199690840788634,3.934862333270862,0.039033325751083536,0.06197624639743629,0.47070108069230165,False,,
7,505,0.2975005341584535,4.143178386133201,0.1526014685415142,4.137769062391926,0.4423995997753928,4.148587709874476,0.28145909133950137,4.572879063479986,0.4263581569564407,4.578288387221261,0.13656002572256207,4.567469739738711,0.28947981274897744,4.358028724806593,-1.533481987258174,"(0.03104269347671438, -1.0460028584147, -0.03005834220152446)",-0.1401519887889337,3.9307323765023963,0.037314339536722585,0.06283789416174862,0.4719016746895427,False,,
7,506,0.29726013977080334,4.138806646882818,0.15235199935111748,4.133646139145337,0.44216828019048915,4.1439671546203,0.2819565651010304,4.56853423571361,0.4268647055207163,4.5736947434510915,0.13704842468134457,4.563373727976129,0.28960835243591687,4.353670441298214,-1.5351991008252246,"(0.03084952486546102, -1.0459880420109682, -0.07156594425032775)",-0.13834193837389444,3.9266028774166086,0.035597225969671964,0.06369960916048704,0.4731012977710354,False,,
7,507,0.2970357516104938,4.13445813044779,0.15211879932642478,4.129551304518856,0.44195270389456276,4.139364956376725,0.2824844747177897,4.56421185101434,0.42740142700185874,4.569118676943274,0.13756752243372072,4.559305025085405,0.28976011316414174,4.349334990731065,-1.5369496859204963,"(0.03642257477397005, -1.040508136115854, 0.042005240164939436)",-0.13635330948531815,3.922502078758401,0.03384664087440026,0.06454889122299814,0.4743549106414146,False,,
7,508,0.2968114560401906,4.130110721355841,0.15188616379339714,4.125456726600635,0.4417367482869841,4.134764716111047,0.2830099543523383,4.559889174225642,0.4279352465991318,4.564543168980848,0.13808466210554482,4.555235179470436,0.28991070519626444,4.3449999477907415,-1.53869429778693,"(0.03614208770944985, -1.0404103056777314, 0.0005084124679422366)",-0.13460611117241558,3.9184015599009285,0.03210202900796655,0.06539625861537514,0.47560463800943326,False,,
7,509,0.29659968411797866,4.125767922112077,0.15166691727929546,4.121352823417385,0.44153245095666194,4.13018302080677,0.28350663281647637,4.555568541013001,0.4284393996551596,4.559983639707693,0.13857386597779317,4.5511534423183075,0.2900531584672275,4.340668231562539,-1.540342663246734,"(0.03418878503114052, -1.0396118947685886, 0.053834607302614426)",-0.13287353207209063,3.914292242928746,0.03045366354816248,0.0661966938352065,0.47678686095050077,False,,
7,510,0.29638137086961497,4.1214227288190415,0.15144145267781464,4.117248987744873,0.4413212890614154,4.125596469893211,0.28400406975311326,4.551244555180933,0.4289439879449136,4.555418296255102,0.1390641515613129,4.547070814106763,0.2901927203113641,4.336333641999987,-1.5420079292563418,"(0.03349484259277891, -1.040301495012388, 0.011079863248946428)",-0.1311652219738985,3.910182753506861,0.028788397538554777,0.06701154162415408,0.4779762325280094,False,,
7,511,0.2961704057025804,4.117087259343074,0.15122388946280707,4.11314931191413,0.44111692194235375,4.121025206772018,0.2844923547064013,4.546928652329988,0.4294388709461746,4.5508665997589315,0.13954583846662796,4.542990704901044,0.29033138020449084,4.332007955836531,-1.5436347290318162,"(0.0332783743504179, -1.0381646792295236, -0.02458277563399004)",-0.1294761831891963,3.9060777278287753,0.02716159776308036,0.06780433034903416,0.4791425589221051,False,,
7,512,0.2959341307326688,4.112733806415929,0.1509815440566776,4.109026028653001,0.4408867174086599,4.116441584178858,0.28493865184950046,4.542593201386111,0.42989123852549166,4.546300979149039,0.1399860651735093,4.5388854236231815,0.2904363912910846,4.32766350390102,-1.5452226581791333,"(0.02520266078250051, -1.0426684645227124, -0.005300388128952421)",-0.12780831991321642,3.9019481542889998,0.025573668615763268,0.06862111940816641,0.48023920476481735,False,,
7,513,0.29569757689406917,4.108381274617489,0.15073929334798813,4.104903339687972,0.44065586044015026,4.111859209547006,0.2853837008961908,4.538257563754144,0.4303419844422719,4.541735498683661,0.1404254173501098,4.5347796288246265,0.29054063889513,4.323319419185816,-1.5468082681638886,"(0.025019424970891924, -1.0425803316487634, -0.0466914772043918)",-0.12616249322794373,3.897819180012276,0.023988058631007947,0.0694376174995147,0.48133445678964354,False,,
7,514,0.29545440041552584,4.10405963435882,0.15049080524989453,4.100810622716034,0.44041799558115713,4.107308646001607,0.2858194003714023,4.533951675194831,0.4307829955370336,4.5372006868376165,0.14085580520577104,4.530702663552044,0.29063690039346407,4.319005654776825,-1.5483874745361201,"(0.023102759600175313, -1.0353034581577687, 0.0447619752766682)",-0.1245960414356259,3.8937199160063756,0.022408852258776424,0.07026155318613905,0.4824156479448851,False,,
7,515,0.29521078691619335,4.099738822487395,0.15024224105642353,4.096718770947469,0.4401793327759631,4.102758874027322,0.2862547720046859,4.52964554469223,0.4312233178644557,4.532665596232157,0.14128622614491612,4.526625493152303,0.2907327794604396,4.314692183589813,-1.5499668789750602,"(0.023010976074129413, -1.0352330848829996, 0.0033614982027161556)",-0.12298280286651445,3.8896215157047167,0.02082944781983631,0.07108618411443292,0.48349747351387085,False,,
7,516,0.29498056092148567,4.09543417753327,0.1500076585325833,4.092631041265126,0.4399534633103881,4.098237313801413,0.2866678119883705,4.525353819100359,0.43164071437727286,4.528156955368503,0.1416949095994681,4.5225506828322155,0.2908241864549281,4.3103939983168145,-1.5514631481882004,"(0.02193767867723112, -1.0315644655195673, 0.019248710484470126)",-0.12138651124743946,3.8855277762762097,0.019333178606696144,0.07186662499577928,0.48452414065727994,False,,
7,517,0.29472098480479103,4.091101431212968,0.1497440172548312,4.088517078292431,0.43969795235475084,4.0936857841335055,0.28705704166112855,4.5210331280852625,0.43203400921108837,4.523617481005799,0.1420800741111687,4.518448775164725,0.2908890132329598,4.306067279649115,-1.5529722594434014,"(0.015558426727605656, -1.0384124802479222, -0.032867771113649094)",-0.11981429930993318,3.8814067034143265,0.01782406735149511,0.07269249045549356,0.485521876287294,False,,
7,518,0.2944611933466465,4.086769608076016,0.14948049535583602,4.084403765710726,0.43944189133745704,4.089135450441305,0.28744524702199487,4.5167123676349705,0.43242594501280535,4.51907821000026,0.14246454903118436,4.514346525269681,0.2909532201843207,4.301740987855493,-1.554479448525476,"(0.015409668326615215, -1.0383100304693622, -0.07425851855593912)",-0.11826122468847707,3.8772862878881256,0.01631687826942052,0.0735180884253507,0.48651853802467254,False,,
7,519,0.2941956143982052,4.082435691528012,0.14921158006817592,4.080283996989075,0.43917964872823445,4.084587386066949,0.2878147271448067,4.512388345058444,0.432798761474836,4.514540039597381,0.14283069281477745,4.510236650519507,0.29100517077150595,4.297412018293228,-1.5559565094473666,"(0.012468140924463205, -1.0389526949436325, 0.024632671130180084)",-0.11671047291615744,3.8731592160633124,0.014839817347529927,0.07434272277313425,0.4874806845949158,False,,
7,520,0.2939296370759243,4.078102343873276,0.14894258453173975,4.07616466625565,0.4389166896201089,4.080040021490902,0.28818342069261976,4.5080639479698235,0.43317047323680435,4.510001625587449,0.1431963681484352,4.506126270352198,0.291056528884272,4.29308314592155,-1.55743263511739,"(0.012325947063863597, -1.0389293692026953, -0.017023888524245554)",-0.11519504254722163,3.8690325819370734,0.013363691677506617,0.07516764600676146,0.48844234407392123,False,,
7,521,0.29367951721262975,4.073755722229338,0.14868983187586501,4.0720262292556795,0.4386692025493945,4.075485215202996,0.2885506759804005,4.5037251339176745,0.43354036131716533,4.505454626891333,0.1435609906436358,4.501995640944016,0.29111509659651513,4.288740428073506,-1.55886850621326,"(0.014056250938351295, -1.0422522835304677, 0.05691018804894979)",-0.11369624409157314,3.864887483687218,0.011927820581636661,0.07595791348645105,0.48939082976262394,False,,
7,522,0.29342913461129266,4.069409959273065,0.14843711658867856,4.067888542259245,0.4384211526339068,4.070931376286885,0.2889173462254802,4.499386288581507,0.43390936424809434,4.500907705595327,0.1439253282028661,4.497864871567686,0.29117324041838644,4.284398123927286,-1.5603036031294901,"(0.013954517249107868, -1.0421529950929334, 0.01548904010550074)",-0.11221671446741209,3.8607431385778983,0.010492723665406434,0.07674832462986317,0.49033910900211913,False,,
7,523,0.29318844016244483,4.06507696663515,0.1481945042938395,4.063750859048725,0.4381823760310501,4.066403074221576,0.28925584525097703,4.495058983348946,0.43424978111958235,4.49638509093537,0.14426190938237177,4.49373287576252,0.29122214270671093,4.280067974992048,-1.5616506297371062,"(0.011736549197873246, -1.0392357444571252, 0.028176349287749352)",-0.11075535992068798,3.856599187719886,0.009145697057790336,0.07749826403773617,0.4912219508463023,False,,
7,524,0.29291175449070794,4.060713444716077,0.14791611475192915,4.059588964061606,0.43790739422948666,4.061837925370548,0.2895770877222772,4.490700514286248,0.434572727461056,4.4918249949407185,0.14458144798349845,4.489576033631777,0.29124442110649257,4.275706979501162,-1.5630412100642874,"(0.005346815947591126, -1.0466389178125004, -0.029198699133379524)",-0.10931740812096569,3.85242967089968,0.007755116730609135,0.07831235013224996,0.49209424086369,False,,
7,525,0.2926348746679367,4.056350839026462,0.1476378130694001,4.055427731345752,0.43763193626647323,4.057273946707171,0.28989738292514333,4.486342125146259,0.4348944445236799,4.487265232826969,0.14490032132660677,4.48541901746555,0.29126612879654,4.2713464820863605,-1.5644300239238458,"(0.005209845611390965, -1.0465193795524457, -0.07059111610066865)",-0.1078962634963949,3.848260822871918,0.006366302871050777,0.07912617826319844,0.4929654563526068,False,,
7,526,0.2923565792680726,4.052020637809814,0.1473583952602384,4.0512949419849305,0.43735476327590683,4.052746333634697,0.29020451578738443,4.482015252453736,0.43520269979521864,4.482740948278619,0.14520633177955025,4.481289556628853,0.29128054752772853,4.267017945131775,-1.5657915071089872,"(0.0034604954852385968, -1.0388488691006328, 0.029641055616570988)",-0.10647884622657036,3.8441203581538237,0.0050048196859093785,0.07993370210614859,0.49381059823845935,False,,
7,527,0.29207793572057605,4.047691062573573,0.14707889851990855,4.047162658486304,0.4370769729212435,4.048219466660842,0.2905109442893634,4.477688207375552,0.43550998149003095,4.4782166114628215,0.14551190708869596,4.477159803288283,0.29129444000496973,4.262689634974563,-1.5671521526100274,"(0.003334194537895294, -1.0387944377307823, -0.011954317238516166)",-0.10509037299749704,3.839980399698872,0.0036441741848691755,0.08074146642366546,0.49465525358716755,False,,
7,528,0.2918131772134805,4.0433619438038,0.14681357378805707,4.043022817765393,0.43681278063890394,4.043701069842207,0.2908074930995828,4.4733607677550555,0.43580709652500627,4.473699893793463,0.14580788967415945,4.473021641716649,0.29131033515653165,4.258361355779428,-1.568457524397812,"(0.003814836374858159, -1.0387870068323992, 0.057807830758984886)",-0.10371716072932839,3.8358334357683694,0.002338802397084505,0.08151279012529823,0.495469944406734,False,,
7,529,0.29154823893536214,4.0390336599564485,0.1465483165322431,4.0388836496586284,0.4365481613384812,4.039183670254269,0.29110338081079173,4.469033429841561,0.4361033032139108,4.469183440139381,0.1461034584076727,4.46888341954374,0.29132580987307694,4.254033544899005,-1.5697617728322784,"(0.003713931970869674, -1.038674611301514, 0.01638351998724129)",-0.10236194941663355,3.8316871495075917,0.001034553962618201,0.08228402771109451,0.49628405926102825,False,,
7,530,0.29129737754693674,4.034694969110768,0.14629737976411025,4.034720326167062,0.4362973753297632,4.034669612054474,0.291372574334568,4.4646949625357015,0.43637257211739455,4.464669605479407,0.14637257655174155,4.464720319591995,0.29133497594075236,4.249694965823235,-1.5709712030460932,"(0.0021998562421045556, -1.0412589781849384, 0.00649764301951156)",-0.10102431177680049,3.8275172758227134,-0.00017487625119660954,0.08279383942945805,0.49681959369354084,False,,
7,531,0.2910084790857064,4.030342291045789,0.14600863162168995,4.0305526132081315,0.43600832654972277,4.030131968883446,0.2916321930843776,4.460341838697699,0.436632040548394,4.460131516535357,0.14663234562036123,4.4605521608600425,0.291320336085042,4.245342064871744,-1.5722468249748531,"(-0.003513565370486372, -1.0446962283576489, -0.039148810501733834)",-0.09971084342339723,3.8233415739114287,-0.001450498179956572,0.08203881725213553,0.49602359928282,False,,
7,532,0.2907193606796433,4.0259904828083455,0.14571989898319945,4.026385587530537,0.43571882237608717,4.025595378086154,0.2918910505454524,4.45598888645987,0.43689051224189634,4.455593781737678,0.14689158884900858,4.456383991182061,0.29130520561254786,4.2409896846341075,-1.5735211903199045,"(-0.0036313133985893266, -1.0445712570328214, -0.08053106415411632)",-0.09841215430548778,3.8191665637505885,-0.0027248635250078923,0.08128525448743971,0.4952283425606508,False,,
7,533,0.29042931712009196,4.021672915521222,0.1454304620105248,4.022249124610664,0.43542817222965907,4.02109670643178,0.2921380751094725,4.451669520328904,0.43713693021903965,4.451093311239462,0.1471392199999054,4.452245729418347,0.2912836961147822,4.236671217925063,-1.574770193043105,"(-0.005162279463756561, -1.0364320101706135, 0.03719667894826825)",-0.09711563579551336,3.8150220716760437,-0.003973866248208502,0.08055613890551308,0.4944401149845306,False,,
7,534,0.2901389595319087,4.017355964514522,0.14514093660543917,4.018113161592567,0.4351369824583783,4.016598767436476,0.2923844405219753,4.44735010146888,0.4373824634484449,4.446592904390834,0.14738641759550583,4.448107298546925,0.291261700026942,4.232353032991701,-1.5760183993433288,"(-0.0052790610816463805, -1.0363643840070746, -0.004397790209989158)",-0.09584616495038353,3.8108780803081648,-0.005222072548432211,0.07982819954316325,0.4936523254259696,False,,
7,535,0.2898621466720434,4.013065819471006,0.14486511379598777,4.013993427761191,0.4348591795480991,4.01213821118082,0.29261298504983496,4.443057020413791,0.43761001792589066,4.442129412123606,0.14761595217377932,4.443984628703977,0.2912375658609392,4.2280614199423985,-1.5771936689840682,"(-0.005792199840685196, -1.0299871318324672, 0.06412347421500472)",-0.09459041959470757,3.80675083235631,-0.006397342189171651,0.07914764155501915,0.4929063163596215,False,,
7,536,0.2895852414882527,4.008776388929444,0.14458939761134018,4.009874231551135,0.4345810853651652,4.007678546307754,0.2928409127111973,4.438764063874771,0.43783675658810983,4.437666221253081,0.14784506883428483,4.4398619064964615,0.291213077099725,4.223770226402108,-1.5783677275599668,"(-0.005877302691409777, -1.0298864496697453, 0.022696743244805813)",-0.09335282298415803,3.802624129401687,-0.007571400765070235,0.07846832685528003,0.49216111034702426,False,,
7,537,0.28933572376644345,4.004511589020436,0.14434110241456233,4.005760500156032,0.4343303451183246,4.00326267788484,0.29303939127200385,4.4344956385467045,0.43803401262388497,4.433246727411109,0.14804476992012272,4.4357445496823,0.29118755751922365,4.21950361378357,-1.5794096135414275,"(-0.006124699320320441, -1.0239870284489943, -6.110479383940326e-05)",-0.09213238702686327,3.7985039329176717,-0.008613286746530946,0.07787084899156502,0.49149492039882775,False,,
7,538,0.2890347812144996,4.000180010454918,0.1440416829929491,4.001594742979389,0.43402787943605015,3.9987652779304463,0.2932301949077592,4.430159543111929,0.43822329312930974,4.4287448105874585,0.14823709668620869,4.431574275636401,0.2911324880611294,4.215169776783424,-1.580553257631224,"(-0.013216669942618532, -1.04012088003506, -0.030130363235931205)",-0.09098338681206929,3.794329809258597,-0.009756930836327449,0.07725328925621557,0.49072591914394,False,,
7,539,0.2887335467059203,3.995849109777407,0.1437421600104507,3.9974295477308868,0.43372493340138984,3.994268671823927,0.29342036270589494,4.425823566874317,0.43841174940136457,4.424243128920837,0.1484289760104254,4.427404004827797,0.2910769547059076,4.210836338325862,-1.581696114712147,"(-0.013328005253227396, -1.0400252298148114, -0.07153630074795145)",-0.08980214398138586,3.7901562484400904,-0.010899787917250547,0.07663687189145581,0.48995728102415115,False,,
7,540,0.2884348992815033,3.9915436782790654,0.1434454031298702,3.993288959258034,0.4334243954331365,3.9897983973000963,0.2936105601156868,4.421512528935633,0.43860005626731996,4.419767247956663,0.1486210639640537,4.423257809914602,0.29102272969859505,4.206528103607349,-1.5828330379887043,"(-0.01301400175501011, -1.0339763324430582, 0.041014993133677)",-0.08864831133038012,3.786007386802465,-0.012036711193807781,0.07602222105547114,0.48919461633860556,False,,
7,541,0.28813598816681446,3.9872390120175516,0.143148569092659,3.9891490670469207,0.4331234072409699,3.9853289569881825,0.29380028928839147,4.4172017030650474,0.43878770836254694,4.415291648035678,0.148812870214236,4.419111758094416,0.29096813872760297,4.202220357541299,-1.583969501093275,"(-0.013101833038101075, -1.0338590558519116, -0.0004049497293057698)",-0.08749272751549633,3.7818592231592767,-0.013173174298378498,0.07540837704299447,0.4884322509718582,False,,
7,542,0.28785597403232527,3.9829621875503394,0.14287061421244335,3.985022633594131,0.43284133385220713,3.980901741506548,0.2939662623001205,4.412918771843782,0.43895162212000244,4.410858325799991,0.14898090248023865,4.4149792178875735,0.2909111181662229,4.197940479697061,-1.5850067777749808,"(-0.013684934731219248, -1.02717068261727, 0.05485491695385592)",-0.08634999583070423,3.7777252277731117,-0.014210450980084222,0.07485828964075204,0.4877267198844332,False,,
7,543,0.2875672165543619,3.9786815278735133,0.14258411707300564,3.980895317560711,0.43255031603571814,3.976467738186315,0.2941322480405347,4.408631409094087,0.4391153475218911,4.406417619406889,0.14914914855917852,4.410845198781285,0.2908497322974483,4.1936564684838,-1.5860644350766144,"(-0.014732608505899109, -1.028162691182501, 0.011484782839512556)",-0.08522690290518457,3.773590031580376,-0.015268108281717874,0.07430199275925871,0.48700320111614537,False,,
7,544,0.28727664507935646,3.9744191831680586,0.14229592417365325,3.9767836208734315,0.4322573659850597,3.9720547454626858,0.29428842586080695,4.404362010681523,0.4392691467665102,4.401997572976151,0.14930770495510373,4.406726448386896,0.2907825354700817,4.189390596924791,-1.5871035164655924,"(-0.016127238567987718, -1.0238091741622963, -0.005098590986795281)",-0.08412019786100142,3.7694703840880344,-0.016307189670695887,0.07376521892850994,0.4862831039508754,False,,
7,545,0.2869657582307671,3.970097453942601,0.14198759821732024,3.9726140228598754,0.43194391824421396,3.9675808850253267,0.2944286867440633,4.400032687085926,0.4394068467575102,4.397516118168652,0.14945052673061643,4.4025492560032005,0.2906972224874152,4.185065070514264,-1.588152845925411,"(-0.020475115839959975, -1.0381263385265076, -0.025030923167604493)",-0.08306652069399116,3.7652921218770397,-0.017356519130514503,0.07324784488146524,0.4855316820135666,False,,
7,546,0.2866546147568729,3.965776318651336,0.14167917298819235,3.9684448920484723,0.43163005652555353,3.963107745254199,0.2945683151759675,4.395703490792941,0.4395437569446481,4.393034917395804,0.1495928734072869,4.3983720641900765,0.2906114649664202,4.180739904722138,-1.5892013203365107,"(-0.020581805038802258, -1.0380397901101162, -0.06649359176695102)",-0.08198597132061598,3.761114328842434,-0.01840499354161418,0.07273163100467553,0.48478060796243133,False,,
7,547,0.2863492315947456,3.9614952427365036,0.14137660641453473,3.964312679223467,0.4313218567749565,3.9586778062495407,0.29470438807332605,4.391414062236439,0.439677013253537,4.388596625749476,0.14973176289311518,4.394231498723403,0.29052680983403584,4.176454652486472,-1.5902281461285457,"(-0.020317231772244915, -1.028460536560014, 0.04560538118645591)",-0.08115639023547956,3.7569736541822296,-0.019431819333649125,0.07222703271099046,0.48404454567832444,False,,
7,548,0.28604320678066314,3.9572146339848717,0.14107356511219846,3.9601816180625087,0.4310128484491278,3.9542476499072348,0.29484184921779394,4.3871246058292845,0.4398114908862586,4.384157621751647,0.1498722075493293,4.3900915899069215,0.29044252799922854,4.172169619907078,-1.5912597140957678,"(-0.02022764035375142, -1.0284078190544557, 0.004180574790102937)",-0.08007787181943639,3.752834118266807,-0.020463387300871272,0.07171903578385046,0.48330661273615594,False,,
7,549,0.28575914093163085,3.952948679561032,0.1407922803746966,3.956048573150558,0.43072600148856505,3.9498487859715063,0.294951928817811,4.382850403971251,0.43991878937474527,4.379750510381725,0.14998506826087682,4.385950297560777,0.29035553487472093,4.1678995417661415,-1.5921765320994257,"(-0.02087834988182474, -1.0248187538246727, 0.041195588234566816)",-0.0790140875476506,3.748693422863017,-0.02138020530452911,0.0712846512169155,0.4826340509946781,False,,
7,550,0.2854395630583592,3.94865398422749,0.1404756949902782,3.951890796662586,0.4304034311264402,3.945417171792394,0.295038386141747,4.37854683436042,0.4400022542098281,4.375310021925324,0.15007451807366604,4.381783646795516,0.2902389746000531,4.163600409293955,-1.5931210255378476,"(-0.02797446592028455, -1.031791793324739, -0.01154115883314056)",-0.07797346025627432,3.7445266930589725,-0.022324698742951066,0.07087526627146773,0.4819034582106036,False,,
7,551,0.28511985619629054,3.944360068832142,0.14015910805263707,3.9477337163585253,0.430080604339944,3.9409864213057584,0.29512446610211707,4.37424366677539,0.4400852142457705,4.370870019249007,0.15016371795846364,4.377617314301773,0.2901221611492038,4.159301867803766,-1.5940649611230024,"(-0.028035228203824467, -1.0316499576454388, -0.05294156781099417)",-0.07695078965115432,3.7403606657611808,-0.023268634328105886,0.07046659062600491,0.48117321907844735,False,,
7,552,0.2848014621500989,3.940096343401504,0.13984405194665747,3.9436104901131843,0.42975887235354027,3.9365821966898236,0.2952227248123232,4.369970042625503,0.4401801350157647,4.366455895913822,0.15026531460888187,4.373484189337183,0.29001209348121104,4.155033193013503,-1.5950341944756083,"(-0.02641624031826382, -1.0244819496629276, 0.025920993105415485)",-0.075906555129621,3.736228532992605,-0.02423786768071179,0.07003300825159321,0.48043776981438724,False,,
7,553,0.28448366374493095,3.9358321215169867,0.1395296770108503,3.939484754799425,0.4294376504790116,3.932179488234549,0.29531561072043666,4.36569566838357,0.4402695974545173,4.362043035101133,0.15036162398635602,4.369348301666009,0.2898996372326838,4.150763894950279,-1.5959895660938828,"(-0.026989499646534184, -1.024631535173939, -0.01583548984462369)",-0.07491619637918247,3.7320939252714527,-0.025193239298986203,0.06961124449319844,0.479707625153412,False,,
7,554,0.284179245149602,3.9315372302237823,0.13922863674046151,3.9353215560316372,0.4291298535587425,3.927752904415927,0.2954017285797931,4.3613907586095095,0.4403523369889336,4.357606432801654,0.15045112017065262,4.3651750844173645,0.28979048686469755,4.146463994416646,-1.5968980892326325,"(-0.02619608831669556, -1.0319761280718769, 0.041192694815772486)",-0.07394171703763479,3.727922385072225,-0.026101762437735987,0.06921329888841457,0.47901052140061473,False,,
7,555,0.28387464353780384,3.927243113602313,0.13892753282394577,3.9311591186718386,0.42882175425166197,3.9233271085327877,0.29548762408881074,4.357086269512375,0.4404347348026688,4.353170264442849,0.15054051337495264,4.3610022745819,0.2896811338133073,4.142164691557344,-1.5978065424140697,"(-0.026244732333656665, -1.0318326862323366, -0.00022343653031018718)",-0.07297862288690811,3.723751609043106,-0.02701021561917316,0.06881569554756992,0.4783135242669102,False,,
7,556,0.2835698724794391,3.9229532033696763,0.1386262712401563,3.926997020846736,0.42851347371872184,3.9189093858926167,0.29556188292865015,4.352785951872377,0.440505484167933,4.348742134395318,0.15061828168936742,4.356829769349437,0.2895658777040446,4.137869577621027,-1.5986883395464508,"(-0.027661466223038292, -1.0308273447161298, 0.013021761567405282)",-0.07203055280625378,3.7195811721296606,-0.027892012751554285,0.06844265749279632,0.47762442936722044,False,,
7,557,0.2832426067010274,3.9186371800945605,0.1383026123636251,3.9228082760505156,0.42818260103842964,3.914466084138606,0.2956120636738587,4.348459232267547,0.44055205801126107,4.344288136311592,0.1506720693364565,4.352630328223501,0.28942733518744307,4.133548206181054,-1.5995664745817437,"(-0.0332502039843775, -1.037129145593473, -0.039480839408541524)",-0.07109717077863523,3.7153832786532006,-0.028770147786847167,0.06810479062073986,0.4769049173102024,False,,
7,558,0.2829152615839874,3.9143219714510153,0.13797897953667704,3.9186201276024937,0.42785154363129774,3.9100238152995366,0.2956615177573373,4.344133014763729,0.4405977998046477,4.33983485861225,0.150725235710027,4.348431170915207,0.28928838967066234,4.129227493107372,-1.600443125744585,"(-0.03334692402737648, -1.0369711376836506, -0.08087323095058536)",-0.07017686000272655,3.7111859896335457,-0.02964679894968847,0.06776840912994052,0.4761860488607566,False,,
7,559,0.28259139322323024,3.9100327493986193,0.13765901520392665,3.914460593306176,0.4275237712425338,3.905604905491063,0.29572224067322517,4.339832215248968,0.44065461869252875,4.335404371341411,0.15078986265392158,4.344260059156524,0.2891568169482277,4.124932482323794,-1.6013379292559065,"(-0.03157745338430768, -1.0308025880587803, 0.030351588503470486)",-0.0692581963293248,3.7070174388347916,-0.030541602461009898,0.06741058127347571,0.4754671297739554,False,,
7,560,0.28226729591646726,3.905744109609443,0.13733893632849398,3.9103015855708834,0.4271956555044405,3.901186633648003,0.29578256945728965,4.335531658732399,0.440710929045263,4.330974182770959,0.15085420986931644,4.340089134693838,0.28902493268687846,4.120637884170921,-1.6022323728863983,"(-0.03165222272382243, -1.0307035566894072, -0.011223766853078535)",-0.06836065429916909,3.7028494173555364,-0.031436046091501746,0.06705342760742083,0.47474832729398836,False,,
7,561,0.28195271570830993,3.901455532631256,0.1370281974442931,3.9061335670414157,0.42687723397232674,3.896777498221096,0.29582550740740454,4.331231690241789,0.4407500256714214,4.326553655831629,0.15090098914338776,4.335909724651948,0.28888911155785724,4.116343611436522,-1.603064232432945,"(-0.03259707096508726, -1.0306254562556094, 0.058376874535896184)",-0.06747662814401678,3.6986727446889827,-0.03226790563804838,0.06673989507600457,0.47406150987012696,False,,
7,562,0.2816380400715921,3.8971677062171457,0.13671746045331257,3.9019662063059117,0.42655861968987163,3.8923692061283792,0.2958680748175888,4.3269321837058365,0.4407886544358684,4.3221336836170705,0.1509474951993093,4.3317306837946035,0.28875305744459046,4.112049944961491,-1.6038954741724136,"(-0.03265298718402088, -1.030479954007606, 0.01694974740188187)",-0.06660072922334027,3.6944967360247687,-0.03309914737751707,0.06642708110012724,0.47337502729048675,False,,
7,563,0.28133380680635234,3.8928702880100947,0.1364169374741135,3.897779563205355,0.4262506761385912,3.8879610128148347,0.2958923470405723,4.322623762581562,0.44080921637281123,4.317714487386302,0.1509754777083335,4.327533037776822,0.28861307692346233,4.107747025295828,-1.604659868846057,"(-0.03359532507074651, -1.0327007197590172, 0.02702827482104342)",-0.06576631560251256,3.6903018423463543,-0.03386354205116038,0.06616046094856037,0.4727229870779761,False,,
7,564,0.28099721711552,3.88855944636812,0.13608430735095747,3.8935842432364276,0.4259101268800825,3.883534649499813,0.2958983388629139,4.318301178773375,0.44081124862747645,4.313276381905068,0.15098542909835141,4.323325975641682,0.28844777798921695,4.103430312570747,-1.605457037910529,"(-0.039671744218887965, -1.0360110540195118, -0.02849289353351659)",-0.06491783714316023,3.686097097978684,-0.034660711115632514,0.06590973993464046,0.4720159397917133,False,,
7,565,0.28066055596448186,3.8842494045471385,0.13575169188006542,3.889389551409255,0.4255694200488983,3.8791092576850223,0.2959037501073097,4.313979139418167,0.4408126141917261,4.30883899255605,0.1509948860228933,4.319119286280283,0.28828215303589577,4.0991142719826525,-1.6062530442711727,"(-0.039749988797078126, -1.0358497411428507, -0.06988528642266492)",-0.06408171003345242,3.681892990415107,-0.0354567174762761,0.06566019998236013,0.4713093950088153,False,,
7,566,0.28032861727167574,3.8799649164463563,0.13542402329888029,3.8852240651968,0.4252332112444712,3.874705767695913,0.2959247135660941,4.30968198822775,0.4408293075388896,4.304422839477306,0.1510201195932987,4.314941136978193,0.28812666541888493,4.094823452337053,-1.6070742751583555,"(-0.037317028082604425, -1.0297967149438843, 0.033933453986544224)",-0.06324784144098948,3.677718259395103,-0.03627794836345899,0.06538100808337785,0.4706025057843566,False,,
7,567,0.27999648053278614,3.875681030567758,0.13509625242538936,3.881059124507471,0.4248967086401829,3.870302936628044,0.2959453108367638,4.305385155300038,0.44084553894416056,4.300007061360324,0.15104508272936704,4.310763249239751,0.28797089568477496,4.090533092933898,-1.607895139226367,"(-0.03738473618638986, -1.0296862567572849, -0.00761689475669228)",-0.06243168943730798,3.6735440780054547,-0.037098812431470396,0.06510245294679266,0.4698957262072986,False,,
7,568,0.27967475347528176,3.871420015823745,0.1347786005213679,3.8769068053363824,0.4245709064291957,3.8659332263111077,0.2959459223748276,4.301112055618111,0.4408420753287414,4.295625266105473,0.1510497694209137,4.306598845130748,0.28781033792505467,4.086266035720928,-1.6086452905390156,"(-0.038533862332868825, -1.0240937311128706, 0.060152043332644324)",-0.06162326395789545,3.6693828895579665,-0.03784896374411906,0.064873654707491,0.46922433868862296,False,,
7,569,0.2793529807278713,3.8671596637867864,0.13446098058798575,3.872755045405889,0.42424498086775686,3.8615642821676843,0.2959461813914157,4.296839388339551,0.4408381815313013,4.291244006720449,0.15105418125153014,4.302434769958653,0.2876495810596435,4.081999526063169,-1.6093947490674088,"(-0.038581647698675336, -1.0239623178622024, 0.01872532541839555)",-0.06082725701804293,3.6652222685598455,-0.0385984222725122,0.064645571971353,0.4685533231744444,False,,
7,570,0.27905632772390176,3.8629211076908345,0.13416792820473464,3.868608961835783,0.42394472724306886,3.857233253545886,0.2959237572571972,4.292590154540778,0.44081215677636437,4.28690230039583,0.15103535773803017,4.298278008685727,0.2874900424905495,4.0777556311158065,-1.6100329738943204,"(-0.038289256582565635, -1.0185347873670234, -0.005200845972865773)",-0.060043206163012425,3.6610682277968896,-0.03923664709942387,0.06448336980523396,0.46795007225417573,False,,
7,571,0.27871672900173977,3.858625085883234,0.13383266183639325,3.8644222473979193,0.42360079616708635,3.8528279243685484,0.2959083114245999,4.288281285063227,0.4407923785899464,4.282484123548541,0.15102424425925334,4.294078446577912,0.28731252021316983,4.07345318547323,-1.61078740971635,"(-0.04260534657112386, -1.0325869542183634, -0.030011004234475)",-0.059297081338158586,3.656872043653028,-0.03999108292145337,0.06427599721719403,0.4672528549574986,False,,
7,572,0.27837700042810026,3.8543296591468343,0.13349734102228702,3.860235951592653,0.42325665983391353,3.848423366701016,0.29589221250880365,4.283972787039936,0.440771871914617,4.278066494594118,0.15101255310299042,4.289879079485755,0.28713460646845196,4.069151223093385,-1.61154065048437,"(-0.04269929873229399, -1.032470971162813, -0.0714562597751559)",-0.05854100604146112,3.6526762849121384,-0.04074432368947334,0.06406991820879764,0.4665560372832674,False,,
7,573,0.2780386553818571,3.8500570938284904,0.13316348453728724,3.856072480163272,0.42291382622642704,3.844041707493709,0.29587738727120916,4.279686910815836,0.44075255811577907,4.273671524481054,0.1510022164266393,4.285702297150618,0.28695802132653314,4.064872002322163,-1.6122936586997205,"(-0.04238043406051599, -1.0270129850932062, 0.03923954231264486)",-0.05778062577099704,3.6485033978630286,-0.041497331904823964,0.0638621156223529,0.46586148242900827,False,,
7,574,0.27770011833947855,3.845785078649021,0.13282951710353885,3.851909529443772,0.42257071957541825,3.8396606278542698,0.2958622827652921,4.275401344383187,0.44073288400123184,4.269276893588436,0.15099168152935238,4.281525795177938,0.2867812005523853,4.060593211516104,-1.613046487319344,"(-0.0424369857954739, -1.026909793454141, -0.002352807446566359)",-0.057039412998330555,3.644331036180346,-0.04225016052444741,0.06365476969154107,0.4651669469984983,False,,
7,575,0.27737552769432633,3.8415299814741304,0.1325090440441885,3.8477510677815476,0.42224201134446415,3.8353088951667127,0.29582426639908127,4.271134036436608,0.44069075004921915,4.26491295012919,0.15095778274894345,4.277355122744026,0.2865998970467038,4.056332008955369,-1.6137135438621473,"(-0.04351284136356664, -1.0226886145764806, 0.0527866247242629)",-0.056304716622392975,3.6401636608673646,-0.04291721706725071,0.0635058887479591,0.46451691896220376,False,,
7,576,0.27704975303035656,3.837275039135089,0.13218747020383992,3.8435931887289403,0.4219120358568732,3.830956889541237,0.2957863345845371,4.26686663648269,0.4406486174110538,4.260548486888839,0.1509240517580205,4.273184786076541,0.28641804380744684,4.052070837808889,-1.6143835724822482,"(-0.043644777421670396, -1.022681075155045, 0.011130043745413175)",-0.0555827946703022,3.6359968355949155,-0.04358724568735162,0.06335599121529958,0.46386455488765854,False,,
7,577,0.276716031846109,3.833044001005602,0.13185795216552024,3.8394577948323625,0.4215741115266977,3.8266302071788414,0.29573624802201975,4.262623133851486,0.44059432770260853,4.256209340024725,0.15087816834143106,4.269036927678247,0.28622613993406437,4.047833567428544,-1.6150438245170504,"(-0.0460569296117974, -1.0169448912829202, 3.055900152228175e-05)",-0.054872849102972604,3.6318522001891376,-0.04424749772215386,0.06322625875823941,0.46320393497108325,False,,
7,578,0.2763702702491637,3.8287561433562383,0.13151667831117134,3.8352705046189857,0.4212238621871561,3.8222417820934913,0.29568872089041387,4.258321967724078,0.4405423128284063,4.25180760646133,0.15083512895242154,4.264836328986825,0.2860294955697888,4.043539055540158,-1.615738083270143,"(-0.04719464742614465, -1.0306828532126164, -0.0255570807838051)",-0.054182436119984086,3.627655285213081,-0.04494175647524634,0.06308258307068002,0.46251676865199576,False,,
7,579,0.27602440688022045,3.824468863032536,0.1311753637089025,3.8310835960092837,0.4208734500515384,3.817854130055789,0.2956405115698848,4.254021197954375,0.44048955474120277,4.247406464977629,0.15079146839856686,4.260635930931123,0.2858324592250526,4.039245030493456,-1.6164310124866557,"(-0.04728872273668469, -1.0305660112084563, -0.06701307868236037)",-0.0534898321127687,3.623458759987712,-0.0456346856917591,0.06294028256051974,0.46183004142437495,False,,
7,580,0.27568430076011785,3.820210928791154,0.13083967519467488,3.826921699596854,0.4205289263255608,3.813500157985455,0.29558520728736437,4.249750163226605,0.44042983285280735,4.243039392420906,0.15074058172192142,4.256460934032305,0.2856347540237411,4.03498054600888,-1.6170940426857805,"(-0.047449248314762896, -1.0234762762983456, 0.044328730474925554)",-0.052856760101935366,3.6192874439065545,-0.04629771589088394,0.06281710372709264,0.461160173082721,False,,
7,581,0.275344001750554,3.8159537724689105,0.13050386352430576,3.8227607070654304,0.42018413997680215,3.8091468378723903,0.2955300836574752,4.245479699622612,0.44037022188372343,4.2386727650260925,0.15068994543122705,4.252286634219132,0.2854370427040146,4.030716736045761,-1.6177579629143042,"(-0.047450716734358835, -1.023314391148464, 0.002978031719632069)",-0.05217387316949236,3.6151170361290768,-0.046961636119407624,0.06269340527794559,0.46048996505554635,False,,
7,582,0.275019762906825,3.811702320465324,0.13018357800936045,3.8185928606725543,0.4198559478042896,3.8048117802580936,0.2954537786937838,4.241216523954357,0.4402899635912484,4.2343259837471265,0.15061759379631923,4.248107064161587,0.2852367708003044,4.02645942220984,-1.6183351975842788,"(-0.04806525689044245, -1.0217553206209382, 0.043375826197688094)",-0.051500219308149575,3.610940348175285,-0.04753887078938224,0.06262599547509394,0.45986729284001754,False,,
7,583,0.2746628035023229,3.807423412811483,0.12983070865213558,3.8143993931229763,0.41949489835251025,3.80044743249999,0.29535019339157825,4.236925487194798,0.44018228824176564,4.229949506883305,0.15051809854139095,4.243901467506291,0.2850064984469506,4.02217445000314,-1.6189251144495942,"(-0.055265364804919996, -1.0283933296081518, -0.009028596226104312)",-0.05084147505370328,3.6067368906054673,-0.048128787654697636,0.0625933190787324,0.45919488664382496,False,,
7,584,0.2743450402442846,3.8031950218382184,0.12951673121135754,3.8102491626549995,0.4191733492772116,3.796140881021438,0.2952642164595652,4.2326858693151745,0.4400925254924922,4.225631728498394,0.15043590742663818,4.239740010131955,0.2848046283519249,4.017940445576697,-1.6194647843688708,"(-0.048448822806170314, -1.0161610623463389, -0.01422610855532784)",-0.05019499645070108,3.602578051460051,-0.0486684575739742,0.06255100554925364,0.4585923165400191,False,,
7,585,0.2739948775309361,3.798958145209346,0.12917065156213453,3.8060956218318984,0.4188191034997377,3.7918206685867943,0.29516118751505616,4.22843688428924,0.4399854134838578,4.221299407666689,0.15033696154625456,4.235574360911793,0.2845780325229961,4.0136975147492935,-1.6200402034893802,"(-0.05438299894289946, -1.018303398576781, 0.0024609771767866856)",-0.0495652587554311,3.5984147591103968,-0.0492438766944836,0.06252195492605256,0.45793391514721316,False,,
7,586,0.27364474649413356,3.7947219804670813,0.128824636764128,3.8019424941461177,0.4184648562241391,3.787501466788045,0.29505730430093086,4.224188512769857,0.4398774140309364,4.21696799909082,0.15023719457092533,4.231409026448892,0.2843510253975322,4.009455246618469,-1.6206135760292502,"(-0.05448171011133742, -1.018144351397913, -0.03893532205731784)",-0.04894648104104502,3.5942518927156515,-0.0498172492343536,0.06249473888089563,0.45727627884239014,False,,
7,587,0.27330038807919177,3.790532060767651,0.128484895421105,3.797844590165583,0.41811588073727857,3.7832195313697197,0.29498582008685115,4.219984901064047,0.43980131274493794,4.212672371666115,0.15017032742876438,4.227297430461978,0.28414310408302146,4.005258480915849,-1.621248965567283,"(-0.04990111548257671, -1.0072237686288366, 0.048542573834113076)",-0.048311130993936795,3.590144449953485,-0.05045263877238648,0.06240287603772196,0.45660939513501414,False,,
7,588,0.2729565044225893,3.786341873638019,0.12814561048178302,3.793744913288363,0.41776739836339555,3.7789388339876755,0.29491034614429806,4.215781076359031,0.4397212400851043,4.208378036708687,0.15009945220349183,4.223184116009374,0.2839334252834437,4.001061474998525,-1.621873979403408,"(-0.05032291189866929, -1.0072814201578475, 0.0068948930756998796)",-0.04770822283291243,3.5860352620973996,-0.05107765260851149,0.062319812391393045,0.4559462877913681,False,,
7,589,0.2726119575724154,3.7821342730364167,0.1278053831428147,3.789621328663598,0.4174185320020162,3.7746472174092354,0.2948149501219872,4.211560666172474,0.4396215245515879,4.204073610545293,0.1500083756923865,4.219047721799655,0.2837134538472013,3.9968474696044454,-1.6224541652254407,"(-0.05279314469816131, -1.0113612945790842, 0.005600444476139291)",-0.047108141562323694,3.581902158432531,-0.05165783843054417,0.06227854090929664,0.45529507092526816,False,,
7,590,0.27225291145458663,3.777904650926963,0.12745040841533084,3.78547004011499,0.4170554144938423,3.7703392617389357,0.29468820352942526,4.207318970284756,0.43949070656868106,4.199753581096729,0.14988570049016958,4.214884359472783,0.28347055749200595,3.9926118106058595,-1.6229951258860675,"(-0.05829512524688178, -1.0165581596605724, -0.0434746082393914)",-0.046516448183436254,3.577740853438818,-0.05219879909117098,0.062293521499002726,0.45463456287667586,False,,
7,591,0.27189385266196725,3.773675758264501,0.12709545509388012,3.7813193216817944,0.4166922502300544,3.7660321948472077,0.2945609717615268,4.2030779027767595,0.43935936932961395,4.1954343393594655,0.1497625741934397,4.210721466194053,0.283227412211747,3.98837683052063,-1.623535001467971,"(-0.05835486726214436, -1.0163952204549878, -0.08486022717241666)",-0.04593479186753238,3.5735801309223825,-0.05273867467307447,0.06230952233841809,0.453974467406594,False,,
7,592,0.2715412276565769,3.769426251978071,0.12674732889445114,3.777154568823496,0.41633512641870263,3.761697935132646,0.2944596845085277,4.198815055203685,0.43925358327065345,4.19108673835826,0.14966578574640205,4.2065433720491106,0.2830004560825523,3.984120653590878,-1.624120330751838,"(-0.05446947100672869, -1.021482463140531, 0.029388855050167084)",-0.04534493928193368,3.569405637253942,-0.05332400395694137,0.0622750359249795,0.4533107870365284,False,,
7,593,0.2711884318533148,3.765177164572597,0.12639908139147027,3.772990230093705,0.41597778231515947,3.7573640990514887,0.2943582123641873,4.194552479735308,0.4391475628260319,4.1867394142142,0.1495688619023427,4.202365545256416,0.28277332210875106,3.9798648221539525,-1.6247056454997761,"(-0.054512153712304764, -1.0213995448621938, -0.012293856165545835)",-0.04477840035537442,3.5652315643615355,-0.05390931870487958,0.06224082095279929,0.4526470150783653,False,,
7,594,0.27084058022025703,3.760933924559233,0.12605544817782705,3.7688247761898306,0.4156257122626871,3.753043072928635,0.2942410367799607,4.190296729926439,0.4390261688223907,4.1824058782958415,0.14945590473753073,4.198187581557037,0.2825408085001089,3.975615327242836,-1.625242889713741,"(-0.055803266074127875, -1.019878778668054, 0.05772930087041429)",-0.04421775629435233,3.5610565515922254,-0.05444656291884442,0.06224341406321992,0.4520039022537835,False,,
7,595,0.27049269628438877,3.75669137158469,0.12571182095923036,3.764659943607388,0.41527357160954714,3.7487227995619916,0.29412363400687314,4.186041553583435,0.43890450933203157,4.178072981560737,0.14934275868171476,4.194010125606134,0.28230816514563095,3.971366462584063,-1.6257796957493713,"(-0.05583440507469749, -1.0197275181055445, 0.016301559979922522)",-0.04366261361429131,3.556882170752324,-0.054983368954474754,0.06224646627228459,0.4513609898739788,False,,
7,596,0.2701479919324661,3.752429566182117,0.1253712351894197,3.760472619518056,0.41492474867551243,3.7443865128461775,0.2939998052735273,4.1817675344545995,0.4387765620165738,4.17372448111866,0.149223048530481,4.1898105877905385,0.2820738986029967,3.967098550318358,-1.6262941447111643,"(-0.05622397023222479, -1.024298943769185, 0.03748964552788431)",-0.04318406379076694,3.5526854305666196,-0.05549781791626773,0.06226539830676884,0.45072897554502844,False,,
7,597,0.26978258414632,3.7481501904056014,0.1250098700383401,3.756265684833491,0.4145552982542998,3.740034695977712,0.2938492227945447,4.177476170174094,0.4386219369025246,4.169360675746204,0.14907650868656486,4.185591664601984,0.28181590347043234,3.9628131802898476,-1.6267945157892127,"(-0.06191883181543996, -1.0284888068425109, -0.01386781721128066)",-0.042638003893054235,3.54842069272738,-0.05599818899431619,0.062326444067233575,0.45007174554406104,False,,
7,598,0.2694171359741637,3.7438715644838365,0.12464849813130655,3.7520594517036057,0.41418577381702093,3.7356836772640674,0.2936984566948585,4.173185456017826,0.4384670945377157,4.164997568798057,0.14892981885200132,4.1813733432375955,0.2815577963345111,3.9585285102508316,-1.6272945672663726,"(-0.06194571262109314, -1.0283208093638745, -0.055265704939391036)",-0.042101158313577504,3.544126666391025,-0.056498240471476,0.06238785078863828,0.4494146548309409,False,,
7,599,0.2690612627760669,3.739656791609512,0.12429715259076887,3.747924342774087,0.41382537296136496,3.7313892404449365,0.29357882829860094,4.168957256296948,0.43834293848389905,4.160689705132372,0.1488147181133029,4.177224807461523,0.2813200455373339,3.9543070239532296,-1.6278448604082605,"(-0.057060191322528916, -1.0131567114245121, 0.03744327703547089)",-0.041557144294956216,3.5398970365932687,-0.05704853361336393,0.06238997499522274,0.44875713475435247,False,,
7,600,0.26870621553204765,3.7354417142111096,0.12394654938491181,3.7437867161266136,0.41346588167918347,3.727096712295606,0.2934534625918177,4.164729000026754,0.4382131287389536,4.1563839981112505,0.14869379644468192,4.173074001942258,0.2810798390619327,3.950085357118932,-1.6283798820915367,"(-0.05764955409629316, -1.0132000402315067, -0.003979055005385686)",-0.041033258624041224,3.5356671662594774,-0.057583555296640165,0.06240485391289957,0.44810518717066383,False,,
7,601,0.26836900762377663,3.7312286791229474,0.12361299656700939,3.739636845565941,0.41312501868054385,3.722820512679954,0.2933035701788607,4.160505125705085,0.43805958123562794,4.152096959262091,0.14854755912209353,4.168913292148078,0.2808362889013187,3.945866902414016,-1.628816228247969,"(-0.058452038547354604, -1.0124291291797585, 0.030994017701407105)",-0.0404968427820435,3.531440688292939,-0.05801990145307245,0.06248437614645034,0.4475061940516341,False,,
7,602,0.26800555927963293,3.726994973111673,0.1232533511365275,3.735468357187418,0.41275776742273834,3.7185215890359284,0.29313352584908264,4.1562601420877785,0.4378857339921881,4.1477867580120344,0.1483813177059773,4.164733526163523,0.2805695425643578,3.941627557599726,-1.6292667690431717,"(-0.06401912087061554, -1.0174427554296475, -0.01893405653682001)",-0.03999198563299832,3.5271916053281775,-0.058470442248275134,0.0625880922607961,0.44686620422651807,False,,
7,603,0.2676462120960669,3.7228189978096777,0.12289821445564475,3.7313640068259586,0.4123942097364891,3.714273988793397,0.29298658366158975,4.152071680467482,0.4377345813020119,4.143526671451201,0.1482385860211676,4.160616689483763,0.28031639787882834,3.9374453391385797,-1.629761586923394,"(-0.06075472452706488, -1.0037324306751056, 0.02633499205143508)",-0.03949682781959195,3.5230003982716154,-0.05896526012849734,0.06264570128901545,0.44621973143104604,False,,
7,604,0.2672825961814119,3.7185486328549353,0.12253876618309312,3.7271639492982116,0.41202642617973073,3.709933316411659,0.2928314656338864,4.147788956298226,0.4375752956322052,4.139173639854949,0.14808763563556762,4.156404272741502,0.28005703090764916,3.9331687945765803,-1.6302473168742977,"(-0.06224807308300541, -1.026370694879875, -0.03361883825369626)",-0.0390178684332223,3.518714750491962,-0.059450990079401134,0.06271763544452627,0.445569863253406,False,,
7,605,0.26691893400492894,3.714278827399983,0.12217929568377556,3.7229642806789833,0.4116585723260823,3.7055933741209826,0.2926757954529995,4.143506720352369,0.43741543377415293,4.134821267073368,0.14793615713184616,4.152192173631369,0.2797973647289642,3.928892773876176,-1.6307318822607708,"(-0.062319882884388986, -1.0262449680970656, -0.07505517217122787)",-0.038531452813366965,3.5144296574969496,-0.05993555546587426,0.06279070818159338,0.44492035535219476,False,,
7,606,0.26655753646612834,3.7100358563704736,0.1218221848429776,3.7187924533420667,0.4112928880892791,3.7012792593988806,0.2925253757611973,4.139251037046024,0.43726072738434807,4.130494440074431,0.14779002413804657,4.148007634017617,0.2795414561136628,3.9246434467082487,-1.6312234182734242,"(-0.061418067672340655, -1.0198385203024918, 0.03811533249730094)",-0.0380323088824587,3.5101714938341524,-0.06042709147852765,0.06285424428984118,0.44427220757595126,False,,
7,607,0.2661959974877432,3.7057932873501813,0.12146496819429067,3.7146210367608625,0.41092702678119575,3.6969655379395,0.29237484056769464,4.134995650082489,0.4371058698611472,4.126167900671807,0.14764381127424211,4.14382339949317,0.2792854190277189,3.920394468716335,-1.631715029336719,"(-0.061448900626532584, -1.0197547180592512, -0.0035732090611679)",-0.03755632746590009,3.5059137206955167,-0.06091870254182252,0.06291792540113403,0.44362394221463347,False,,
7,608,0.2658404670194255,3.701561474936148,0.12111335180825084,3.7104531633388853,0.41056758223060014,3.6926697865334113,0.2922089222827144,4.130752230389977,0.4369360374938891,4.12186054198724,0.14748180707153977,4.139643918792713,0.27902469465106994,3.9161568526630623,-1.632156813354406,"(-0.06257385039575497, -1.017027852785449, 0.05638508390544508)",-0.03708591002954909,3.5016671296917123,-0.06136048655950943,0.06301848763536608,0.4429981456180823,False,,
7,609,0.2654848764792427,3.69733032276981,0.12076170629416325,3.7062859920122797,0.4102080466643221,3.6883746535273403,0.2920430680258773,4.126509379180735,0.43676623821095684,4.1175537099382655,0.1473198978407979,4.135465048423205,0.27876397225256,3.9119198509752726,-1.6325988985201072,"(-0.0625733756423876, -1.0168804050695566, 0.014959701400291335)",-0.03662061215973619,3.4974211927860486,-0.06180257172521064,0.06311887156799971,0.4423722638373636,False,,
7,610,0.26514448011129654,3.69312085174978,0.12042459460341767,3.7021294442362014,0.4098643656191755,3.6841122592633586,0.2918596164503391,4.122290167393835,0.43657950195821804,4.113281574907414,0.1471397309424602,4.131298759880256,0.2785020482808178,3.9077055095718074,-1.632964588712501,"(-0.06286175321813008, -1.0114419368315992, 0.00023803996699430993)",-0.036162310001421026,3.4931980280579005,-0.062168261917604495,0.06326732895283696,0.4417891891978769,False,,
7,611,0.26477674920802535,3.688854887957844,0.12006097785528941,3.6979293312896777,0.40949252056076124,3.679780444626011,0.2916871673644967,4.118012003003889,0.4364029387172326,4.108937559672055,0.1469713960117608,4.127086446335722,0.278231958286261,3.9034334454808666,-1.6334196179579652,"(-0.06482159869362576, -1.0252953818258281, -0.02701953805532597)",-0.035714339949757375,3.4889164590728385,-0.06262329116306864,0.06337311809699095,0.4411426954352651,False,,
7,612,0.26440899753742036,3.6845895056987006,0.11969735838056372,3.6937296092285137,0.409120636694277,3.675449402168888,0.2915141321430725,4.113734366646621,0.4362257712999291,4.104594263116808,0.14680249298621584,4.122874470176433,0.2779615648402464,3.8991619361726606,-1.63387334275713,"(-0.06489442704350017, -1.0251622339694577, -0.06845109882414746)",-0.035273483232872486,3.4846354688963213,-0.06307701596223336,0.06348013593758364,0.440496623105742,False,,
7,613,0.2640448758150426,3.6803478128412603,0.11933721805905717,3.6895507355713812,0.40875253357102803,3.671144890111139,0.2913363018422987,4.109480866876251,0.4360439595982841,4.10027794414613,0.14662864408631326,4.118683789606373,0.27769058882867065,3.894914339858756,-1.634307447877223,"(-0.06503424277818243, -1.0194231153371687, 0.04344217773850795)",-0.03426971152993834,3.4803783757712754,-0.06351112108232648,0.06359989243838379,0.43986121517957644,False,,
7,614,0.2636816376657249,3.6761075890251154,0.11897787603763837,3.685371571466911,0.40838539929381146,3.6668436065833196,0.2911541373207051,4.105229089025648,0.4358578989487917,4.0959651065838525,0.1464503756926186,4.114493071467444,0.277417887493215,3.890668339025382,-1.6347294057315358,"(-0.06544832050935893, -1.0190402000097227, 0.0020203830514369235)",-0.03389332488712801,3.4761228149677876,-0.06393307893663924,0.06320859102180473,0.43923050516336676,False,,
7,615,0.26333785916357755,3.6718844573590177,0.11863721843266675,3.6811970602209394,0.40803849989448837,3.662571854497096,0.29095454351272476,4.100996702285167,0.4356551842436356,4.0916840994232455,0.14625390278181394,4.110309305147089,0.27714620133815115,3.8864405798220925,-1.6350654090491932,"(-0.06520467721531698, -1.0146622087894712, 0.04722017594419223)",-0.03351978985558436,3.4718857734915183,-0.06426908225429662,0.06261605280672147,0.43865120697547205,False,,
7,616,0.26295440221284483,3.6676236217201805,0.11825671267851975,3.676981967911044,0.40765209174717,3.6582652755293172,0.29070673919264634,4.096727114821972,0.4354044287269715,4.087368768631109,0.1460090496583212,4.106085461012835,0.2768305707027456,3.8821753682710765,-1.6353815361568975,"(-0.07575135249734162, -1.023650772243874, -0.009819507924620247)",-0.03315087087810268,3.4676081276754,-0.06458520936200096,0.061973673864530815,0.4380213480815729,False,,
7,617,0.2626331581315353,3.663406399867876,0.11793761339193598,3.672797849836363,0.4073287028711346,3.654014949899388,0.29048366493463595,4.092503532543929,0.43517920967423535,4.0831120825754414,0.1457881201950367,4.101894982512416,0.27655841153308564,3.8779549662059023,-1.6356103167471752,"(-0.06531820071838836, -1.0128964956417508, -0.016950216980121134)",-0.03279053455183546,3.463378688275157,-0.0648139899522786,0.06144692197791085,0.4375036949696344,False,,
7,618,0.26226365403222524,3.659181027569457,0.11757154285673913,3.6686252302134474,0.4069557652077114,3.6497368249254674,0.29027059980405784,4.088267977951934,0.434962710979544,4.078823775307944,0.1455784886285717,4.097712180595924,0.27626712691814154,3.8737245027606955,-1.6359748981233329,"(-0.06990830758658093, -1.0153112268495907, 0.0013090767151174854)",-0.032476589350264415,3.4591374626012525,-0.0651785713284363,0.06080889501647112,0.4368802345680464,False,,
7,619,0.261894347041337,3.6549565248025004,0.1172056576673145,3.664453006636718,0.40658303641535953,3.645460042968283,0.2900563276531542,4.0840333277737395,0.4347450170271767,4.074536845939522,0.1453676382791317,4.093529809607957,0.2759753373472456,3.86949492628812,-1.636336215733619,"(-0.07002949701502276, -1.0150983534180675, -0.03979997349201685)",-0.0321322540983178,3.4548971195668807,-0.06553988893872242,0.06017215631246497,0.4362580125189271,False,,
7,620,0.26152975287854063,3.650722717494472,0.11684477264438103,3.6602755440207337,0.4062147331127002,3.64116989096821,0.28985882464607604,4.079788520947496,0.43454380488023564,4.070235694421235,0.14517384441191652,4.089341347473758,0.27569428876230834,3.865255619220984,-1.6367256408766098,"(-0.06745166038494502, -1.0174336961125443, 0.04670087533708864)",-0.031308856666294085,3.45064785660943,-0.06592931408171321,0.05953315109356344,0.4356347430282272,False,,
7,621,0.26116595396033004,3.64649018039246,0.11648459977976539,3.6560977686682974,0.40584730814089465,3.6368825921166223,0.2896574226403994,4.075545230721031,0.43433877682096406,4.065937642445194,0.1449760684598348,4.085152818996868,0.2754116883003647,3.8610177055567454,-1.6371041351408606,"(-0.06782411086646477, -1.0170992794173426, 0.005254825283010692)",-0.03101394884503504,3.446399920996084,-0.06630780834596406,0.05889870735342861,0.43501568251084355,False,,
7,622,0.2608081815310777,3.6422597000066395,0.11613021437784532,3.6519181584969056,0.4054861486843101,3.6326012415163738,0.28945050670910827,4.07130470604726,0.4341284738623407,4.061646247556994,0.1447725395558759,4.080963164537526,0.275129344120093,3.85678220302695,-1.6374557409828305,"(-0.06776260326522084, -1.01652060715089, 0.016925950809273532)",-0.030715529991888205,3.442154493314211,-0.06665941418793397,0.05828128469546927,0.43441262897281874,False,,
7,623,0.2604248827015422,3.6380001495854377,0.11574985180468564,3.647702491312753,0.4050999135983987,3.628297807858122,0.28919734437565026,4.06703644810715,0.43387237527250677,4.057334106379835,0.14452231347879377,4.076738789834465,0.2748111135385962,3.852518298846294,-1.6377590607134618,"(-0.07637533955921989, -1.023337003357427, -0.03707233167939844)",-0.030414798811806174,3.437878145759081,-0.06696273391856522,0.05764305099644191,0.4337868519342564,False,,
7,624,0.2600416409539859,3.6337413151414366,0.11536954905529842,3.643487382330705,0.40471373285267337,3.6239952479521684,0.2889437712394019,4.062768898013406,0.4336158631380894,4.053022830824138,0.14427167934071447,4.072514965202674,0.2744927060966939,3.8482551065774215,-1.638061296043797,"(-0.07641778605655168, -1.023166144529398, -0.07846708977252632)",-0.030116929186098335,3.4336025174787568,-0.06726496924890046,0.05700522499070886,0.4331614942211623,False,,
7,625,0.2596708095193029,3.62950878192947,0.11500255811684845,3.6393116915055215,0.4043390609217573,3.6197058723534186,0.2887415068827659,4.058524975743645,0.4334097582852203,4.048722066167594,0.1440732554803115,4.068327885319697,0.2742061582010344,3.8440168788365576,-1.6384542062436225,"(-0.06877149495828525, -1.0171746578073653, 0.027695847586029526)",-0.02980121371569088,3.4293540556508857,-0.06765787944872592,0.05635616953752981,0.43252873179271834,False,,
7,626,0.2592998445442322,3.6252765839354475,0.11463545810827183,3.635136365733597,0.40396423098019263,3.615416802137298,0.2885391974628822,4.054281316124848,0.4332035838988426,4.044421534326697,0.14387481102692184,4.064141097922997,0.2739195210035572,3.8397789500301474,-1.638847333142754,"(-0.06879292739452195, -1.0171029135384158, -0.01403319558790001)",-0.029502034573842057,3.425105918677325,-0.06805100634785743,0.0557068280609356,0.4318957871591147,False,,
7,627,0.2589311943596766,3.6210423000917187,0.11427036761913886,3.630954172101794,0.4035920211002143,3.6111304280816436,0.2883250216999004,4.050036475942969,0.4329858484404382,4.0401246039328935,0.14366419495936272,4.0599483479530445,0.2736281080297885,3.835539388017344,-1.6392074138338997,"(-0.06993911370449446, -1.0174948830728814, 0.05640872940487331)",-0.028739412629037713,3.4208558777632727,-0.06841108703900312,0.055071219486886834,0.43127528027231876,False,,
7,628,0.25856325828432153,3.6168092708150956,0.11390591333590971,3.626771828341965,0.40322060323273334,3.6068467132882267,0.2881073943984854,4.045793121351766,0.43276473934689724,4.035830563824896,0.14345004945007359,4.055755678878635,0.27333532634140345,3.8313011960834307,-1.6395577929060423,"(-0.07026760521240498, -1.017166064139138, 0.014949422466539429)",-0.028478828061626,3.416607142509406,-0.06876146611114575,0.05443967654551616,0.43065850850223486,False,,
7,629,0.2582042721472559,3.6125656942737394,0.11355002378125822,3.6225731130052736,0.40285852051325355,3.602558275542205,0.28788144493732276,4.041540361841871,0.4325356933033204,4.031532943110336,0.1432271965713251,4.051547780573404,0.2730428585422893,3.827053028057805,-1.6398679166988117,"(-0.07019227178738856, -1.0195603261502475, 0.02960306307087008)",-0.028266324419703902,3.412348568069157,-0.06907158990391515,0.05383354871487566,0.43006551753621536,False,,
7,630,0.2578185114098799,3.6083058439142115,0.11316716463383308,3.618355116319508,0.4024698581859267,3.5982565715089145,0.2876198019911046,4.037271906767316,0.4322711487671514,4.027222634362019,0.14296845521505783,4.047321179172612,0.27271915670049224,3.8227888753407635,-1.6401572555444708,"(-0.07768844203129853, -1.023396652089916, -0.02728472744797471)",-0.027994540494192324,3.4080717412647124,-0.06936092874957422,0.05319613824639209,0.42944041664912463,False,,
7,631,0.2574327636015707,3.6040467107196625,0.11278432666832858,3.614137780671352,0.4020812005348128,3.593955640767973,0.28735800552727037,4.03300414438376,0.43200644246051245,4.02291307443207,0.1427095685940283,4.043095214335449,0.27239538456442053,3.818525427551711,-1.6404462121801515,"(-0.07770531265720458, -1.0232274693725636, -0.06867776684476835)",-0.027723814013832716,3.403795631691554,-0.06964988538525496,0.052558852086823475,0.4288154750845725,False,,
7,632,0.25705810363048975,3.5998117497912676,0.11241334370434916,3.6099553894688765,0.4017028635566303,3.589668110113659,0.2871392419847776,4.028758279227409,0.43178400191091815,4.0186146395498,0.14249448205863705,4.038901918905017,0.27209867280763367,3.814285014509338,-1.6408096477943404,"(-0.07121082162885188, -1.0176991301694989, 0.03219062248794975)",-0.02743924211386321,3.3995444647283315,-0.0700133209994438,0.051913572977458335,0.428185795372413,False,,
7,633,0.25668334800178094,3.595577225621907,0.1120422844879678,3.6057734379379127,0.40132441151559406,3.585381013305901,0.2869203914216596,4.024512793283559,0.4315614549354728,4.014316580967554,0.1422793279078465,4.034709005599566,0.27180186971172027,3.8100450094527334,-1.6411731128075442,"(-0.07123274301921591, -1.0176012135851558, -0.009454966181020714)",-0.027165268966296972,3.3952937268800665,-0.07037678601264763,0.05126812503753461,0.42755602915882557,False,,
7,634,0.25631010116855524,3.5913570200707214,0.11167247672624253,3.601601901509005,0.400947725610868,3.5811121386324376,0.2866914737096721,4.020282389106545,0.43132909815198484,4.010037507668262,0.14205384926735937,4.0305272705448285,0.27150078743911366,3.8058197045886333,-1.6415095988595423,"(-0.0722597454255859, -1.0140731673840457, 0.060475067067179)",-0.026547469266305093,3.391057381576222,-0.07071327206464573,0.05063336022045715,0.42693585426315084,False,,
7,635,0.2559374271559649,3.587138061484892,0.11130318052376931,3.5974305199442305,0.4005716737881605,3.576845603025553,0.28645989017331397,4.016053413566575,0.43109413680550956,4.005760955107236,0.14182564354111837,4.026345872025914,0.27119865866463944,3.8015957375257337,-1.6418385421504977,"(-0.07251090587380961, -1.0137520950958996, 0.019204814566028426)",-0.0262998381871667,3.386822323793964,-0.07104221535560118,0.05000178219878869,0.42631860625257734,False,,
7,636,0.2555700175845922,3.5828991021924685,0.11093889850325339,3.593235416491076,0.40020113666593105,3.5725627878938617,0.28622253584942714,4.011805179468163,0.43085365493076594,4.001468865169556,0.1415914167680883,4.02214149376677,0.27089627671700967,3.797352140830316,-1.6421417643411274,"(-0.07257166743114803, -1.018463206900292, 0.010129180121207344)",-0.026074185383701414,3.3825677210455,-0.0713454375462308,0.049385806226580106,0.425715898531073,False,,
7,637,0.2551506253369142,3.578626441589854,0.11052080424312452,3.588980901999667,0.3997804464307039,3.568271981180041,0.2858569562073943,4.007528669661093,0.430486777301184,3.997174209251279,0.14122713511360463,4.0178831300709055,0.27050379077215425,3.793077555625473,-1.6422672296816683,"(-0.09419662676529977, -1.025900449162312, -0.05010159283431437)",-0.02581763492037736,3.378275587424469,-0.07147090288677171,0.04875281473100924,0.42508841310620704,False,,
7,638,0.2547314792338897,3.5743543863791287,0.11010292905594618,3.584726583515033,0.39936002941183324,3.5639821892432244,0.2854904086713993,4.003252845527513,0.43011895884934287,3.992880648391609,0.14086185849345578,4.013625042663418,0.2701109439526445,3.788803615953321,-1.6423898655520919,"(-0.09428323668233134, -1.0257455213164428, -0.09146574235559896)",-0.025574698636821328,3.373984078750398,-0.07159353875719532,0.048121068076826125,0.42446205766694955,False,,
7,639,0.25435803683453734,3.5701173766236116,0.10973272478155108,3.580534627392233,0.3989833488875236,3.5597001258549903,0.2852505735966561,3.999006233056605,0.4298758856496424,3.988588982287984,0.1406252615436699,4.009423483825227,0.26980430521559673,3.7845618048401084,-1.6427013817545393,"(-0.07359329689146418, -1.0180346671709857, 0.04389498623156468)",-0.02491959942173929,3.369730967835602,-0.07190505495964272,0.04749389232477474,0.42384861929096823,False,,
7,640,0.25398523109425075,3.5658816252090544,0.10936308087824478,3.5763426799789615,0.39860738131025664,3.555420570439147,0.2850076693774243,3.9947611051599683,0.4296298195934303,3.984300050390061,0.1403855191614184,4.005222159929876,0.2694964502358375,3.7803213651845113,-1.6430042642801623,"(-0.07388519514221216, -1.0177055173432656, 0.002468281696061898)",-0.02472692142837769,3.36547916054011,-0.07220793748526577,0.04687034523109665,0.42323848591061436,False,,
7,641,0.2536126479801692,3.5616519735113217,0.10899364187053173,3.5721564045697196,0.39823165408980665,3.5511475424529233,0.2847637193947295,3.990522129560591,0.42938272550436696,3.980017698502193,0.14014471328509204,4.001026560618989,0.26918818368744934,3.7760870515359564,-1.6433041959269357,"(-0.07398397161316196, -1.0162352756531492, 0.06608854127881841)",-0.024129207972296163,3.3612334531772485,-0.0725078691320391,0.04624803494039749,0.4226295141083534,False,,
7,642,0.2532406862961104,3.557423438183351,0.10862474930010399,3.5679700379561265,0.3978566232921168,3.5468768384105758,0.28451680976020255,3.9862844927232324,0.42913274675620894,3.9757378929504568,0.13990087276419616,3.9968310924960075,0.2688787480281565,3.7718539654532917,-1.643595783890862,"(-0.0742645582302864, -1.0159406598395624, 0.024637102754427435)",-0.023961969493068773,3.3569889066982292,-0.07279945709596536,0.04562924174764756,0.4220237412365319,False,,
7,643,0.25289507472248907,3.5532120097453093,0.10828115548677253,3.563786240841973,0.39750899395820555,3.5426377786486456,0.28425313935397434,3.982067080582262,0.42886705858969093,3.9714928494855983,0.13963922011825788,3.9926413116789257,0.2685741070382317,3.7676395451637856,-1.6437868521586012,"(-0.07311383758194101, -1.0114608694814435, -0.004736919059943145)",-0.02378562466870165,3.3527634066429686,-0.07299052536370465,0.04507968407387853,0.42148274336895863,False,,
7,644,0.2525146941799087,3.5489605271911855,0.10790413325768711,3.5595805869725816,0.39712525510213026,3.5383404674097894,0.2840086645661182,3.977805638891567,0.4286192254883398,3.9671855791101707,0.13939810364389663,3.988425698672963,0.26826167937301343,3.763383083041376,-1.6441037595263592,"(-0.07498263965239202, -1.0215509093783297, -0.026864118440051984)",-0.023607662812787807,3.3484953446163863,-0.07330743273146267,0.04444090109866194,0.42085820768523774,False,,
7,645,0.25213428813292316,3.544709593039797,0.10752709158433588,3.5553753656962077,0.3967414846815105,3.534043820383386,0.28376382083814156,3.9735447276321594,0.42837101738672884,3.9628789549757486,0.13915662428955425,3.98421050028857,0.26794905448553236,3.759127160335978,-1.6444198734125446,"(-0.07502997299545898, -1.0214214492955207, -0.06829663883138179)",-0.023422611289580925,3.3442278285373956,-0.07362354661764803,0.04380231633033479,0.42023389591912924,False,,
7,646,0.2517585076881218,3.5404749334696244,0.10715435137132698,3.5511818459988262,0.3963626640049166,3.529768020940423,0.28351004139540903,3.9693010522021885,0.4281141977122038,3.9585941396729867,0.13890588507861426,3.98000796473139,0.2676342745417654,3.7548879928359065,-1.6447043703529696,"(-0.07554718650405919, -1.0174002000171785, 0.04357638012075188)",-0.022844338266622712,3.3399768904384426,-0.07390804355807301,0.04318032085648272,0.41962479822985826,False,,
7,647,0.25138331923284196,3.536241465189766,0.10678212827552169,3.546988351888927,0.39598451019016223,3.525494578490605,0.2832533970303541,3.965058790097681,0.4278545879876744,3.9543119033985197,0.13865220607303394,3.975805676796842,0.26731835813159804,3.7506501276437234,-1.6449808117817453,"(-0.0758199384401733, -1.0170876461239124, 0.002144895126551613)",-0.02268200970120757,3.3357271857776802,-0.07418448498684871,0.04256171287366829,0.4190187703750114,False,,
7,648,0.2510300158611767,3.532018315472203,0.10643077148597008,3.542791361750729,0.3956292602363833,3.5212452691936766,0.28297767034232313,3.9608298677572984,0.4275769147175298,3.950056821478772,0.13837842596711655,3.9716029140358247,0.2670038431017499,3.7464240916147507,-1.6451617214630436,"(-0.07548360716355552, -1.0142486469534655, 0.03910773668044347)",-0.022518561325185548,3.3314894202437495,-0.07436539466814707,0.04200446417285731,0.4184697794956142,False,,
7,649,0.2506363561107753,3.5277681969146997,0.10603931871072905,3.5385708250731445,0.3952333935108215,3.5169655687562553,0.2826717361668527,3.956573204376906,0.42726877356689896,3.9457705762184614,0.13807469876680653,3.9673758325353505,0.266654046138814,3.742170700645803,-1.6453663014087734,"(-0.08395127110462143, -1.0208138325474394, -0.016771730552068598)",-0.022349330928871806,3.3272217226183027,-0.07456997461387682,0.04138259833284705,0.4178572762308813,False,,
7,650,0.25028448682830445,3.523568907550415,0.10568936669126786,3.5343971683782653,0.394879606965341,3.512740646722565,0.28239588100744667,3.9523682293361095,0.4269910011444833,3.941539968508259,0.13780076087041013,3.96319649016396,0.26634018391787556,3.737968568443262,-1.6455435722556508,"(-0.07532693302522711, -1.0085117286097394, -0.007034034658599725)",-0.022179346545601285,3.3230078587676792,-0.07474724546075429,0.040828524101420294,0.41731133542990245,False,,
7,651,0.24990498065649344,3.5193348254418746,0.10531252513850736,3.53019860964809,0.3944974361744795,3.5084710412356594,0.28212172002664915,3.9481262452538335,0.42671417554463525,3.937262461047618,0.1375292645086631,3.9589900294600486,0.2660133503415713,3.733730535347854,-1.6457892493260151,"(-0.0784400583130232, -1.0171279428979831, 0.0003133272426074432)",-0.022038831231549007,3.318757220141197,-0.07499292253111856,0.0402135682883453,0.4167076838101508,False,,
7,652,0.24952560641513546,3.5151016424451202,0.1049358038948428,3.5260006794274763,0.3941154089354282,3.504202605462764,0.2818468885007433,3.9438851947466778,0.426436691021036,3.9329861577643217,0.13725708598045067,3.954784231729034,0.2656862474579394,3.729493418595899,-1.646033059414541,"(-0.0785046920716584, -1.0169080204692624, -0.04085454950963104)",-0.021862730577924212,3.3145074890774153,-0.07523673261964436,0.03959938292427171,0.4161047533338865,False,,
7,653,0.24914780402358777,3.5108709188124285,0.10456087788639168,3.521808047786569,0.39373473016078386,3.4999337898382885,0.2815820485675901,3.939645941150321,0.42616897470478626,3.9287088121761804,0.13699512243039402,3.950583070124461,0.26536492629558894,3.7252584299813747,-1.6462965107077394,"(-0.07711707896410301, -1.0163972674858794, 0.04742395850171911)",-0.021347064658319818,3.310260329779424,-0.07550018391284286,0.03898115091969398,0.415498723960847,False,,
7,654,0.24877055478912025,3.5066413088659223,0.1041864328078339,3.5176154453194433,0.3933546767704066,3.4956671724124018,0.2813145456512851,3.9354080154311166,0.4258986676325715,3.9244338789775957,0.13673042366999877,3.946382151884637,0.2650425502202027,3.7210246621485195,-1.6465524663396682,"(-0.0773702580926978, -1.0161042798852769, 0.005995852305862105)",-0.021195167849075828,3.306014323660941,-0.07575613954477167,0.038366077496769,0.4148955467351873,False,,
7,655,0.24840113949598724,3.5024125865006397,0.10381947249102116,3.5134190194407475,0.3929828065009533,3.491406153560532,0.2810409061459624,3.9311720127912286,0.4256225731509285,3.920165579851121,0.13645923914099634,3.9421784457313365,0.2647210228209748,3.716792299645934,-1.6467758432928419,"(-0.07716657581468592, -1.0157670006205166, 0.01372083998458818)",-0.021040071449165657,3.301769792982354,-0.07597951649794532,0.03777245541135952,0.4143123394032381,False,,
7,656,0.24800747100278936,3.498163577707407,0.10342798486437024,3.509198621338978,0.3925869571412085,3.4871285340758367,0.2807320831515851,3.9269165366006504,0.42531156929000424,3.9158814929690795,0.13615259701316598,3.937951580232221,0.26436977707718723,3.712540057154029,-1.6469737308102927,"(-0.08429897850901943, -1.0205381980573078, -0.039792798045297464)",-0.02087696418002167,3.2975032099203143,-0.07617740401539619,0.037152650652884735,0.413701786448675,False,,
7,657,0.2476138684528598,3.4939152774902196,0.10303655959892813,3.504978810585703,0.3921911773067914,3.482851744394736,0.28042296659808585,3.9226617796087755,0.4250002754520176,3.911598246513292,0.13584565774415425,3.933725312704259,0.26401841752547284,3.7082885285494975,-1.6471707828202318,"(-0.08432629241145463, -1.0203668650874507, -0.08117794046262329)",-0.020712281392599906,3.293237340002062,-0.07637445602533521,0.036533198424822826,0.4130915708268618,False,,
7,658,0.24723277442650218,3.4896899160593855,0.10265844542695032,3.5007923209488383,0.391807103426054,3.4785875111699327,0.280157147546948,3.9184275813684013,0.4247314765464998,3.9073251764789485,0.13558281854739615,3.929529986257854,0.26369496098672507,3.7040587487138934,-1.6474396506988565,"(-0.07762956929946924, -1.01514716054499, 0.029005386138572287)",-0.02055274679991805,3.2889952858361235,-0.07664332390395989,0.035908529819700885,0.4124795438433964,False,,
7,659,0.2468516134668801,3.4854653779018934,0.10228027968578612,3.496606717532096,0.3914229472479741,3.4743240382716913,0.2798914482323076,3.914194160838931,0.4244627820134016,3.9030528212087283,0.13532011445121367,3.925335500469133,0.26337153084959386,3.699829769370412,-1.6477089595319194,"(-0.0776232329114874, -1.01495504243553, -0.0123232481378082)",-0.02037881590548453,3.2847540487691305,-0.07691263273702287,0.035283612833279916,0.41186733366262285,False,,
7,660,0.24647051106945217,3.481235334417909,0.10190193395817493,3.492412387339887,0.3910390881807294,3.4700582814959318,0.2796162542173857,3.9099559424030765,0.4241848313286629,3.8987788894810986,0.13504767710610846,3.921132995325054,0.2630433826434189,3.695595638410493,-1.6479559907458632,"(-0.07875556948198129, -1.0161914303805608, 0.05710545710048748)",-0.019888475494931942,3.280507327528943,-0.07715966395096663,0.03466587120188431,0.41126128676043205,False,,
7,661,0.2460899049160218,3.477006346787756,0.10152401926440319,3.4882181577816636,0.39065579056764044,3.465794535793848,0.2793387237255415,3.9057189732029007,0.42390460937716024,3.8945071622089933,0.13477283807392293,3.9169307841968086,0.2627143143207817,3.6913626599953284,-1.648196419170968,"(-0.078976397432932, -1.0159148196394576, 0.01564787189646133)",-0.01973506745566866,3.2762616976140744,-0.07740009237607137,0.034050926622915485,0.4106577602471261,False,,
7,662,0.24572317590465836,3.472775120156102,0.10115928793831702,3.484012659746915,0.3902870638709997,3.4615375805652886,0.279048293311898,3.9014818224011143,0.4236121812782394,3.890244282810301,0.1344844053455567,3.9127193619919276,0.2623857346082782,3.687128471278608,-1.648374391826746,"(-0.07885913100084055, -1.016205292012883, 0.030960665102693075)",-0.01959825311205437,3.272014878310662,-0.07757806503184939,0.03347552267521755,0.4100908309294013,False,,
7,663,0.24532385741563584,3.4685250629638538,0.10076173685739317,3.479785316056219,0.3898859779738785,3.457264809871489,0.27871633210333907,3.897226523929677,0.4232784526615817,3.8859662708373115,0.13415421154509644,3.9084867770220417,0.26202009475948745,3.6828757934467653,-1.648531510182309,"(-0.08775356370977874, -1.0206426796422505, -0.028773495712472317)",-0.019437550938111933,3.267746835509274,-0.07773518338741248,0.032860678373570866,0.4094834842741285,False,,
7,664,0.2449245975222035,3.464275711585128,0.10036424299220922,3.475558614498934,0.3894849520521978,3.4529928086713224,0.27838424064590306,3.892971935363732,0.42294459517589733,3.881689032449926,0.13382388611590884,3.9042548382775375,0.2616544190840533,3.67862382347443,-1.6486881899519283,"(-0.08776216210419982, -1.02047279336047, -0.07016600321620578)",-0.019278766578452105,3.263479502844212,-0.07789186315703178,0.03224605242338245,0.4088763501158329,False,,
7,665,0.2445411570005344,3.4600495944008642,0.09998363070511404,3.471368675253515,0.38909868329595476,3.4487305135482136,0.27810808642563645,3.8887374310010765,0.42266561272105685,3.877418350148426,0.1335505601302161,3.900056511853727,0.2613246217130854,3.6743935127009704,-1.6489384542285819,"(-0.07915136903228978, -1.0152745856302572, 0.0326497249840826)",-0.01912940084646294,3.2592365277058954,-0.07814212743368532,0.03162392864219649,0.40826622468604246,False,,
7,666,0.2441576720061141,3.4558243268618245,0.09960298628912848,3.467179626825432,0.38871235772309976,3.4444690268982177,0.27783200982922457,3.8845037396777133,0.4223866955462102,3.873148439714106,0.13327732411223894,3.89585903964132,0.26099484091766934,3.670164033269769,-1.6491890082298448,"(-0.07914739089985658, -1.0150750634883772, -0.008658085436518474)",-0.018965020350252437,3.254994397790488,-0.07839268143494826,0.03100163817502287,0.4076559849405583,False,,
7,667,0.24377445529042793,3.4515993661399063,0.09922236824322037,3.462987699217953,0.38832654233763547,3.4402110330618596,0.2775467533839459,3.880271072555763,0.4220988404311534,3.8688827394777165,0.13299466633673837,3.89165940563381,0.2606606043371869,3.6659352193478347,-1.6494175266694522,"(-0.08021677931578004, -1.0149153412641543, 0.06011444177067052)",-0.018544643791385994,3.250752595263255,-0.07862119987455563,0.030386750057046323,0.40705212121248985,False,,
7,668,0.243391648662112,3.447375281666624,0.09884210594363771,3.4587958639582568,0.3879411913805863,3.435954699374991,0.27725958235454057,3.8760394428317544,0.42180912507301493,3.8646188605401215,0.13271003963606628,3.8874600251233873,0.2603256155083263,3.661707362249189,-1.649640626162032,"(-0.08039731892655329, -1.0146857036749126, 0.01862998847198162)",-0.01839620641975689,3.246511698575028,-0.07884429936713544,0.029774162531186293,0.4064503275267378,False,,
7,669,0.24301135207696586,3.443146555069873,0.09846423510900429,3.4545977985067413,0.38755846904492747,3.431695311633005,0.2769702119242302,3.871803522630035,0.42151732889219184,3.860352279193167,0.13242309495626867,3.8832547660669032,0.25999078200059805,3.657475038849954,-1.6498527430723666,"(-0.08036004185477451, -1.0157576158163402, 0.003819782313105119)",-0.018264128747203692,3.2422663622531793,-0.07905641627747007,0.02916862251736147,0.4058550782679656,False,,
7,670,0.24258520074167678,3.4388955685974154,0.09803906662963097,3.4503592117034465,0.3871313348537226,3.4274319254913843,0.2765808320216311,3.867549621481414,0.42112696613367695,3.8560859783753827,0.1320346979095853,3.879013264587445,0.25958301638165393,3.6532225950394146,-1.6499385262520774,"(-0.09786374854658733, -1.0205865145295312, -0.046792623036646316)",-0.01810545838677222,3.237995394148501,-0.07914219945718082,0.02853856782652963,0.40522919264858975,False,,
7,671,0.2421592504945904,3.4346452312821283,0.09761407670256766,3.4461209767234475,0.3867044242866131,3.4231694858408095,0.2761907714585015,3.8632964363205406,0.4207359452505242,3.8518206908792214,0.1316455976664788,3.8747721817618594,0.25917501097654594,3.6489708338013345,-1.6500222529844266,"(-0.097921297225917, -1.020422697139236, -0.08816796315902638)",-0.017954064079110692,3.233725091938193,-0.07922592618953006,0.027909452878608545,0.4046041511601572,False,,
7,672,0.24177619340234408,3.4304142028483593,0.09723344118584007,3.441920409072755,0.38631894561884805,3.4189079966239637,0.2758980463436556,3.8590582266628193,0.4204407985601596,3.8475520204384237,0.13135529412715163,3.8705644328872153,0.25883711987299984,3.6447362147555893,-1.6502329901354709,"(-0.08109386485105742, -1.0163085709788742, 0.041475077143529104)",-0.01755793086229725,3.2294772588769782,-0.07943666334057431,0.027300434969951704,0.4040054062927363,False,,
7,673,0.2413936068302213,3.4261841452990396,0.09685321065816963,3.437719910311657,0.385934003002273,3.4146483802864216,0.2756031168676392,3.8548211822230547,0.42014351303969094,3.843285417210437,0.13106272069558758,3.8663569472356727,0.25849836184893027,3.640502663761047,-1.6504374903858914,"(-0.08130192577669185, -1.0160522386900996, 5.3510066273965476e-05)",-0.01743438082355822,3.2252304305105732,-0.07964116359099482,0.0266940665790334,0.403409032918013,False,,
7,674,0.24100933494990812,3.421957685193316,0.09647137680510343,3.4335239575111673,0.3855472930947128,3.4103914128754647,0.27530931492698424,3.8505874921054954,0.41984727307178893,3.839021219787644,0.1307713567821796,3.8621537644233466,0.2581593249384462,3.6362725886494056,-1.6506485563800397,"(-0.08136885851618632, -1.0152180267939301, 0.06846939863067891)",-0.01702548662243227,3.2209870647063146,-0.07985222958514315,0.026083209880659243,0.4028085190591014,False,,
7,675,0.24062547561804004,3.417732249915184,0.09608990005938717,3.429328257759651,0.3851610511766929,3.406136242070717,0.2750136368119769,3.846354991227051,0.4195492123706298,3.834758983382584,0.13047806125332403,3.857950999071518,0.25781955621500846,3.6320436205711175,-1.6508542862241384,"(-0.08154449362505728, -1.01495233878915, 0.027027644096042722)",-0.016918608534744282,3.216744753110252,-0.08005795942924188,0.02547463339102415,0.4022100501920101,False,,
7,676,0.24026197184125206,3.4135201233359407,0.09572786574000272,3.4251344323344464,0.3847960779425014,3.4019058143374346,0.27470440542302865,3.842138506946542,0.41923851152427805,3.8305241979480362,0.13017029932177934,3.853752815945048,0.25748318863214037,3.6278293151412413,-1.6509809072790305,"(-0.08072821988833916, -1.0114333031703289, -0.005034320886175872)",-0.016804317881015315,3.2125172366434653,-0.0801845804841339,0.024920112525629652,0.40166176287170674,False,,
7,677,0.23987158224146957,3.4092755239924575,0.09534007169029787,3.420922088198116,0.3844030927926413,3.3976289597867986,0.274409669196182,3.8378862104545526,0.41894117974735373,3.8262396462488937,0.12987815864501034,3.8495327746602115,0.2571406257188258,3.623580867223505,-1.6512040760349167,"(-0.0822150991955015, -1.0196275002566793, -0.037042232040772366)",-0.016689358497771183,3.2082553287393196,-0.08040774924002014,0.024296716054188688,0.40104937755168085,False,,
7,678,0.2394811548071362,3.4050315426561473,0.09495224821424164,3.4167103764618987,0.38401006140003074,3.393352708850396,0.2741149378172959,3.8336345070350757,0.4186438444101904,3.8219556732293243,0.12958603122440135,3.845313340840827,0.25679804631221603,3.6193330248456115,-1.6514273483893778,"(-0.0822190575863389, -1.019482170694426, -0.07845399426587438)",-0.016567991296021357,3.2039940358988623,-0.08063102159448121,0.023673224004703564,0.40043693232630734,False,,
7,679,0.23909434869300208,3.4008053640677907,0.09456776450663867,3.4125129028109256,0.3836209328793655,3.3890978253246553,0.27381325668988554,3.8294014413101096,0.4183398408762489,3.8176939025669747,0.12928667250352213,3.841108980053245,0.2564538026914438,3.61510340268895,-1.65162596033902,"(-0.08261846898534156, -1.0151093175987702, 0.05119343236133239)",-0.016240119835904034,3.19975076825379,-0.08082963354412342,0.023062726324208294,0.3998362869467577,False,,
7,680,0.2387078340759896,3.396580028476448,0.09418353307483668,3.4083157184914463,0.38323213507714254,3.3848443384614497,0.27351022515495016,3.82516933489366,0.41803452615610315,3.813433644878662,0.12898592415379725,3.8369050249086585,0.2561090296154699,3.610874681685054,-1.6518207445325086,"(-0.08274553823374023, -1.0148930409350818, 0.00968436790936214)",-0.016126266195661803,3.1955083645539424,-0.08102441773761204,0.022453857352303035,0.3992371038735542,False,,
7,681,0.23832134600989124,3.392356288702065,0.09379933579953159,3.404120155615486,0.3828433562202509,3.3805924217886436,0.27320729616693334,3.820938801739683,0.41772930637729305,3.809174934826262,0.12868528595657372,3.8327026686531043,0.2557643210884123,3.606647545220874,-1.6520157091263517,"(-0.0827300464938164, -1.0145127514031893, 0.0488389685346526)",-0.015754795238310092,3.1912675557222627,-0.08121938233145509,0.021844961436026135,0.3986379261234612,False,,
7,682,0.23792480473088704,3.38812128956492,0.09340481845977788,3.3999099946761024,0.38244479100199613,3.376332584453738,0.2728844129916345,3.816697800575796,0.41740439926274364,3.8049090954646134,0.1283644267205254,3.828486505686978,0.25540460886126076,3.602409545070358,-1.652187574792949,"(-0.08633093451636828, -1.0171200361238686, 0.0026991150569875538)",-0.015655132022846067,3.187014769951972,-0.08139124799805253,0.02122922656107888,0.3980307772592121,False,,
7,683,0.23757218164768162,3.3839096786189784,0.09305267773758513,3.3957042955936663,0.38209168555777806,3.3721150616442905,0.2725493216415836,3.8124847591799544,0.4170688255516801,3.8006901422052666,0.12802981773148714,3.8242793761546423,0.2550607516446326,3.5981972188994664,-1.6522284817534552,"(-0.08252573199076171, -1.0109582810139484, -0.01675830150415229)",-0.015550111643905294,3.1827885869978965,-0.0814321549585586,0.02071746885251064,0.3975210651985146,False,,
7,684,0.23718629349974132,3.3796723406200107,0.09266886348390718,3.3914923415344975,0.38170372351557547,3.3678523397055242,0.2722387100047707,3.808241271011795,0.4167561400206049,3.796421270097308,0.12772127998893656,3.8200612719262814,0.254712501752256,3.593956805815903,-1.6524041267091965,"(-0.08357997417037373, -1.0176991400552409, -0.013629245475331911)",-0.015464323499530433,3.178534266720383,-0.0816077999142999,0.020115584746425656,0.3969279790437472,False,,
7,685,0.2368005767570652,3.3754355786091557,0.09228519413892033,3.3872805854361356,0.3813159593752101,3.3635905717821766,0.2719271487267285,3.8039984374077926,0.4164425313448734,3.7921534305808127,0.12741176610858368,3.8158434442347717,0.2543638627418969,3.589717008008474,-1.6525771583605344,"(-0.08367336248618745, -1.0175514737829172, -0.05500616397946897)",-0.015361236518588832,3.17428053509408,-0.08178083156563787,0.019514773215554455,0.3963358530484815,False,,
7,686,0.23641409236013655,3.3712093978172306,0.09190083578051364,3.3830803149154187,0.38092734893975944,3.359338480719042,0.27161750168579846,3.7997659518119744,0.41613075826542145,3.7878950347137863,0.12710424510617555,3.811636868910163,0.2540157970229675,3.5854876748146025,-1.652756450428001,"(-0.08353577254305343, -1.0150399665292364, 0.049073569113494656)",-0.015055863426901845,3.170037299451608,-0.08196012363310445,0.0189108684592996,0.3957409674723553,False,,
7,687,0.2360279957360783,3.3669840789334895,0.09151680882503854,3.378880164741961,0.38053918264711806,3.3550879931250175,0.2713060433060291,3.795534495290366,0.4158172302170689,3.7836384094818944,0.12679485639498939,3.807430581098838,0.2536670195210537,3.5812592871119278,-1.6529306136227528,"(-0.08370660045931105, -1.0148130486419018, 0.0076251277513194535)",-0.014962869859389698,3.1657949537850243,-0.08213428682785628,0.018309146822805687,0.39514802585832093,False,,
7,688,0.23565233118787057,3.362757482437951,0.09114264799831218,3.374671821045421,0.38016201437742897,3.350843143830481,0.2709845077479539,3.7913034394828484,0.41549419093751233,3.7793891008753784,0.1264748245583955,3.8032177780903185,0.2533184194679122,3.5770304609604,-1.6530569214493644,"(-0.08366401275395766, -1.0149182763667015, 0.025628513683742693)",-0.014877274236514934,3.1615521131657416,-0.08226059465446789,0.0177374809723954,0.39458273891989587,False,,
7,689,0.23525116269897353,3.3585159360062744,0.0907430261680651,3.370449019277764,0.379759299229882,3.3465828527347847,0.2706389268833915,3.7870573064082786,0.41514706341429997,3.775124223136789,0.12613079035248306,3.7989903896797683,0.2529450447911825,3.5727866212072765,-1.653186634309365,"(-0.08960992241512476, -1.018521540749631, -0.027295230516337872)",-0.014776768571753815,3.1572924648877057,-0.08239030751446852,0.017128654970880605,0.3939804739970714,False,,
7,690,0.23484993845889907,3.354275097805137,0.09034336600325346,3.366227106720848,0.3793565109145447,3.3423230888894264,0.2702938269675588,3.782811829914983,0.41480039942320446,3.7708598209992723,0.12578725451191322,3.794763838830694,0.25257188271322895,3.56854346386006,-1.6533176009598887,"(-0.08955889870885865, -1.0183577633319394, -0.06867835732533313)",-0.014674459674603898,3.153033520955915,-0.08252127416499211,0.01651934599051473,0.39337779998755296,False,,
7,691,0.2344584652653606,3.350052919544377,0.08995428589555346,3.3620338270500127,0.3789626446351677,3.338072012038741,0.2699880530406945,3.7785825549169085,0.4144922324105017,3.7666016474112727,0.12548387367088742,3.7905634624225444,0.25222325915302757,3.5643177372306427,-1.653517583760848,"(-0.08366965444832852, -1.0141743910601568, 0.03443634190766469)",-0.014562988669648225,3.1487939134649245,-0.08272125696595145,0.01590174203223489,0.3927703481938453,False,,
7,692,0.23406743115706447,3.345831028449403,0.08956556598974141,3.3578398153641906,0.3785692963243875,3.3338222415346146,0.2696796958009187,3.7743538010145676,0.41418156096824177,3.76234501409978,0.12517783063359567,3.786362587929356,0.2518735634789916,3.5600924147319852,-1.653710516812545,"(-0.0839269617686387, -1.0140773996778374, -0.006992905768402496)",-0.014452569417400196,3.1445546268612516,-0.08291419001764844,0.01528700775057372,0.3921654314027538,False,,
7,693,0.2336770833839366,3.34160317904798,0.08917732146930601,3.353637247629099,0.3781768452985672,3.3295691104668617,0.26936432124518533,3.770119714381023,0.41386408315981593,3.758085645799904,0.12486455933055474,3.7821537829621414,0.251520702314561,3.5558614467145016,-1.6538854754556604,"(-0.08468667946334504, -1.015432324196082, 0.05382210239675479)",-0.014116551836840397,3.1403094513633905,-0.08308914866076389,0.014678989725597204,0.39156633588390444,False,,
7,694,0.2332871096897128,3.3373762895609214,0.08878939747893039,3.3494349447865215,0.3777848219004952,3.3253176343353217,0.2690472596690778,3.7658867464618626,0.4135449718798603,3.7538280912362625,0.12454954745829541,3.7779454016874623,0.2511671846793953,3.551631518011392,-1.654055626731177,"(-0.08484423243976152, -1.0151828887462624, 0.0123796815062006)",-0.014018287565661917,3.1360652627225756,-0.08325929993628045,0.014073033875032484,0.39096907535068764,False,,
7,695,0.2329020275901235,3.333148511206592,0.08840611947558233,3.3452287652665884,0.3773979357046646,3.3210682571465955,0.26872622928528567,3.7616536180290243,0.4132221373998269,3.749573363969028,0.1242303211707445,3.773733872089021,0.25081412843770456,3.5474010646178082,-1.6542051029329852,"(-0.08473349800577944, -1.0153088144600606, 0.0032772106049230865)",-0.013941154639769117,3.131820553209833,-0.08340877613808861,0.01348060837628831,0.3903843031441915,False,,
7,696,0.23249771257324345,3.328909216025685,0.0880029985383369,3.341003744374098,0.37699242660815,3.316814687677272,0.2683642449168132,3.7574107817843734,0.41285895895171987,3.74531625343596,0.12386953088190669,3.7695053101327862,0.25043097874502834,3.543159998905029,-1.654303890141364,"(-0.09195592624229283, -1.0178557710669933, -0.04253629326020187)",-0.01383264161357497,3.127562930487849,-0.08350756334646747,0.012877205233046038,0.3897859652116483,False,,
7,697,0.23209349225104853,3.3246706144831433,0.08759996424348451,3.3367793040871963,0.37658702025861257,3.3125619248790903,0.268002020042378,3.753168663057299,0.41249554804994204,3.741059973453246,0.12350849203481401,3.765277352661352,0.25004775614671326,3.538919638770221,-1.6544018958977815,"(-0.09197342359562045, -1.0176864323539085, -0.08392121417104731)",-0.013726132376622392,3.1233060090023343,-0.08360556910288497,0.012274184418797737,0.38918797544484335,False,,
7,698,0.23170149521257302,3.3204392663708373,0.08720998863729088,3.3325720536682883,0.3761930017878552,3.3083064790733867,0.2676814851291507,3.748931320352709,0.4121729917044329,3.736798533055258,0.12318997855386857,3.7610641076501596,0.24969149017086187,3.534685293361773,-1.6545686705778377,"(-0.08550383420433502, -1.0162428980274825, 0.03587357236306313)",-0.013623084168352544,3.1190572313866403,-0.08377234378294118,0.011666432409869976,0.38858879880607095,False,,
7,699,0.23130949332987863,3.3162086611971326,0.08682001389248922,3.328365565898257,0.37579897276726804,3.304051756496008,0.2673610038228684,3.744694703666632,0.4118504832602578,3.7325377989655077,0.12287152438547899,3.756851608367757,0.2493352485763735,3.5304516824318823,-1.6547355840066458,"(-0.0854979826772062, -1.0160666231738245, -0.005530246617100806)",-0.01351407789915198,3.114809196178894,-0.08393925721174922,0.011058624150189761,0.38798959012312895,False,,
7,700,0.23091770163179987,3.3119845778879826,0.08643020679334532,3.3241650473086395,0.3754051964702544,3.2998041084673257,0.2670390937068514,3.7404647349951237,0.411526588545306,3.728284265574467,0.1225515988683969,3.7526452044157805,0.24897839766932564,3.526224656441553,-1.654898674644156,"(-0.08564421769148825, -1.0144862376789892, 0.06262524372977053)",-0.013217667235125581,3.1105676823341746,-0.08410234784925952,0.010452332239808479,0.3873917173116983,False,,
7,701,0.23052623366277142,3.307761353952674,0.08604067723722728,3.3199647954509106,0.37501179008831553,3.295557912454437,0.26671574982995616,3.736235762662908,0.41120130625550033,3.7240323211646715,0.12223019340441205,3.748439204161145,0.2486209917463638,3.521998558307791,-1.6550576657848934,"(-0.08577742151084712, -1.0142635521029268, 0.021162411347953998)",-0.013120211582139909,3.106327051430587,-0.08426133898999688,0.00984780620156359,0.38679541442142357,False,,
7,702,0.23014232282612024,3.3035361236344114,0.08565830205161243,3.3157577332187333,0.3746263436006281,3.29131451405009,0.26638571676583306,3.732005978345021,0.41086973754034084,3.719784368760699,0.12190169599132522,3.7442275879293425,0.24826401979597665,3.517771050989716,-1.6551834097212423,"(-0.08567326809291641, -1.0146017563379928, 0.013448732079734738)",-0.013024480948165041,3.1020849822315992,-0.08438708292634578,0.009264610823098087,0.3862187334167398,False,,
7,703,0.2297204815496529,3.29929015058678,0.0852366746596124,3.3115142884525546,0.37420428843969344,3.2870660127210054,0.2659713731516053,3.727759371019314,0.41045518004164583,3.7155352331535396,0.12148756626156479,3.739983508885089,0.2478459273506291,3.513524760803047,-1.655200908426709,"(-0.10034218688340998, -1.0191096448005914, -0.03920383016728303)",-0.012921744457231349,3.0978194160015033,-0.08440458163181241,0.008662438653097456,0.3856174678396222,False,,
7,704,0.22929879739732517,3.295044865887281,0.08481519133552351,3.307271377220367,0.37378240345912683,3.2828183545541942,0.26555672755751264,3.72351349076021,0.41004033361931436,3.7112869794271233,0.12107312149571098,3.7357400020932965,0.2474277624774189,3.5092791783237454,-1.6552173356583302,"(-0.10035956957044678, -1.018939795032388, -0.08059139706924215)",-0.01282732615462486,3.0935545514869025,-0.08442100886343362,0.008060831790210601,0.3850167121764581,False,,
7,705,0.22890583060571298,3.2908140305269757,0.08442414264442116,3.3030631873900376,0.3733875185670048,3.2785648736639144,0.2652309164754818,3.7192769672397725,0.4097126044367737,3.7070278103767107,0.12074922851419004,3.731526124102834,0.2470683735405974,3.505045498883374,-1.6553740709507487,"(-0.08625334483715728, -1.016083065689055, 0.040652227851852824)",-0.012744300386761468,3.0893062279381045,-0.08457774415585217,0.007454899573379049,0.38441891692828284,False,,
7,706,0.22851286826747783,3.286583982778075,0.08403310339149542,3.298855801770419,0.3729926331434602,3.2743121637857318,0.2649051590723585,3.7150412165482303,0.4093849239483409,3.7027693975558864,0.1204253941963761,3.7273130355405737,0.24670901366991815,3.5008125996631527,-1.6555309232160798,"(-0.08624636896302401, -1.015895812853095, -0.0007206197673685101)",-0.012651947027431132,3.0850586921565095,-0.0847345964211832,0.006848931797470589,0.38382110726946994,False,,
7,707,0.22812021539465865,3.2823630595242124,0.0836423188720794,3.294656855374595,0.3725981119172379,3.2700692636738298,0.26457767895096573,3.710814752660137,0.409055575473545,3.6985209568097543,0.12009978242838654,3.7231085485105195,0.2463489471728122,3.4965889060921747,-1.6556830344831104,"(-0.08641595930542706, -1.0136864570347504, 0.05937384545505406)",-0.012396405473522007,3.080820280737045,-0.08488670768821382,0.0062449160453935774,0.3832250174264017,False,,
7,708,0.22772781102832068,3.2781429505969277,0.08325174871203395,3.2904582832185185,0.3722038733446074,3.265827617975337,0.26424914225096935,3.706589204362468,0.40872520456725614,3.694273871740877,0.11977307993468264,3.7189045369840588,0.24598847663964502,3.492366077479698,-1.655832101630381,"(-0.08651292796012479, -1.0134788669943806, 0.017908275993499954)",-0.012311770034004466,3.076582701832241,-0.08503577483548441,0.005642222860547586,0.3826301052763689,False,,
7,709,0.22737721435805017,3.273902385696874,0.08290396019317242,3.28625061759503,0.3718504685229279,3.261554153798718,0.2639961089525818,3.7023403118409943,0.40846936311745957,3.6899920799428383,0.11952285478770411,3.7146885437391504,0.245686661655316,3.488121348768934,-1.6560598182197377,"(-0.07243559623896385, -1.0187348905832723, -0.02541848231662347)",-0.012221913336462338,3.0723278188839522,-0.08526349142484113,0.0050734508583883285,0.3820732464079267,False,,
7,710,0.22697974187698317,3.269667988652164,0.08250846318452598,3.282039311660087,0.37145102056944035,3.2572966656442413,0.26366711355565126,3.6981000564987614,0.40813839224810844,3.685728733490838,0.11919583486319407,3.710471379506684,0.2453234277163172,3.4838840225754626,-1.6562196489629564,"(-0.08717614535970565, -1.0169582864331674, -0.01086535357632059)",-0.012122008504576249,3.0680756190168,-0.08542332216805981,0.004460131146251593,0.38146830707147683,False,,
7,711,0.22658256941635668,3.265434156732093,0.0821132146540364,3.2778279267218435,0.37105192417867694,3.253040386742343,0.2633365080066508,3.6938605191306983,0.40780586276897113,3.681466749140948,0.11886715324433056,3.7062542891204484,0.24495953871150375,3.4796473379313957,-1.6563750233145236,"(-0.08733336115523352, -1.0168043145761014, -0.052235141089948964)",-0.01201911221940402,3.0638240071662857,-0.08557869651962702,0.0038486593149971906,0.3808649969402449,False,,
7,712,0.22618725975526222,3.261204132642052,0.081719714900503,3.273618981962045,0.3706548046100214,3.2487892833220586,0.26300370946282814,3.6896251277285788,0.40747125431758735,3.6772102784085856,0.11853616460806893,3.702039977048572,0.24459548460904518,3.4754146301853153,-1.6565209328901669,"(-0.0873729845900571, -1.0158498590592748, 0.045391973095657415)",-0.011725200060882741,3.0595763326852183,-0.08572460609527033,0.0032428510122436793,0.3802668665804197,False,,
7,713,0.22579228771093693,3.256975049216547,0.08132650356472651,3.2694103703229977,0.3702580718571473,3.2445397281100963,0.2626694468542052,3.6853908228915158,0.4071352310004156,3.672955501785065,0.11820366270799476,3.6978261439979665,0.24423086728257104,3.4711829360540314,-1.6566626388435388,"(-0.08750815835379616, -1.0156065915080923, 0.003966907584838243)",-0.011635463383128422,3.055329623418383,-0.08586631204864226,0.0026388637310441744,0.37967034850814274,False,,
7,714,0.2254131536326233,3.252754620770019,0.0809482310879987,3.265199947369816,0.3698780761772479,3.2403092941702223,0.2623199842389176,3.68116783935063,0.4067849067835423,3.668722512750833,0.11785506169429305,3.6936131659504268,0.24386656893577047,3.4669612300603245,-1.6567318976181191,"(-0.08743160323213955, -1.0132094384896746, 0.0347983015819667)",-0.01157196374583634,3.0510927177075273,-0.08593557082322256,0.002080493406568155,0.37911563280453103,False,,
7,715,0.22500620705488472,3.248517580063659,0.08054225929840178,3.2609742167932168,0.3694701548113677,3.236060943334101,0.2619465780459871,3.676927907893229,0.40641052580247006,3.6644712711636713,0.11748263028950418,3.689384544622787,0.2434763925504359,3.462722743978444,-1.6568101876812982,"(-0.09364233248029476, -1.01723665965134, -0.018183690562974017)",-0.011480164679109008,3.0468371924947255,-0.08601386088640162,0.0014798944575861203,0.37851916868602575,False,,
7,716,0.22461401339240564,3.2443163481136406,0.08015178909925452,3.2567929563176072,0.36907623768555675,3.2318397399096734,0.2616136101352043,3.672721564982985,0.40607583442835543,3.6602449567790183,0.1171513858420532,3.685198173186952,0.24311381176380498,3.4585189565483128,-1.6569484338930258,"(-0.08701938879142546, -1.0089089832315359, 0.004674117401442628)",-0.011390211628614063,3.0426184702393995,-0.08615210709812926,0.0008809381979115268,0.3779275236163762,False,,
7,717,0.2242182406687445,3.2400816411220896,0.07975765948828714,3.2525772597544136,0.36867882184920187,3.227586022489766,0.26127421316460075,3.668481985312412,0.4057347943450582,3.655986366680088,0.11681363198414343,3.6809776039447355,0.24274622691667264,3.454281813217251,-1.6570800291009433,"(-0.08822036331175903, -1.0169143994549061, 0.0005620293852865652)",-0.01130200523811508,3.0383661022519526,-0.08628370230604676,0.0002790492678732162,0.37733260497720167,False,,
7,718,0.22382267163196556,3.23584755181494,0.07936370151063638,3.2483617817746664,0.36828164175329475,3.223333321855214,0.2609338363401191,3.6642431183816404,0.4053928064614483,3.651728888421914,0.11647486621878991,3.6767573483413667,0.24237825398604232,3.4500453350982903,-1.6572088630776884,"(-0.08831350335127562, -1.0167547485505704, -0.04082196854154864)",-0.011206494869552453,3.034114367514998,-0.08641253628279189,0.00032166938495453224,0.3767387206232013,False,,
7,719,0.2234259389188441,3.231623723195962,0.07896867794618154,3.2441576671991905,0.36788319989150664,3.219089779192734,0.26059556596290023,3.660014221252824,0.40505282693556277,3.6474802772495956,0.1161383049902377,3.672548165256052,0.24201075244087217,3.445818972224393,-1.6573453320008555,"(-0.08820037084083437, -1.014327089735377, 0.043190627040796556)",-0.010973446684081593,3.029872781943558,-0.08654900520595898,0.0009264847706057172,0.37614115569476925,False,,
7,720,0.22302943010818907,3.227400788692224,0.07857384771394785,3.2399540637684967,0.36748501250243026,3.2148475136159513,0.26025638378265314,3.655786308895836,0.4047119661768944,3.643233033819563,0.11580080138841198,3.668339583972109,0.24164290694542112,3.44159354879403,-1.6574791514101308,"(-0.0882829189082507, -1.0141016232871054, 0.001758789728392943)",-0.010887627318621081,3.0256321068984637,-0.08668282461523424,0.001530137212265342,0.375544624011487,False,,
7,721,0.22263303430648834,3.2231811713913996,0.0781791142381559,3.2357535608576793,0.36708695437482075,3.21060878192512,0.25991667203407653,3.651561761938868,0.404370592102409,3.6389893724725884,0.11546275196574413,3.6641341514051478,0.24127485317028244,3.437371466665134,-1.6576114723605748,"(-0.0883329060332863, -1.0132997109350128, 0.015364548774179074)",-0.010647098891231376,3.0213947507057335,-0.08681514556567826,0.0021331524796759723,0.37494866054860804,False,,
7,722,0.22222470960279192,3.218946083213478,0.0777716286846421,3.231528110603945,0.36667779052094174,3.2063640558230118,0.2595369287607279,3.6473241852466125,0.40399000967887777,3.6347421578561456,0.11508384784257814,3.659906212637079,0.24088081918175994,3.4331351342300453,-1.657678192268023,"(-0.09456815724540266, -1.0167197844211988, -0.03620759995882241)",-0.010570755247883585,3.0171410893830894,-0.08688186547312648,0.0027320020604880073,0.37435337033322363,False,,
7,723,0.2218314496351931,3.2147480944716373,0.07737996536146521,3.2273484393525096,0.366282933908921,3.202147749590765,0.2591979896267451,3.6431214616282097,0.4036494739004731,3.6305211167473375,0.11474650535301725,3.655721806509082,0.24051471963096913,3.4289347780499235,-1.6578049987819228,"(-0.08786389218979633, -1.008085483229287, 0.009590157744757577)",-0.01049456072368364,3.0129255389534917,-0.08700867198702622,0.0033288186522437433,0.3737633268825002,False,,
7,724,0.22143454319578207,3.2105152879360035,0.07698458897255153,3.2231331611683114,0.36588449741901263,3.197897414703696,0.25885306381572865,3.6388841177014464,0.4033030180389593,3.6262662444691385,0.11440310959249814,3.651501990933754,0.24014380350575537,3.424699702818725,-1.6579263436357599,"(-0.08901987005130056, -1.016418055487646, 0.00712760050947682)",-0.010421780825614426,3.0086749990748425,-0.0871300168408633,0.003929043180703719,0.3731695929607035,False,,
7,725,0.2210378277085661,3.2062831158147866,0.07658937396090551,3.2189181547901904,0.36548628145622664,3.1936480768393833,0.2585072536356248,3.6346474958940562,0.40295570738328534,3.6220124569186525,0.11405879988796425,3.6472825348694595,0.23977254067209544,3.4204653058544214,-1.6580451794797946,"(-0.08910308007838509, -1.0162552714328428, -0.03426274639899039)",-0.010340271500928797,3.0044251083019007,-0.08724885268489802,0.004528195469570874,0.3725768058024343,False,,
7,726,0.22064004717110977,3.2020591760576473,0.07619318693516361,3.2147124194354157,0.36508690740705596,3.1894059326798794,0.25816345856724965,3.6304188305504534,0.40261031880319587,3.617765587172685,0.11371659833130351,3.6430720739282214,0.23940175286917972,3.4162390033040504,-1.658171207154591,"(-0.08898907269977455, -1.0143126120889971, 0.044073760724497826)",-0.010112282157994278,3.0001833516381025,-0.08737488035969454,0.005131163543150271,0.37198059757810875,False,,
7,727,0.22024250691046193,3.1978360525820717,0.07579720613471741,3.210507085839257,0.36468780768620646,3.185165019324887,0.2578186745007348,3.626191082468763,0.4022639752764794,3.6135200492115778,0.11337337372499035,3.6388621157259475,0.23903059070559837,3.4120135675254173,-1.6582943664631176,"(-0.08907891925952212, -1.0141045868719305, 0.002597082441320908)",-0.010040406534501936,2.995942429179743,-0.087498039668221,0.005732874429070782,0.37138550207283344,False,,
7,728,0.2198452691206822,3.193618032746449,0.07540151870338022,3.2063067271388666,0.3642890195379842,3.180929338354031,0.25747381111199047,3.6219684650184476,0.4019175615292925,3.60927977062603,0.11303006069468852,3.6346571594108656,0.23865954011633633,3.4077932488824483,-1.6584166357920376,"(-0.08905214142288652, -1.012876474312615, 0.009608622529442543)",-0.00981605751379932,2.991706621258932,-0.08762030899714102,0.0063338747160929494,0.3707910785506874,False,,
7,729,0.21943143129461973,3.189385150534986,0.07498807893319964,3.20207837544415,0.36387478365603987,3.176691925625822,0.25707340861145117,3.6177344023654046,0.4015167609728713,3.6050411774562403,0.11263005625003109,3.6304276272745684,0.23825241995303545,3.4035597764501953,-1.658448001101892,"(-0.09770883919220984, -1.0160333837407156, -0.041602074000623095)",-0.009752342282459133,2.987454774263267,-0.0876516743069955,0.006929187313130159,0.3701974539125228,False,,
7,730,0.21901773901247049,3.1851529503983884,0.07457477045001437,3.197850542015121,0.3634607075749266,3.172455358781656,0.25667266587588433,3.613501064066362,0.4011156344383404,3.600803472449629,0.11222969731342822,3.6261986556830945,0.2378452024441774,3.399327007232375,-1.6584782324230165,"(-0.09773220212593471, -1.0158646122767907, -0.08298662617808869)",-0.0096920711690796,2.9832036216568203,-0.08768190562811995,0.007523930419906888,0.3696043382773636,False,,
7,731,0.21861900986895708,3.180923521497628,0.07417757226159943,3.1936385166576664,0.3630604474763147,3.1682085263375903,0.2563255472401047,3.6092670950918615,0.4007669848474624,3.5965520999318232,0.11188410963274709,3.6219820902518998,0.2374722785545309,3.395095308294745,-1.6585987203615333,"(-0.08950173351516016, -1.0156077450313143, 0.03541468220607147)",-0.009636242676409806,2.978956334366778,-0.08780239356663677,0.008126472204474969,0.3690082909354276,False,,
7,732,0.21822031905190017,3.176694819648471,0.07378041137979907,3.1894271828099154,0.3626602267240013,3.1639624564870266,0.2559783615306666,3.6050338561933226,0.4004182692027677,3.592301493031878,0.1115384538585655,3.617766219354767,0.23709934029128338,3.3908643379208967,-1.6587189635109731,"(-0.08950518317940652, -1.0154328897235656, -0.0059882119506396445)",-0.009574202421764696,2.974709777537329,-0.08792263671607659,0.008728883815663302,0.368412369439773,False,,
7,733,0.21782247393124526,3.1724717580241553,0.07338404004992657,3.185220829280993,0.3622609078125639,3.159722686767318,0.2556300645549703,3.6008064240170317,0.400068498436289,3.588057352760194,0.11119163067365165,3.613555495273869,0.23672626924310777,3.3866390910205935,-1.6588346391638071,"(-0.08953705156214463, -1.0140592560728177, 0.06218976262967023)",-0.009378910820308924,2.9704689103305317,-0.08803831236891058,0.009328636249511066,0.3678188689203528,False,,
7,734,0.21742489008367516,3.168249514674658,0.07298789202835534,3.1810148424325946,0.361861888138995,3.1554841869167216,0.2552806896416934,3.596579922700779,0.3997176876970132,3.5838145949428424,0.11084369158637361,3.6093452504587153,0.2363527898626843,3.3824147186877185,-1.6589471894140844,"(-0.08963505130163416, -1.0138493598900453, 0.020739455050554002)",-0.009322072556359858,2.9662288809026096,-0.08815086261918781,0.009927018531989018,0.36722657748109117,False,,
7,735,0.2170697091458947,3.164033956655194,0.0726327540485405,3.1767997704641475,0.36150666424324895,3.1512681428462406,0.2549269500965844,3.5923642372887272,0.3993639051939386,3.5795984234797737,0.11048999499923018,3.6051300510976807,0.23599832962123954,3.3781990969719606,-1.6589505545566443,"(-0.08507045794674416, -1.0117492117818547, 0.011192428889008003)",-0.009260889772682,2.961998628578451,-0.08815422776174775,0.010430394585500151,0.3667233828319308,False,,
7,736,0.21665912148529065,3.1598008876565764,0.07222260978303915,3.172571717202278,0.3610956331875422,3.147030058110875,0.2545312366897848,3.588129853394288,0.3989677483920363,3.5753590238485864,0.11009472498753328,3.600900682939989,0.23559517908753771,3.373965370525432,-1.6589852807418013,"(-0.09675612808843455, -1.0160943471668429, -0.03970833758714646)",-0.00921028245347027,2.957746853897795,-0.08818895394690474,0.011022192348528153,0.3661334653838682,False,,
7,737,0.216248597603895,3.1555686271716454,0.07181253129048487,3.168344493009552,0.36068466391730514,3.1427927613337387,0.2541356480197564,3.5838962721010685,0.39857171433316657,3.571120406263162,0.10969958170634633,3.5966721379389752,0.23519212281182572,3.369732449636357,-1.6590201493488483,"(-0.09673350617087716, -1.0159010133780564, -0.08106934543838414)",-0.00915933691954956,2.9534958935714646,-0.08822382255395178,0.011613945837038061,0.36554360066876457,False,,
7,738,0.21584925941558641,3.1513393301742965,0.0714146501373755,3.1641316576658256,0.36028386869379736,3.1385470026827673,0.25378512714908663,3.5796626542407153,0.3982197364272976,3.566870326749186,0.10935051787087574,3.5924549817322444,0.23481719328233652,3.365500992207506,-1.659134121828546,"(-0.08998308707740688, -1.0155497829242657, 0.04049438730462601)",-0.009114217359594232,2.9492487107771086,-0.08833779503364947,0.012215269317609573,0.36494845801332176,False,,
7,739,0.21544996650785556,3.147110809504501,0.07101681300122811,3.1599195630789505,0.35988312001448297,3.1343020559300507,0.2534345460734654,3.575429816455189,0.3978676995800928,3.5626210628807393,0.10900139256683794,3.588238570029639,0.23444225629066046,3.361270312979845,-1.6592478491807754,"(-0.08998487800225466, -1.015363014638587, -0.000873014295853194)",-0.009059828203826947,2.9450023082124095,-0.08845152238587883,0.012816452385043503,0.36435345040967315,False,,
7,740,0.2150512554848668,3.1428898155761016,0.0706195032924494,3.1557143607387226,0.35948300767728425,3.13006527041348,0.25308266527746764,3.571204666905339,0.39751441746988514,3.5583801217427182,0.10865091308505023,3.5840292120679607,0.23406696038116723,3.3570472412407204,-1.6593571846372057,"(-0.09007101827837642, -1.0135372173898876, 0.05652768694535704)",-0.008889967292449287,2.940763457470804,-0.08856085784230916,0.013415405032913203,0.363760442182244,False,,
7,741,0.2146527246596033,3.1386696167315327,0.07022235022480822,3.1515096689364452,0.3590830990943984,3.12582956452662,0.25273012085348207,3.566980382296787,0.3971604952882771,3.5541403300918746,0.108299746418687,3.5798204345016997,0.23369142275654267,3.35282499951416,-1.6594645510300075,"(-0.09012902990989537, -1.0133380143745536, 0.015076140477926792)",-0.008838642405057058,2.9365254155498492,-0.08866822423511089,0.014013472853611368,0.36316821883957295,False,,
7,742,0.2143021967648379,3.1344540487001296,0.06987211300387514,3.1472973701086002,0.35873228052580064,3.121610727291659,0.25238928783823356,3.562763952267123,0.39681937159919634,3.549920630858652,0.10795920407727086,3.5756072736755935,0.2333457423015357,3.348609000483626,-1.6594871862053326,"(-0.08296330920166946, -1.0118397673281072, -0.007994862738618259)",-0.008783007055840666,2.9322955025878303,-0.08869085941043608,0.014516454929014376,0.3626664691360031,False,,
7,743,0.21389939712505454,3.130220263217593,0.06947070154132329,3.143079185877827,0.3583280927087858,3.1173613405573595,0.2520327539795412,3.5585260501210723,0.3964614495632725,3.5456671274608382,0.10760405839581,3.571384972781306,0.23296607555229787,3.3443731566693327,-1.6595952061296948,"(-0.09112001981707998, -1.0166025154304759, -0.018673685375861462)",-0.008731898254565789,2.928043602441243,-0.08879887933479824,0.01512077205166454,0.36206804069748516,False,,
7,744,0.2134968292470721,3.125987093222389,0.06906948336999205,3.1388611665056305,0.3579241751241522,3.113113019939148,0.25167511553530547,3.554288877547523,0.3961024614123856,3.541414804264282,0.10724776965822541,3.567162950830765,0.23258597239118878,3.340137985384956,-1.6597001069856165,"(-0.09122475866618088, -1.0164411082503357, -0.060070749281302335)",-0.008678024312618252,2.9237923359804663,-0.08890378019071998,0.015723762067571805,0.3614707761485845,False,,
7,745,0.21309650596732596,3.121760372471145,0.0686705127364036,3.13464961136495,0.3575224991982483,3.1088711335773405,0.2513197661351605,3.550058145500777,0.3957457593660829,3.5371689066069725,0.10689377290423818,3.562947384394582,0.23220813605124324,3.335909258985961,-1.659805112595703,"(-0.0906807215869273, -1.0148943357588365, 0.05089937984001397)",-0.008497739889035221,2.919547668312471,-0.0890087858008064,0.016323613327091285,0.3608766628270653,False,,
7,746,0.2126963852363076,3.117534485667999,0.06827171732350235,3.1304385663510974,0.3571210531491129,3.1046304049849005,0.2509636589861859,3.5458283284439043,0.39538832689899117,3.532924247760806,0.10653899107338066,3.558732409127003,0.23183002211124676,3.3316814070559517,-1.6599078770430613,"(-0.09074734559915296, -1.014684463202296, 0.00945696416770941)",-0.008449011200245358,2.915303849968519,-0.08911155024816475,0.016922460458677156,0.3602834376901461,False,,
7,747,0.21229599049672854,3.1133133818595753,0.06787265611757981,3.1262323789881687,0.3567193248758772,3.100394384730982,0.2506074992229024,3.5416032700184297,0.3950308336020511,3.528684272889836,0.10618416484375373,3.554522267147023,0.23145174485981546,3.3274583259390025,-1.6600111593601512,"(-0.09078654034351533, -1.01353946806785, 0.032499416430050165)",-0.008270591355737657,2.911064784724976,-0.08921483256525464,0.017521863264614756,0.3596896917341806,False,,
7,748,0.21188726934789281,3.1090801447261973,0.06746482491444147,3.122009086827802,0.35630971378134413,3.0961512026245925,0.2502282700629966,3.537367393735743,0.39465071449644795,3.524438451634138,0.10580582562954527,3.5502963358373476,0.2310577697054447,3.32322376923097,-1.6600800194490761,"(-0.09455403704898455, -1.0162936099278057, -0.01384192235674896)",-0.008226744503870714,2.9068130143608095,-0.08928369265417957,0.01812198919682449,0.3590933406673423,False,,
7,749,0.21149527885169256,3.104872033593957,0.06707370676779409,3.1178107165568902,0.35591685093559106,3.091933350631024,0.24986516625901212,3.533156695635863,0.3942867383429106,3.5202180126729297,0.10544359417511368,3.546095378598796,0.23068022255535234,3.31901436461491,-1.6601474666577276,"(-0.09061131602216604, -1.0102571078544003, -0.021989611500633492)",-0.008180897028579598,2.9025875256158886,-0.08935113986283105,0.01869800151887716,0.35852102855626583,False,,
7,750,0.2110948480524908,3.100640337190327,0.06667450324270746,3.113592711683959,0.3555151928622741,3.087687962696695,0.24950533793015828,3.5289213597296842,0.3939256827399416,3.5159689852360523,0.10508499312037498,3.541873734223316,0.23030009299132453,3.3147808484600056,-1.6602422695923966,"(-0.09123109536667227, -1.016043877177004, -0.0035595204213381623)",-0.008137326398412477,2.8983379019476168,-0.08944594279750007,0.019294736477023726,0.3579294996262078,False,,
7,751,0.21069463687020026,3.0964093053734807,0.06627548429893285,3.109374966582882,0.35511378944146765,3.0834436441640793,0.2491445287325628,3.5246867923089633,0.39356368130383024,3.511721131099562,0.10472537616129543,3.5376524535183647,0.22991958280138153,3.310548048841222,-1.66033427027707,"(-0.09132244558632382, -1.015871908508058, -0.0449486714015136)",-0.008087136676311096,2.894088959958295,-0.08953794348217348,0.019890262430415206,0.35733903105716913,False,,
7,752,0.2102936250551538,3.092184481993714,0.0658757336429451,3.105164183070838,0.35471151646736254,3.07920478091659,0.24878515238731447,3.5204582289402637,0.3932030437995232,3.5074785278631397,0.10436726097510576,3.5334379300173877,0.22953938872123414,3.306321355466989,-1.6604314868080103,"(-0.0912465792353766, -1.014406409815964, 0.050646170995819834)",-0.007936748610175086,2.8898461545529046,-0.08963516001311378,0.020488597430161525,0.35674604584659786,False,,
7,753,0.20989283582274643,3.0879604421255173,0.06547617320673071,3.1009538080809533,0.35430949843876214,3.074967076170082,0.24842488658714196,3.5162305450557714,0.3928415492031577,3.5032371791003354,0.10400822397112627,3.529223911011207,0.2291588612049442,3.3020954935906444,-1.6605261076081257,"(-0.0913266039095851, -1.0142068503226231, 0.009194011709052515)",-0.00789034809249217,2.885604149735202,-0.08972978081322913,0.021085785553040207,0.3561540702086064,False,,
7,754,0.20949560243719634,3.083743959245783,0.0650799549814749,3.0967486034141087,0.3539112498929178,3.070739315077457,0.24806109893636918,3.512011051700681,0.3924767463920907,3.499006407532355,0.1036454514806478,3.5250156958690066,0.22877835068678276,3.297877505473232,-1.66060420283841,"(-0.09132252435874673, -1.0123171481789763, 0.027610234621890467)",-0.007854363747347,2.881369943402296,-0.08980787604351348,0.021672638134239513,0.3555715237316615,False,,
7,755,0.2090825440440646,3.0795124777074014,0.06466720988861738,3.0925206005839163,0.35349787819951184,3.066504354830887,0.24765835671234934,3.507778641064935,0.39207369086779664,3.49477051818842,0.10324302255690213,3.5207867639414494,0.22837045037820697,3.293645559386168,-1.66062829103123,"(-0.0978960740581921, -1.0156670608952452, -0.025781689167463713)",-0.007801815793622159,2.8771196308013347,-0.08983196423633344,0.022264523002922802,0.35498096722707767,False,,
7,756,0.20868534301436087,3.0753103996644953,0.06427111401531571,3.088330786087768,0.353099572013406,3.0622900132412227,0.24729752344199657,3.5035732856616635,0.3917117524410417,3.490552899238391,0.10288329444295141,3.516593672084936,0.22799143322817872,3.2894418426630794,-1.6607132099475388,"(-0.09096411600677763, -1.0088920135412938, 0.0010442451490004084)",-0.007750493924621999,2.87289979964748,-0.08991688315264224,0.022853523282801644,0.3543966548720478,False,,
7,757,0.20828356942583784,3.0710790301742903,0.06387051049110468,3.084112387727633,0.352696628360571,3.0580456726209473,0.2469342159633369,3.499338446325568,0.3913472748980701,3.4863050887722253,0.10252115702860376,3.512371803878911,0.22760889269458737,3.285208738249929,-1.6608030292312657,"(-0.09180972806192207, -1.0159450591560153, 0.007004893565417926)",-0.007701808726820375,2.8686504252341076,-0.0900067024363691,0.023450565688725243,0.3538045757716355,False,,
7,758,0.2078820048597449,3.0668482882932233,0.0634700825805927,3.079894234163113,0.3522939271388971,3.0538023424233334,0.2465699822670035,3.495104333672778,0.3909819045461558,3.4820583878028883,0.1021580599878513,3.508150279542668,0.2272259935633742,3.2809763109830006,-1.6608901983984612,"(-0.09189579149116033, -1.0157825440628538, -0.0343880485594513)",-0.007647101926684646,2.8644016949911943,-0.09009387160356463,0.02404646250906167,0.35321350051529155,False,,
7,759,0.2074794985056119,3.062623288274746,0.06306879369906834,3.0756827039307906,0.3518902033121554,3.0495638726187018,0.24620742079595068,3.490875723218289,0.3906181256024942,3.477816307562245,0.10179671598940715,3.5039351388743336,0.2268434596507813,3.2767495057465177,-1.660983472158077,"(-0.09180813902229644, -1.014433256755902, 0.04039870459811315)",-0.007483784729180812,2.8601586262142114,-0.0901871453631804,0.024645653897723746,0.35261947356795487,False,,
7,760,0.20707717644331006,3.058399103556901,0.06266766469216714,3.0714717052794542,0.351486688194453,3.045326501834347,0.24584420224122758,3.486648000474083,0.3902537139923705,3.47357539875153,0.10143469049008466,3.499720602196637,0.22646068934226882,3.272523552015492,-1.6610747820162102,"(-0.09186487404299354, -1.01422889544611, -0.0010374657703226832)",-0.007435348872713518,2.8559163871072086,-0.09027845522131361,0.025243955184733886,0.3520262331285526,False,,
7,761,0.2066753535161254,3.054184074709934,0.06226702112005253,3.067269697911957,0.35108368591219824,3.041098451507911,0.24548099473591753,3.4824294742293227,0.3898893271319904,3.4693438510272996,0.10107266233984472,3.495515097431346,0.22607817412602146,3.2683067744696284,-1.6611649528953605,"(-0.09180365189936521, -1.0120266110073284, 0.011449930113266123)",-0.007306076420964893,2.8516833191265505,-0.09036862610046392,0.025841186084011945,0.3514340049510251,False,,
7,762,0.2062610261034154,3.0499537222018893,0.061852869136899885,3.063041281238402,0.3506691830699309,3.0368661631653766,0.2450724080737633,3.478198601481901,0.38948056504027884,3.4651110424453884,0.1006642511072478,3.491286160518414,0.22566671708858935,3.264076161841895,-1.6611783581859931,"(-0.09874968898371078, -1.0153470306559294, -0.04183131389562934)",-0.007259713311737752,2.8474340651080228,-0.09038203139109657,0.026431435328040438,0.3508444991332428,False,,
7,763,0.20584684152193097,3.045724055521829,0.06143884644981956,3.05881340077868,0.3502548365940424,3.0326347102649778,0.244663520559489,3.4739684547011933,0.3890715156316004,3.4608791094443423,0.10025552548737762,3.4870577999580443,0.22525518104071,3.259846255111511,-1.661190727441145,"(-0.09876865149104681, -1.015177615292236, -0.08321711959111133)",-0.007216715106526655,2.8431855094646434,-0.09039440064624849,0.02702114970493735,0.3502554707575228,False,,
7,764,0.20544379280958622,3.041496199469746,0.06103696572807116,3.0545984241758557,0.3498506198911013,3.0283939747636364,0.24429866607598097,3.46973713495286,0.3887054931574961,3.4566349102467497,0.09989183899446595,3.4828393596589695,0.2248712294427836,3.255616667211303,-1.6612799157255573,"(-0.09214838350233562, -1.0151010960499849, 0.03514950628941929)",-0.007177965512251965,2.838939569560367,-0.09048358893066077,0.027329288512182408,0.3496617747425591,False,,
7,765,0.2050408122856345,3.0372690634668675,0.060635147657134486,3.050384093897682,0.3494464769141345,3.0241540330360532,0.2439336611494283,3.4655065516755226,0.3883393257779283,3.4523915212447083,0.09952799652092832,3.478621582106337,0.2244872367175314,3.251387807571195,-1.6613685941938612,"(-0.09215825406052551, -1.0149263136258984, -0.006251898996229605)",-0.007134252253256664,2.8346943560002322,-0.09057226739896462,0.02678460245678046,0.3490683140935708,False,,
7,766,0.2046382436735936,3.033046323238213,0.060233717529661696,3.046173883146531,0.3490427698175255,3.0199187633298954,0.2435682489189496,3.4612804352512527,0.3879727750628815,3.448152875342935,0.0991637227750177,3.4744079951595706,0.2241032462962716,3.247163379244733,-1.6614553603669118,"(-0.0921577011023527, -1.0138627983508623, 0.06537353773061716)",-0.006995320155706258,2.830453559753738,-0.09065903357201521,0.026239953556394188,0.34847594745595917,False,,
7,767,0.20423586955905992,3.0288243727024056,0.059832455364336345,3.041964158427717,0.3486392837537835,3.0156845869770947,0.24320213067549956,3.4570551872108966,0.3876055448702232,3.4439154014855853,0.098798716480776,3.4701949729362074,0.22371900011727974,3.242939779956651,-1.6615400243617569,"(-0.09221908295804541, -1.0136638291397067, 0.023929976489150268)",-0.006954762474997979,2.8262135684614593,-0.09074369756686029,0.025694980486795742,0.34788441758299266,False,,
7,768,0.2038878149678777,3.0246194809024827,0.059483395208256434,3.0377482109967113,0.34829223472749893,3.0114907508082536,0.24282129041972914,3.4528532774310143,0.38722571017935037,3.4397245473367857,0.09841687066010793,3.4659820075252434,0.22335455269380342,3.2387363791667485,-1.6614634638964447,"(-0.08746738163432047, -1.008816189576596, 0.012625383463886568)",-0.006910893932371272,2.82199451866373,-0.09066713710154817,0.025181001703108222,0.347412537620272,False,,
7,769,0.20347760132527423,3.0203874305013483,0.05907373919551545,3.0335222925870196,0.347881463455033,3.007252568415677,0.24242926130347145,3.448619573368909,0.3868331234332303,3.435484711283238,0.0980253991737127,3.4617544354545804,0.22295343131437284,3.2345035019351287,-1.6615059279933961,"(-0.09626913106333829, -1.015890535588728, -0.042633568185098114)",-0.006881625301796627,2.817743892507099,-0.09070960119849958,0.024612947422469614,0.346821131498718,False,,
7,770,0.20306748604874233,3.016156086876145,0.058664173613265036,3.029296990865671,0.34747079848421963,3.00301518288662,0.24203706339699002,3.4443865996158367,0.3864403758324673,3.431245695626311,0.09763375096151274,3.4575275036053617,0.22255227472286618,3.230271343245991,-1.6615477683933961,"(-0.0962775819616, -1.0157180853931282, -0.08400785902355914)",-0.006851076633407542,2.8134939821869525,-0.09075144159849957,0.02404485456721729,0.34623003095051,False,,
7,771,0.2026641345646077,3.0119290300810295,0.05826193036779631,3.0250821066451787,0.3470663387614191,2.9987759535168803,0.24166980989277437,3.44015625631985,0.3860720140895858,3.4270031797557006,0.09726760569596299,3.453309332883999,0.22216697222869103,3.2260426432004397,-1.6616320643913298,"(-0.09247259860203604, -1.014888010932274, 0.04048892148196018)",-0.006821168174381017,2.809248839289542,-0.09083573759643326,0.023498392890562374,0.34563722001870406,False,,
7,772,0.20226085324040444,3.0077026956194657,0.05785975134597188,3.0208678682986863,0.346661955134837,2.994537522940245,0.24130239980636864,3.435926652961576,0.38570350170080125,3.4227614802823556,0.09690129791193611,3.4490918256407967,0.22178162652338654,3.221814674290521,-1.6617158315422527,"(-0.09248296927307688, -1.014712538380454, -0.0009121044414243091)",-0.006785760400035569,2.8050044252781423,-0.0909195047473561,0.022951878499495638,0.34504465184845867,False,,
7,773,0.2018579516004282,3.0034831998377607,0.05745792320930343,3.016660141844249,0.34625797999155294,2.9903062578312722,0.2409344003093254,3.431703973687303,0.38533442870045015,3.4185270316808145,0.09653437191820065,3.4448809156937914,0.2213961759548768,3.217593586762532,-1.6617973362597027,"(-0.09250813644233943, -1.0130610067173633, 0.057309323386565914)",-0.006687566070243448,2.8007668629145366,-0.09100100946480616,0.02240525653767438,0.34445322443017107,False,,
7,774,0.201455166358863,2.9992644319600696,0.05705619861530184,3.0124529919494685,0.34585413410242416,2.986075871970671,0.2405660683963905,3.4274820604409753,0.3849650361399517,3.4142935004515764,0.09616710065282938,3.440670620430374,0.22101061737762676,3.2133732462005224,-1.6618777934846893,"(-0.09253405854000837, -1.0128817348822872, 0.015857323591354864)",-0.006651346584540273,2.7965300383600757,-0.09108146668979278,0.02185850000937124,0.34386224262209386,False,,
7,775,0.20110399416461677,2.995052623464759,0.05670473626855449,3.00823800624519,0.34550325206067906,2.9818672406843283,0.2402054741341706,3.4232711123979094,0.38460473203023293,3.4100857296174785,0.09580621623810835,3.4364564951783403,0.22065473414939368,3.2091618679313343,-1.6618557905173186,"(-0.08541197477593783, -1.0107307846051437, -0.003929691165415028)",-0.006611750805693742,2.7923038752859437,-0.09105946372242202,0.021355621082063393,0.343371456636351,False,,
7,776,0.20069780467874562,2.9908202990137287,0.05629958338670127,3.004017029203203,0.3450960259707899,2.9776235688242547,0.2398329355854625,3.4190357138797918,0.38423115687750686,3.4058389836903173,0.09543471429341821,3.4322324440692658,0.22026537013210407,3.2049280064467602,-1.6619343743683233,"(-0.09344736414950536, -1.0161267562977958, -0.023832000191249748)",-0.006579977740049319,2.7880532893418075,-0.0911380475734267,0.020803516851905412,0.3427761598706329,False,,
7,777,0.2002918117211445,2.9865886230815777,0.055894596038441574,2.999796351996231,0.34468902740384744,2.9733808941669246,0.239459559537013,3.4148010557958006,0.38385677521971595,3.401593326881147,0.09506234385431009,3.4280087847104537,0.21987568562907875,3.200694839438689,-1.6620105440286816,"(-0.093524280726079, -1.0159600819370114, -0.06522545973919076)",-0.006545462607960392,2.783803367996488,-0.09121421723378509,0.020251003219741163,0.3421817845397925,False,,
7,778,0.19988767574842947,2.9823647087405747,0.05549149416716101,2.9955837383853456,0.34428385732969796,2.9691456790958037,0.23908893607430176,3.410574074809164,0.38348511765557025,3.3973550451643932,0.09469275449303331,3.423793104453935,0.21948830591136562,3.1964693917748694,-1.6620888057217733,"(-0.09297113225115039, -1.0141074393167362, 0.04941377672411569)",-0.006453037608839735,2.7795613253148996,-0.09129247892687675,0.01970170875249509,0.34158948268443345,False,,
7,779,0.1994836631728012,2.978141503660785,0.05508850091879719,2.9913716630566443,0.34387882542680515,2.9649113442649253,0.23871792896741906,3.4063478468967965,0.3831130912214231,3.3931176875009372,0.09432276671341512,3.419578006292656,0.21910079607011013,3.1922446752787907,-1.6621658838705524,"(-0.09300236190131937, -1.0139319590589009, 0.007944924543769135)",-0.006417940506022157,2.7753200024793956,-0.09136955707565586,0.01915225115677791,0.3409976720834545,False,,
7,780,0.19907929627266846,2.9739213070505883,0.05468518223185609,2.987162901757,0.3434734103134809,2.960679712344177,0.23834747367788872,3.4021245417923076,0.3827415877187011,3.388882947085896,0.09395335963707632,3.415366136498719,0.2187133849752786,3.188022924421448,-1.6622450787124987,"(-0.09297866275956757, -1.013220205762289, 0.03530701324539688)",-0.006291356271385963,2.7710816584454263,-0.09144875191760216,0.01860289235889875,0.3404048013545416,False,,
7,781,0.19867496448604705,2.9697019289780933,0.05428190332432353,2.9829549998805964,0.34306802564777056,2.9564488580755905,0.23797717474864222,3.397902041388722,0.38237023591036573,3.384648970486219,0.09358411358691872,3.4111551122912247,0.21832606961734463,3.1838019851834076,-1.6623245572840624,"(-0.09295568590415136, -1.0130254171297233, -0.0061050112830623735)",-0.00625902620701783,2.766844136976086,-0.09152823048916581,0.0180536623550392,0.3398119077462653,False,,
7,782,0.19829287527721023,2.965489361368949,0.05389986412222722,2.9787429770868177,0.3426858864321933,2.9522357456510804,0.2375967011991657,3.3936893254837264,0.3819897123541488,3.3804357097658575,0.0932036900441827,3.406942941201595,0.21794478823818797,3.1795893434263376,-1.6623283304256222,"(-0.09150753099760113, -1.0110340216967808, -0.029427101907080082)",-0.006223023457665193,2.762615008466283,-0.09153200363072567,0.01751438396165377,0.33927055576224185,False,,
7,783,0.19788715866918943,2.961260417976113,0.053495199276881844,2.974525487250346,0.342279118061497,2.9479953487018804,0.23722495031001756,3.389457263070543,0.38161690970232515,3.3761921937963097,0.09283299091770998,3.4027223323447755,0.2175560544896035,3.175358840523328,-1.6624076528109688,"(-0.09329609966027164, -1.015320696722262, -0.010273473757328323)",-0.006193028889580551,2.758367853475722,-0.09161132601607225,0.016963149629698315,0.33867574803695216,False,,
7,784,0.19748177141031417,2.9570321224768636,0.05309080649361925,2.9703080122935868,0.3418727363270091,2.9437562326601405,0.23685165155645813,3.3852260184367178,0.38124261647315305,3.3719501286199947,0.09246068663976326,3.398501908253441,0.21716671148338615,3.1711290704567907,-1.6624825917465798,"(-0.0934423214921635, -1.0151448159688983, -0.051622030217095535)",-0.006157852128094969,2.754121372045738,-0.0916862649516832,0.016411134693652393,0.3380825714397416,False,,
7,785,0.19707686570273553,2.952806898969531,0.052686892985272266,2.966093575704148,0.3414668384201988,2.9395202222349144,0.2364787346398753,3.3809978525454567,0.3808687073573386,3.3677111758108396,0.09208876192241204,3.3942845292800734,0.2167778001713054,3.166902375757494,-1.6625572983250492,"(-0.09333871489937677, -1.014406727831209, 0.050796701754924095)",-0.006039020149960023,2.7498779929353354,-0.09176097153015261,0.01585973348477418,0.33749013992889715,False,,
7,786,0.1966721792520896,2.948582461375088,0.052283166815237175,2.9618795696137417,0.341061191688942,2.9352853531364347,0.23610498299430335,3.3767705672223056,0.3804939954311558,3.363473458983652,0.09171597055745097,3.390067675460959,0.21638858112319648,3.162676514298697,-1.6626295439147099,"(-0.09341257154614259, -1.0142067501113496, 0.009363984235083991)",-0.006006442651743398,2.7456354171380806,-0.09183321711981329,0.015307942211353636,0.3368986734951774,False,,
7,787,0.1962674988540166,2.9443665938505466,0.051879448301997644,2.957674142752865,0.3406555494060356,2.9310590449482277,0.2357312645643411,3.372551847211706,0.3801193151163601,3.3592442983093873,0.09134321401232216,3.385859396114025,0.21599938170917884,3.1584592205311264,-1.6627018534226232,"(-0.09340785936423007, -1.0121505042169285, 0.03917376044854357)",-0.005929711608092095,2.7414013935708597,-0.09190552662772666,0.014756176436193837,0.33630720095124494,False,,
7,788,0.19585315142911397,2.9401366681639325,0.05146534070665015,2.953446818981033,0.34024096215157784,2.9268265173468326,0.2353246331625834,3.3683212103064117,0.3797124438850472,3.3550110594893114,0.09093682244011955,3.3816313611235116,0.21558889229584868,3.154228939235172,-1.6627198737292366,"(-0.09851745919924135, -1.0152675110290672, -0.010094348756409978)",-0.005895752863024315,2.7371526599329408,-0.09192354693434002,0.014175323195806812,0.33571645225134517,False,,
7,789,0.19544991017547528,2.9359311637940957,0.05106303485613145,2.9492514579168336,0.3398367854948191,2.9226108696713573,0.23495147205669883,3.3641129319824943,0.37933834737604266,3.3507926378597563,0.09056459673735501,3.3774332261052327,0.21520069111608706,3.150022047888295,-1.6627901243857113,"(-0.09316828314278779, -1.0096539232505295, -0.007921651580093503)",-0.005863537918480193,2.732929083809427,-0.09199379759081472,0.013625006588220665,0.33512756360434165,False,,
7,790,0.1950444357147405,2.931700891529437,0.05065846906299193,2.9450310315902226,0.339430402366489,2.9183707514686517,0.23457519589500064,3.3598799650484157,0.3789611625467492,3.34654982498763,0.09018922924325214,3.373210105109201,0.21480981580487057,3.1457904282889264,-1.6628583159647823,"(-0.09381007469195371, -1.0155887038484726, 0.007094054763000526)",-0.005830233769970568,2.728680647282751,-0.09206198916988573,0.013070945997581107,0.33453606466719715,False,,
7,791,0.19463917876511014,2.9274712468603674,0.050254085781894775,2.9408108467129956,0.3390242717483255,2.9141316470077387,0.23419799212118067,3.355647729500247,0.3785830851043961,3.342308129647619,0.08981289913796535,3.368987329352876,0.2144185854431454,3.1415594881803073,-1.662923833554056,"(-0.09389528681404356, -1.0154256260685592, -0.034303355259980066)",-0.00579278452453436,2.7244328561047704,-0.09212750675915937,0.012516432786021122,0.33394558406920566,False,,
7,792,0.19423361725170712,2.9232488909996195,0.04984944115628462,2.936598411337295,0.3386177933471296,2.909899370661944,0.23382184997722733,3.3514226545929415,0.37820602607264986,3.338073134255266,0.08943767388180485,3.364772174930617,0.21402773361446722,3.1373357727962805,-1.6629925422852498,"(-0.09380443888276442, -1.0136916921664538, 0.04124700438149065)",-0.005710999065971516,2.7201923172050444,-0.09219621549035328,0.011962393779942982,0.33335382895063287,False,,
7,793,0.1938281661280633,2.9190272882897292,0.04944489574591812,2.9323866009126283,0.33821143651020846,2.9056679756668298,0.23344543804424778,3.347198365974711,0.37782870842639293,3.3338390533518116,0.08906216766210262,3.3605576785976106,0.21363680208615554,3.13311282713222,-1.6630603635396168,"(-0.09382356679480339, -1.0135069593744424, -0.0001714094302302107)",-0.005674087401874706,2.7159525413163927,-0.09226403674472028,0.011408257864889693,0.33276246716734625,False,,
7,794,0.19342287310776304,2.9148134838021935,0.04904051599565784,2.928182663087121,0.33780523021986825,2.9014443045172666,0.23306940478030572,3.3429818531691264,0.3774517618924109,3.329612673884199,0.08868704766820054,3.3563510324540533,0.21324613894403438,3.12889766848566,-1.6631287003573298,"(-0.0937591541090762, -1.0116380751744039, 0.009678038249543275)",-0.005598496292057382,2.7117205589808515,-0.09233237356243329,0.010854490818526838,0.3321711943861037,False,,
7,795,0.19300567555295603,2.9105861812320057,0.04862320877072679,2.923954176065879,0.33738814233518527,2.897218186398133,0.2326486947154758,3.3387548758275827,0.3770311614977051,3.3253868809937095,0.0882662279332466,3.3521228706614554,0.21282718513421592,3.124670528529794,-1.6631204967885,"(-0.10054891435643137, -1.0145135894077362, -0.0398580927284334)",-0.0055611935909815995,2.707474268216952,-0.09232416999360349,0.010262161382247488,0.331583366230691,False,,
7,796,0.19258861656588103,2.9063595656505576,0.04820602870226012,2.919726252667309,0.33697120442950196,2.8929928786338066,0.23222775737417797,3.3345286193150887,0.3766103452377989,3.3211619322983372,0.08784516951055708,3.3478953063318397,0.2124081869700295,3.120444092482823,-1.66311143878719,"(-0.10055955940474313, -1.0143446512730956, -0.08124497946838499)",-0.005528231522685439,2.703228677434823,-0.09231511199229336,0.009669785357565025,0.330995960454517,False,,
7,797,0.19218223858065783,2.9021317512128277,0.0478005567419246,2.915508221203778,0.33656392041939104,2.888755281221877,0.2318503909676141,3.330298118044933,0.3762320728063474,3.3169216480539827,0.0874687091288809,3.3436745880358836,0.21201631477413596,3.1162149346288803,-1.6631791962989169,"(-0.09404932701444627, -1.014997884946279, 0.03437118881809932)",-0.005500050761021846,2.6989826562455193,-0.0923828695040203,0.00911431869768079,0.33040330829660497,False,,
7,798,0.191775952919013,2.897904648302793,0.04739516769861982,2.911290792599889,0.33615673813940616,2.8845185040056966,0.23147279462764359,3.326068356197752,0.3758535798480368,3.3126822119006554,0.08709200940725045,3.339454500494848,0.2116243737733283,3.1119865022502724,-1.6632462015869718,"(-0.09406584019384173, -1.0148237708659498, -0.007032193782188399)",-0.005468094137391808,2.6947373553809943,-0.09244987479207523,0.008558768035997186,0.3298109879682115,False,,
7,799,0.19136990740134338,2.8936825141646025,0.04699001726749738,2.907078309211502,0.3357497975351894,2.8802867191177026,0.23109536857490828,3.321843567664973,0.3754752587087543,3.3084477726180737,0.08671547844106231,3.335239362711873,0.21123263798812583,3.107763040914788,-1.6633130441359996,"(-0.09401658844858839, -1.0136307205162751, 0.06540284451141964)",-0.0053713412114347135,2.690497031831041,-0.092516717341103,0.008003509759464152,0.3292190523181916,False,,
7,800,0.19096401419309403,2.889461133425384,0.04658500016217218,2.9028663677560056,0.33534302822401585,2.8760558990947622,0.23071746772528226,3.317619588827428,0.37509648175620414,3.304214354496806,0.08633845369436045,3.3310248231580495,0.21084074095918814,3.103540361126406,-1.663378422440061,"(-0.09405528694504624, -1.0134431492117197, 0.02396002235167533)",-0.005340869355028659,2.6862574746762427,-0.0925820956451644,0.0074480502969272765,0.328627721803447,False,,
7,801,0.19060815532027497,2.885256460343465,0.04622797642885909,2.8986491427963106,0.3349883342116909,2.87186377789062,0.2303243860425051,3.3134183701593884,0.374704564933921,3.300025687706543,0.08594420715108922,3.3268110526122334,0.21046627068139004,3.099337415251427,-1.6632914857947432,"(-0.0898728666715459, -1.0087070099950182, 0.011224778325071995)",-0.005307813333396262,2.682038142436465,-0.09249515899984662,0.00692012234052269,0.32814749189599657,False,,
7,802,0.19019471774684607,2.881027618994338,0.0458147568285861,2.8944226511048523,0.33457467866510604,2.8676325868838237,0.22991791641940576,3.309188882407109,0.3742978773376658,3.2957938502965947,0.08553795550114579,3.3225839145176232,0.21005631708312592,3.0951082507007235,-1.6633077599084125,"(-0.09838886358338667, -1.0149994921688477, -0.045407222576047596)",-0.005289107275151822,2.6777906139370504,-0.09251143311351595,0.006340057769150969,0.32755849706707574,False,,
7,803,0.18978138594789923,2.876799485889811,0.04540163527513791,2.8901967839633502,0.3341611366206606,2.863402187816272,0.22951130437287742,3.3049601258159313,0.3738910550456388,3.291562827742392,0.08513155370011609,3.3183574238894704,0.20964634516038833,3.0908798058528713,-1.6633234543625475,"(-0.09839326145702103, -1.0148267634845423, -0.08677889381340124)",-0.005270273963361269,2.6735438040912043,-0.09252712756765091,0.00575997821179438,0.3269698054710694,False,,
7,804,0.1893749920978735,2.8725727657545024,0.04499610579858937,2.8859793757278847,0.33375387839715764,2.8591661557811205,0.2291325251223852,3.300730842366173,0.3735114114216693,3.2873242323927907,0.08475363882310108,3.314137452339555,0.20925375861012935,3.0866518040603377,-1.6633879504409133,"(-0.09422077206215153, -1.014720430208025, 0.040461918715146566)",-0.005252964429194374,2.6692989005672727,-0.0925916236460167,0.0052035602075013844,0.3263780008816497,False,,
7,805,0.18896868848277126,2.868346760550964,0.04459065742899834,2.8817625776723976,0.3333467195365442,2.8549309434295296,0.22875352546357608,3.2965023009173247,0.3731315565173491,3.2830864837958904,0.08437549440980319,3.309918118038759,0.20886110697317367,3.0824245307341442,-1.6634517213672246,"(-0.09423639286936215, -1.0145455982864016, -0.0009402094997288285)",-0.005230909649655352,2.665054720743779,-0.09265539457232808,0.004647063065788815,0.32578651774373424,False,,
7,806,0.18856262581927527,2.8641265350609078,0.04418545190125442,2.8775515732897383,0.33293979973729615,2.8507014968320776,0.22837480815304825,3.292279533576418,0.3727519820710691,3.2788544953475873,0.08399763423502742,3.3057045718052485,0.20846871698616176,3.078203034318663,-1.6635155893580649,"(-0.09417359688285891, -1.0131591397155784, 0.058198088957093275)",-0.005150074673290748,2.6608163273646457,-0.09271926256316831,0.004090933279947387,0.3251953514372839,False,,
7,807,0.18815669178760588,2.8599070574838987,0.04378036022568571,2.873341151600082,0.33253302334952606,2.8464729633677153,0.22799572951146083,3.288057557977869,0.37237206107338106,3.274623463861685,0.08361939794954067,3.3014916520940525,0.20807621064953336,3.073982307730884,-1.663578313357451,"(-0.09420152079081436, -1.0129743810669365, 0.016757823219567525)",-0.005127517538459342,2.656578693351174,-0.09278198656255454,0.0035346598526601767,0.32460467169651613,False,,
7,808,0.18780845329572482,2.855710368506543,0.04343042326886423,2.869126196679374,0.33218648332258544,2.8422945403337114,0.22759332304963847,3.283865905827578,0.3719713530764991,3.2704500776547465,0.08321529302277787,3.2972817340004092,0.20770088817268165,3.0697881371670603,-1.6634517979120917,"(-0.09007739444441158, -1.006600935317661, 0.011584740044379076)",-0.005101839536107855,2.652367879678903,-0.09265547111719519,0.0030062813366754045,0.3241456914106573,False,,
7,809,0.1873968542161733,2.8514802398943897,0.043019215533223076,2.864900278953032,0.33177449289912353,2.8380602008357476,0.2271942114245601,3.2796346166783112,0.3715718501075103,3.266214577619669,0.0828165727416099,3.2930546557369533,0.2072955328203667,3.0655574282863505,-1.6634809636481567,"(-0.09728528455558995, -1.0153701313703614, -0.03628883271225105)",-0.005093843114520123,2.6481192266819558,-0.09268463685326012,0.0024324744850502404,0.3235558840917241,False,,
7,810,0.18698535698506735,2.8472508425418876,0.042608101309321134,2.860675001492831,0.33136261266081357,2.833826683590944,0.22679493180510613,3.275404083511342,0.37117218748085234,3.2619799245603986,0.08241767612935991,3.2888282424622854,0.20689014439508674,3.0613274630266147,-1.6635094992150437,"(-0.09729322206719114, -1.0151916623365402, -0.07766897076531436)",-0.005083439558849614,2.6438713149876887,-0.0927131724201471,0.0018586326512490857,0.3229663880360626,False,,
7,811,0.18657886999898013,2.8430263928348114,0.042202420916733346,2.8564592238990874,0.3309553190812269,2.829593561770535,0.22641416212062718,3.271177241837336,0.370790611202874,3.2577444107730598,0.08203771303838042,3.2846100729016126,0.20649651605980365,3.057101817336074,-1.6635695650302178,"(-0.09447080046793915, -1.014154965729809, 0.044976650429713924)",-0.00504408393059425,2.639628697391888,-0.09277323823532124,0.0013008230549087251,0.32237562989740953,False,,
7,812,0.18617251898357876,2.8388026711198036,0.041796859091584454,2.852243981723728,0.3305481788755731,2.8253613605158794,0.22603295732625137,3.2669511797650284,0.3704086172182457,3.2535098691611037,0.08165729743425708,3.2803924903689525,0.20610273815491506,3.052876925442416,-1.6636282973433831,"(-0.09450669717326281, -1.013974054477918, 0.0035531591996521505)",-0.005031183857677361,2.635386819901645,-0.09283197054848658,0.0007428265472881678,0.32178541864137766,False,,
7,813,0.18576632742708246,2.8345852378884837,0.041391485882792706,2.848035335622746,0.33014116897137225,2.8211351401542215,0.22565282415627388,3.2627313197094807,0.37002766570056367,3.2492812219752185,0.08127798261198411,3.276181417443743,0.20570957579167817,3.048658278798982,-1.6636891604781054,"(-0.09435896717685303, -1.0124751944240737, 0.044783903240059604)",-0.004975371069719762,2.6311512308014326,-0.09289283368320889,0.00018565931233194358,0.3211948703655108,False,,
7,814,0.18536014572448659,2.8303685534650134,0.0409861309970351,2.843827523391335,0.3297341604519381,2.8169095835386924,0.22527295309219783,3.2585121833464212,0.36964696781964934,3.2450532134201,0.08089893836474636,3.2719711532727427,0.2053165494083422,3.0444403684057173,-1.6637506131340278,"(-0.09432633200063446, -1.012298494383577, 0.003364141553373701)",-0.00495929418818627,2.6269163937231292,-0.09295428633913128,0.00037132759499140805,0.32060418161028703,False,,
7,815,0.18499322182288247,2.826167631379887,0.040618288434495636,2.839616743212973,0.32936815521126933,2.812718519546801,0.22487679484513745,3.254313985566138,0.3692517282335243,3.240864873733052,0.08050186145675063,3.2677630973992238,0.20493500833400996,3.0402408084730124,-1.6636823317200469,"(-0.09156985783973669, -1.0078943838492027, -0.013514840861593446)",-0.004939577145347504,2.6227000529226094,-0.09288600492515031,0.0009096033440369386,0.32010335104770066,False,,
7,816,0.18458576663605716,2.8219382414858685,0.040211707224853094,2.835396732082147,0.32895982604726126,2.8084797508895902,0.22449715254226207,3.2500820038777154,0.36887121195346617,3.2366235132814367,0.080123093131058,3.2635404944739936,0.20454145958915962,3.036010122681792,-1.6637472930769555,"(-0.09445169876408345, -1.0153645898929036, -0.007040422626094001)",-0.004933515745095497,2.6184524594845926,-0.0929509662820589,0.0014673956765441332,0.31950993245526743,False,,
7,817,0.18417859749845475,2.8177095560300645,0.03980536372089191,2.831176900557075,0.32855183127601756,2.804242211503054,0.2241162398888993,3.245850869991113,0.3684894736664621,3.2323835254641025,0.07974300611133653,3.259318214518123,0.20414741869367703,3.0317802130105886,-1.6638086195789734,"(-0.09456981491582067, -1.0151783210888121, -0.04835858489124167)",-0.004919216845244569,2.6142055933661785,-0.09301229278407686,0.002025815646881579,0.31891788220202616,False,,
7,818,0.1837714711165378,2.8134845559581154,0.03939904240759573,2.826960528230328,0.32814389982547987,2.8000085836859028,0.2237346992341337,3.241623482474288,0.36810712794307576,3.2281475102020756,0.07936227052519167,3.255099454746501,0.20375308517533575,3.027554019216202,-1.6638683797507823,"(-0.09464004440190664, -1.0142865106528607, 0.050378748510169824)",-0.004836628032147888,2.609962410976212,-0.09307205295588572,0.002584620364927003,0.3183263085445752,False,,
7,819,0.183364522725762,2.809260327956858,0.038992874816307976,2.8227446625681254,0.32773617063521604,2.7957759933455906,0.22335254950400338,3.237396938998687,0.3677241974134574,3.22391260438742,0.07898090159454936,3.250881273609955,0.2033585361148827,3.0233286334777727,-1.6639263019021244,"(-0.09469177450873098, -1.0140925772230327, 0.008949492712671103)",-0.004821851029108882,2.6057200157892715,-0.09312997510722787,0.003143695583636903,0.31773547450109646,False,,
7,820,0.18296926009705983,2.805043775364625,0.03859768717660256,2.8185289128304833,0.3273408330175171,2.791558637898767,0.2229596677544322,3.2331801640252915,0.3673312406748895,3.219695026559433,0.07858809483397497,3.2466653014911495,0.20296446392574602,3.019111969694958,-1.6639318629302822,"(-0.09457732539280489, -1.0119993078755047, 0.02133271002346559)",-0.004799063874049128,2.6014861034030434,-0.09313553613538561,0.003701098237517889,0.3171750220525145,False,,
7,821,0.18254925063554472,2.8008136226563396,0.03817732261880505,2.8142949579288317,0.3269211786522844,2.787332287383848,0.22252838282293474,3.228951064361154,0.36690031083967445,3.215469729088662,0.07815645480619508,3.2424323996336457,0.20253881672923973,3.014882343508747,-1.6639055267990543,"(-0.10215532716150924, -1.0151102846906748, -0.031643989610431696)",-0.0047835585270557335,2.5972368887433555,-0.09310920000415779,0.004302546462441518,0.3165880123294336,False,,
7,822,0.18214288783672192,2.796607581925228,0.03777176479876099,2.810097534955463,0.32651401087468285,2.783117628894993,0.22214757613328093,3.2247426364515945,0.36651869917124186,3.2112526834213595,0.07777645309532003,3.2382325894818296,0.20214523198500142,3.010675109188411,-1.6639652183324714,"(-0.09446033861719799, -1.0097362368805272, 0.00638891177515688)",-0.0047708985621316225,2.5930126907638873,-0.0931688915375748,0.004860292126233136,0.3159975392300992,False,,
7,823,0.18173454164531339,2.792377748569792,0.03736421794097078,2.8058762534315655,0.32610486534965605,2.7788792437080185,0.22176459054574538,3.220510432658532,0.366134914250088,3.2070119277967586,0.07739426684140276,3.2340089375203056,0.20174956609552938,3.006444090614162,-1.6640244535523023,"(-0.0949598134732923, -1.0154444578197928, 0.007394162377013881)",-0.004754342258710652,2.588764624282289,-0.09322812675740577,0.005420972990200338,0.31540438346616223,False,,
7,824,0.18132640151623675,2.788148578091809,0.03695684451067205,2.8016552805027235,0.32569595852180144,2.774641875680895,0.2213807603899825,3.2162789885221046,0.36575031739554725,3.2027722861111902,0.07701120338441786,3.229785690933019,0.20135358095310962,3.002213783306957,-1.6640812351033534,"(-0.09503643418074204, -1.0152737537292202, -0.03400029782352148)",-0.004735405453130576,2.5845172382098065,-0.09328490830845682,0.005982059193205396,0.3148121697209907,False,,
7,825,0.18091851588387556,2.783926206808028,0.03654973480950152,2.797441200374414,0.32528729695824965,2.7704112132416423,0.22099746232212394,3.2120543162009993,0.365366243396498,3.1985393226346135,0.07662868124774991,3.2255693097673857,0.20095798910299975,2.9979902615045138,-1.664138665339495,"(-0.09494204402636659, -1.0136452325863736, 0.04818691432762616)",-0.004671441563807234,2.5802766571596134,-0.09334233854459839,0.0065426022533184875,0.31422014571501633,False,,
7,826,0.1805107645425083,2.779704553819922,0.03614274292062056,2.793227657494085,0.3248787861643961,2.7661814501457593,0.22061376164519741,3.2078304110434512,0.3649817832670852,3.1943073073692885,0.0762457400233097,3.221353514717614,0.20056226309385286,2.9937674824316867,-1.6641948418137003,"(-0.09497424219525154, -1.0134669774784577, 0.006738657491543005)",-0.004651200104335542,2.5760368068097486,-0.0933985150188037,0.007103311738377316,0.3136286446619429,False,,
7,827,0.18010328060555186,2.7754903261734993,0.03573602714760124,2.789021627995861,0.3244705340635025,2.761959024351138,0.2202305894580719,3.2036139053936292,0.3645978429160225,3.1900826035712675,0.07586333600012125,3.2171452072159905,0.20016693503181188,2.9895521157835643,-1.6642516284200082,"(-0.09487873488983516, -1.0116879955493776, 0.001603934169114557)",-0.004595058803541536,2.5718043870743146,-0.09345530162511162,0.007663470760917114,0.3130373618001637,False,,
7,828,0.17968132053549443,2.7712631664750447,0.035313718069762634,2.7847907441701243,0.32404892300122623,2.7577355887799655,0.21979758542435077,3.199387780683767,0.3641651878900827,3.1858602029886876,0.07542998295861897,3.2129153583788463,0.1997394529799226,2.985325473579406,-1.6642258322460768,"(-0.10259569245342595, -1.0143941289979836, -0.04307928800358521)",-0.004572933737444701,2.5675580587186633,-0.09342950545118023,0.008267522472412305,0.31244744702049265,False,,
7,829,0.17928574312785742,2.767052645070089,0.0349181240070342,2.780580045019263,0.32365336224868063,2.7535252451209145,0.21940148090816716,3.1951773086697712,0.3637691000289904,3.181649908720597,0.07503386178734398,3.2087047086189457,0.1993436120180123,2.98111497686993,-1.6642246010425938,"(-0.09500183085847662, -1.0105192102741587, -0.0019906424312098325)",-0.004553154880215127,2.5633301791514973,-0.09342827424769728,0.0088272969428358,0.3118883464555167,False,,
7,830,0.1788769370145029,2.762823691891669,0.03451008148131446,2.7763592385544187,0.32324379254769137,2.749288145228919,0.21901683401438188,3.1909460910590552,0.3633836895475704,3.1774105443963054,0.07464997848119344,3.204481637721805,0.1989468855144424,2.976884891475362,-1.6642810315300391,"(-0.09521436085677386, -1.0152204946963512, 0.014737387394057527)",-0.004536578347904742,2.5590829921046137,-0.09348470473514259,0.009389427187952605,0.31129528866507533,False,,
7,831,0.1784683304141929,2.758595398898294,0.034102207219230324,2.7721387542305918,0.32283445360915547,2.7450520435659964,0.21863138415824784,3.186715626304045,0.36299750735321046,3.1731722709717474,0.0742652609632853,3.2002589816363427,0.19854985728622038,2.9726555126011696,-1.664335120741325,"(-0.09528677477328214, -1.01505092980623, -0.026669589724112045)",-0.004518512494928527,2.554836482486968,-0.0935387939464285,0.009951939942649918,0.3107031334990558,False,,
7,832,0.17806031805274,2.7543754719544467,0.033694927144485326,2.7679266308682373,0.3224257089609947,2.7408243130406555,0.2182465134522578,3.1824935277513395,0.3626119043605125,3.168942368837549,0.07388112254400311,3.1960446866651306,0.1981534157524989,2.968434499852893,-1.664389174982793,"(-0.0951459680931545, -1.0130430595863822, 0.04999924467868494)",-0.004474821328337729,2.5505983649231125,-0.09359284818789648,0.01051362291299326,0.3101118292371997,False,,
7,833,0.17765241224221004,2.7501562378225857,0.033287742380976926,2.763715076115639,0.32201708210344315,2.7365973995295323,0.21786138097333366,3.1782721553421047,0.36222605083456677,3.1647133170490513,0.07349671111210054,3.191830993635158,0.19775689660777185,2.964214196582345,-1.6644423691617445,"(-0.09516459473449143, -1.0128727849314951, 0.008552348062525514)",-0.004453880657376448,2.546360950871747,-0.09364604236684793,0.011075399746379598,0.30952090431466267,False,,
7,834,0.17724433742116877,2.745942277712518,0.032880427638599746,2.7595092063365754,0.32160824720373776,2.732375349088461,0.21747729816837294,3.174055941205654,0.361841207950942,3.1604890125815968,0.07311338838580397,3.187622869829711,0.19736081779477085,2.959999109459086,-1.6644984102437308,"(-0.09505891512023995, -1.0116209095822346, -0.0006303253197569789)",-0.0043795972103612335,2.5421287911979644,-0.09370208344883424,0.011636609055568327,0.3089289890331642,False,,
7,835,0.17681336864675382,2.7417221879793785,0.032449665861114474,2.755291319050291,0.32117707143239316,2.728153056908466,0.21705286078807937,3.16983523761955,0.3614165635737187,3.156266106548638,0.07268915800244007,3.1834043686904625,0.1969331147174166,2.9557787127994644,-1.6645136664697304,"(-0.10264873856502321, -1.012895198309218, -0.04071785916442399)",-0.0043590137857040705,2.537888926734049,-0.09371733967483387,0.012241759652438743,0.30831547898501516,False,,
7,836,0.17638255684427903,2.7375027820887663,0.03201904386941881,2.7510739324290046,0.3207460698191393,2.723931631748528,0.21662803716360576,3.1656152688418002,0.36099155013846607,3.152044118501562,0.07226452418874554,3.1791864191820385,0.1965052970039424,2.9515590254652833,-1.6645276538544709,"(-0.10267625123380905, -1.0127249602034467, -0.08210478813058125)",-0.004338298589419216,2.5336497626596657,-0.09373132705957432,0.012847048064200471,0.30770252643063606,False,,
7,837,0.17597360987614488,2.733276581492593,0.03161082088880471,2.7468554310681896,0.3203363988634851,2.7196977319169964,0.2162419224106729,3.1613869212481536,0.3606047113980131,3.1478080716725567,0.07187913342333273,3.17496577082375,0.19610776614340888,2.947331751370373,-1.6645809862686252,"(-0.09540740652804133, -1.0145457827784208, 0.03927663241153005)",-0.004318081958883527,2.5294053487098083,-0.0937846594737286,0.013410259837586815,0.3071100957684728,False,,
7,838,0.1755647659283431,2.729051083925876,0.031202690019914964,2.7426375124267452,0.3199268418367712,2.7154646554250075,0.2158555538964367,3.157159309033629,0.3602176298048649,3.14357288053276,0.0714934779880086,3.1707457375344976,0.1957101599123899,2.9431051964797525,-1.6646334855590699,"(-0.09542549544455765, -1.0143731737489743, -0.0021315750190758196)",-0.004294925900063729,2.5251616483828525,-0.09383715876417331,0.013973562773657473,0.30651803222746743,False,,
7,839,0.17515614018455222,2.7248311341050298,0.030794790013219775,2.738425271691134,0.3195174903558847,2.7112369965189256,0.2154697895778262,3.152937207026912,0.35983113974915865,3.139343069440808,0.07110843940649375,3.1665313446130163,0.1953129648811892,2.938884170565971,-1.6646868867349847,"(-0.0953268074881675, -1.0130462193076215, 0.05216983673024617)",-0.004224869906823632,2.5209235027085493,-0.0938905599400881,0.014536302086566226,0.3059260401388907,False,,
7,840,0.1747476048779554,2.7206119330072633,0.03038697373282792,2.7342137040456405,0.3191082360230829,2.707010161968886,0.21508389140555653,3.148715873644538,0.35944452255068404,3.135114102606161,0.07072326026042906,3.1623176446829153,0.19491574814175597,2.9346639033259008,-1.6647397642626085,"(-0.09533201746398114, -1.0128641376168495, 0.010741803727443489)",-0.004202168490377406,2.51668611542422,-0.09394343746771194,0.015099062608742221,0.3053343155640336,False,,
7,841,0.17440489852600694,2.716419438648181,0.03004203103366293,2.729997453576289,0.31876776601835094,2.7028414237200726,0.21467073589901714,3.1445300112116836,0.35903360339136114,3.1309519962835757,0.07030786840667315,3.158108026139792,0.19453781721251204,2.9304747249299323,-1.6645752046730529,"(-0.0907034230185455, -1.005402815032471, 0.011505728797917392)",-0.004177262025212253,2.51247994441017,-0.09377887787815631,0.015630369347235527,0.3048931500773128,False,,
7,842,0.17398302981943867,2.7122054329802485,0.029619209477009606,2.725773313291442,0.3183468501618677,2.698637552669055,0.2142188128112533,3.140318831237107,0.35858263315368233,3.1267509509259135,0.06985499246882428,3.1538867115483002,0.19410092131534598,2.9262621321086777,-1.6645050025245323,"(-0.10485501531985496, -1.0110222771011323, -0.024780330286186186)",-0.004173071522064663,2.508246822683331,-0.0937086757296357,0.016246880281942794,0.3043150989748635,False,,
7,843,0.17356141544635528,2.707992099213485,0.02919661239233101,2.7215495192915373,0.31792621850037955,2.694434679135432,0.21376617843644252,3.136108411718522,0.3581309814904668,3.1225509916404697,0.06940137538241826,3.149665831796575,0.1936637969413989,2.9220502554660035,-1.66443254532917,"(-0.10490984974729695, -1.0108503942417928, -0.06617129360068562)",-0.00417511677363837,2.5040143954587673,-0.0936362185342734,0.016863672100882673,0.30373800588989386,False,,
7,844,0.17315366932529333,2.703768029499705,0.02878952721555203,2.717332485733495,0.3175178114350346,2.6902035732659146,0.2133792981565333,3.1318823819630754,0.35774344026627464,3.1183179257292855,0.06901515604679206,3.145446838196866,0.19326648374091332,2.9178252057313903,-1.6644812841608945,"(-0.0953551681165377, -1.0140119363071518, 0.04314518942716647)",-0.004164058508978973,2.499772225254864,-0.09368495736599791,0.017426486898637086,0.303148485604436,False,,
7,845,0.17274604698316987,2.6995446725383196,0.02838255040408577,2.7131159972879804,0.31710954356225396,2.6859733477886585,0.21299204451664688,3.1276571106693964,0.35735554109573103,3.1140857859197357,0.0686285479375628,3.1412284354190576,0.19286904574990837,2.913600891603858,-1.6645288619812966,"(-0.09538511784118908, -1.0138353906077129, 0.0017230054875267595)",-0.004169084252109343,2.4955307798767463,-0.09373253518640001,0.017989456378500652,0.30255944830270814,False,,
7,846,0.172338111590316,2.6953270157530125,0.02797531489368213,2.7089057833674293,0.31670090828694986,2.6817482481385952,0.21260618106755305,3.123437378370616,0.356968977764187,3.109858610756199,0.0682433843709192,3.1370161459850334,0.19247214632893453,2.9093821970618143,-1.66458041852414,"(-0.09525586103372266, -1.012486690090529, 0.03407651662282699)",-0.004132367156068203,2.491295004598671,-0.0937840917292434,0.018551741070187616,0.30196891763674166,False,,
7,847,0.17193012257623275,2.6911101144297547,0.027568046974781435,2.7046965461923933,0.31629219817768406,2.677523682667116,0.2122209202171612,3.119218338627162,0.3565829958186126,3.1056319068645233,0.0678588446157099,3.1328047703898005,0.19207552139669698,2.9051642265284583,-1.664633508153438,"(-0.09518998373701057, -1.0123129280054883, -0.007332356239780179)",-0.004132409712505431,2.4870599845952066,-0.09383718135854147,0.019113667575337747,0.30137790711990453,False,,
7,848,0.17156791967614396,2.6869122056649664,0.02720449168951289,2.7004842600396284,0.315931347662775,2.673340151290305,0.21181608092514084,3.1150244403839418,0.35617950891177197,3.1014523860092797,0.06745265293850983,3.1285964947586034,0.1916920003006424,2.900968323024454,-1.6645339160648531,"(-0.092045063053101, -1.0070168409610556, -0.019391538606743284)",-0.004127960075425495,2.4828470805980154,-0.09373758926995657,0.019654130113411866,0.3008920029787727,False,,
7,849,0.17115924280523195,2.6826834155243815,0.026796556257927595,2.696263354141501,0.3155219293525363,2.669103476907262,0.21143078491117304,3.1107934514922495,0.35579347145847745,3.09721351287513,0.0670680983638687,3.124373390109369,0.1912950138582025,2.8967384335083155,-1.6645885300540912,"(-0.09527674618557905, -1.015173483873298, -0.0025413443333557537)",-0.004135841891135431,2.4786001613424826,-0.09379220325919468,0.020216596641803263,0.3002996157033735,False,,
7,850,0.17075084765542559,2.6784552663478745,0.02638885372537203,2.6920425658786558,0.3151128415854792,2.664867966817093,0.21104421867774298,3.1065632483473435,0.35540621260779653,3.0929759488165622,0.06668222474768941,3.120150547878125,0.19089753316658428,2.892509257347609,-1.6646395192085204,"(-0.09539536598837405, -1.015002278569584, -0.04390784736949344)",-0.0041380307298602495,2.4743539063633566,-0.09384319241362382,0.020779693099066774,0.29970858613969364,False,,
7,851,0.17034229194527334,2.6742312393482597,0.02598097910647068,2.6878257733769546,0.314703604784076,2.6606367053195648,0.21065711699588563,3.1023372015598816,0.35501842983468834,3.0887426675311866,0.066295804157083,3.1159317355885765,0.19049970447057948,2.8882842204540706,-1.6646896329176826,"(-0.09547888704115372, -1.0140088544491688, 0.051338443178154)",-0.004086379344934846,2.470111758079992,-0.09389330612278601,0.021343265408450794,0.29911756199474365,False,,
7,852,0.16993389792745175,2.670007957687836,0.025573244510806226,2.6836094923482756,0.3142945513440973,2.6564064230273967,0.2102694834722029,3.098111964371682,0.3546301368888485,3.0845104297112425,0.0659088300555574,3.1117134990321214,0.19010169069982732,2.884059961029759,-1.6647381268499866,"(-0.09552330498051693, -1.0138222618347479, 0.009904395576647134)",-0.004085212692949797,2.465870369981418,-0.09394180005509001,0.021907068808149147,0.29852719563042773,False,,
7,853,0.16952517408650708,2.665791119921793,0.025165205504618676,2.679399921156149,0.31388514266839546,2.6521823186874376,0.2098823087814925,3.093893095716359,0.3542422773633809,3.080284294482003,0.06552234019960414,3.107501896950714,0.1897037414339998,2.879842107819076,-1.6647884632192032,"(-0.09550782379860669, -1.0122847705639646, 0.03434425426809992)",-0.004047166711887092,2.4616353932570507,-0.0939921364243066,0.0224708169227746,0.2979358770392871,False,,
7,854,0.1691022626443512,2.661556510487995,0.02474180233619741,2.675160094560509,0.31346272295250494,2.647952926415481,0.209443925755945,3.0896599445052786,0.3538043860640988,3.0760563604327644,0.06508346544779127,3.1032635285777928,0.1892730942001481,2.875608227496637,-1.6647523233321793,"(-0.10335533612440563, -1.0161312773853841, -0.020778430827361045)",-0.004041738346043119,2.457381716247501,-0.0939559965372827,0.023079143038509504,0.29734734394467216,False,,
7,855,0.16869596482576638,2.6573483468290857,0.024336079187585347,2.6709580278882172,0.3130558504639474,2.643738665769954,0.20905570865629425,3.085450076652657,0.35341559429447533,3.0718403955935254,0.06469582301811325,3.0990597577117884,0.1888758367410303,2.8713992117408713,-1.6647945578799137,"(-0.09534179018826808, -1.010163781383675, -0.0014607673598715579)",-0.004038557574500954,2.4531555717637548,-0.09399823108501715,0.023641756993816602,0.2967615972252732,False,,
7,856,0.1682862097171321,2.653118843036302,0.023927007849453896,2.666735775000843,0.3126454115848103,2.6395019110717612,0.20866745623266697,3.0812185451266583,0.35302665810034517,3.0676016131621173,0.06430825436498878,3.094835477091199,0.18847683297489953,2.8671686940814802,-1.6648447859785853,"(-0.09576090387138386, -1.0153242382538474, 0.006060083199416727)",-0.00403279674020819,2.448907905491752,-0.09404845918368876,0.024206994891457702,0.29616885004677546,False,,
7,857,0.16787665318763145,2.64889000775834,0.023518104059579048,2.662513857935279,0.31223520231568386,2.635266157581401,0.2082784157813128,3.076987774138081,0.3526369649093652,3.063363923961142,0.06391986665326041,3.09061162431502,0.18807753448447212,2.8629388909482105,-1.6648927096852022,"(-0.09583163770257995, -1.0151527519847137, -0.0353336475702367)",-0.004024182143037302,2.4446609254923177,-0.09409638289030564,0.024772605707731685,0.29557699356930367,False,,
7,858,0.16746717907448713,2.644668758417956,0.02310930133989167,2.6582997208184467,0.31182505680908257,2.6310377960174653,0.20789003308973478,3.0727645337688254,0.35224791082433027,3.0591335713683345,0.06353215535513934,3.086395496169316,0.18767860608211095,2.8587166460933906,-1.6649419775680676,"(-0.09574281656668096, -1.0133387651568047, 0.03791426392245234)",-0.003982658501516751,2.4404215249181025,-0.09414565077317105,0.02533771952076669,0.29498489957782376,False,,
7,859,0.16705779313602234,2.6404482509112777,0.022700579979379826,2.6540862496518436,0.31141500629266483,2.6268102521707117,0.20750151353907983,3.0685420554447695,0.3518587266957224,3.0549040567042036,0.06314430038243735,3.0821800541853355,0.1872796533375511,2.8544951531780236,-1.6649907200155254,"(-0.095748658694368, -1.0131582996880537, -0.0035018468864201047)",-0.0039710334692957,2.436182876264663,-0.09419439322062884,0.025902858120113708,0.2943930701298051,False,,
7,860,0.16664865400559442,2.6362334929213618,0.02229211184927299,2.6498785922859756,0.3110051961619159,2.6225883935567484,0.2071134314316896,3.0643253075918326,0.3514699735880111,3.050680208227219,0.06275688927536816,3.077970406956446,0.186881042718642,2.850279400256597,-1.6650399080013105,"(-0.09566654853818236, -1.011780701142302, 0.0176968145215878)",-0.003928451372656089,2.4319499863392067,-0.09424358120641396,0.02646752196314794,0.2938014730866919,False,,
7,861,0.16623107447755048,2.632006968221159,0.021874436045021456,2.645651049005883,0.3105877129100795,2.6183628874364353,0.2066928312874211,3.0600990684003833,0.35104946971995016,3.0464549876156592,0.0623361928548921,3.073743149185107,0.1864619528824858,2.846053018310771,-1.6650328520027753,"(-0.10058156067749204, -1.0143316669982245, -0.031882262716551785)",-0.003914257558643779,2.427704785231065,-0.09423652520787873,0.027060062699909678,0.2932127947949445,False,,
7,862,0.16582357434650535,2.627802687489862,0.021467533735331085,2.641453091845228,0.3101796149576796,2.614152283134495,0.20630408381414378,3.0558930148195507,0.350660124425318,3.0422426104641844,0.06194804320296955,3.0695434191749174,0.18606382908032457,2.8418478511547063,-1.665076657288103,"(-0.09554971251869379, -1.0092401174555636, 0.007860251503366708)",-0.0038996292926500678,2.423482472278735,-0.0942803304932065,0.02762393458905527,0.29262493809771184,False,,
7,863,0.16541312024142807,2.623574130296815,0.02105773929222171,2.6372315089255824,0.30976850119063437,2.609916751668048,0.20591431203708227,3.051662501387565,0.3502696929862886,3.038005122758798,0.06155893108787597,3.0653198800163324,0.18566371613925517,2.83761831584219,-1.6651249703985551,"(-0.09602710585665794, -1.0150884750039155, 0.012382405382010693)",-0.003884641283091555,2.419235743532662,-0.09432864360365856,0.028190707001078615,0.2920317142789844,False,,
7,864,0.1650028543309087,2.6193462598192436,0.02064810486500826,2.633010311437893,0.3093576037968091,2.6056822082005944,0.20552383499310936,3.047432758235362,0.3498785844590098,3.033768706616713,0.061169085527208955,3.0610968098540114,0.18526334466200903,2.833389509027303,-1.6651711966246399,"(-0.09608915453907652, -1.0149136355729054, -0.029014654476164678)",-0.0038676497039976396,2.4149897187446423,-0.0943748698297433,0.02854751522549608,0.29143930867881945,False,,
7,865,0.16459256555985619,2.6151260636387086,0.02023848238870482,2.6287971525425347,0.3089466487310075,2.6014549747348825,0.20513441541258226,3.0432105861462606,0.34948849858373365,3.0295394972424345,0.06078033224143095,3.056881675050087,0.18486349048621922,2.8291683248924846,-1.6652199466757658,"(-0.09596500218955213, -1.0130841923564364, 0.03499293129494903)",-0.003809382141277707,2.4107513547920707,-0.09442361988086923,0.028010612875303313,0.29084620530609173,False,,
7,866,0.16418233681717162,2.6109066328694284,0.019828919785742277,2.624584753769254,0.308535753848601,2.597228511969603,0.20474504017527542,3.03898917992815,0.34909845720670474,3.0253110590283243,0.06039162314384611,3.0526673008279754,0.18446368849622352,2.8249479063987892,-1.6652686603114915,"(-0.09595247759896554, -1.0129004384868356, -0.006419795477507101)",-0.0037920458997768064,2.406513764656077,-0.0944723335165949,0.027473762364238524,0.29025319747878203,False,,
7,867,0.16377272786800778,2.6066917258697244,0.019419944900900626,2.620376536780046,0.3081255108351149,2.5930069149594033,0.20435527056758124,3.0347723925997667,0.3487080535346885,3.021087581689445,0.06000248760047412,3.048457203510088,0.1840639992177945,2.8207320592347456,-1.665315005076477,"(-0.09592542682296328, -1.0118033193704632, 0.013408782964397653)",-0.0037763855251755833,2.402280736143411,-0.09451867828158034,0.02693568236868992,0.28966169257101526,False,,
7,868,0.16335567030512244,2.602467610481606,0.019002852116720814,2.616152049858733,0.30770848849352406,2.5887831711044793,0.20393711121660224,3.030548381661004,0.3482899294050039,3.016863942283877,0.05958429302820062,3.044232821038131,0.18364639076086234,2.816507996071305,-1.6653124312906349,"(-0.1002260296637214, -1.0137751592257387, -0.032018333629084725)",-0.003754114075312819,2.3980380193450648,-0.09451610449573833,0.026343592111409395,0.28907256832172473,False,,
7,869,0.16293875721293227,2.5982441672983847,0.018585889396183414,2.6119280831516853,0.30729162502968116,2.584560251445084,0.20351864560547933,3.0263250856515023,0.3478715134222282,3.0126411697982016,0.059165777788730486,3.040009001504803,0.1832287014092058,2.8122846264749435,-1.6653088045949962,"(-0.10024544439757188, -1.0136087031267849, -0.07341388044021106)",-0.0037345624253359837,2.3937959898948886,-0.09451247780009964,0.025750770396873922,0.2884839263502789,False,,
7,870,0.16252824508977398,2.5940183322237194,0.018176003323733203,2.6077088507353943,0.3068804868558148,2.5803278137120444,0.20312771377956812,3.022097394012668,0.3474799555456089,3.008406875500993,0.05877547201352734,3.0357879125243428,0.18282797943467105,2.8080578631181936,-1.665354544404606,"(-0.09617327388833743, -1.0144232056199596, 0.037052519743797)",-0.003717792027470708,2.3895520163475674,-0.0945582176097095,0.025210874938128357,0.28789130466728613,False,,
7,871,0.16211785112030466,2.589793199661259,0.017766221850637615,2.6034901747723045,0.30646948038997174,2.5760962245502133,0.20273646696685374,3.0178704450816505,0.3470880962365208,3.004173469970605,0.058384837697186706,3.031567420192696,0.1824271590435792,2.8038318223714547,-1.665399272584707,"(-0.09619689386204333, -1.0142497792172953, -0.0043526695075083)",-0.003698354084169672,2.3853087579610817,-0.09460294578981054,0.02467024691309571,0.28729911801786917,False,,
7,872,0.16170751202657502,2.5855731968353757,0.017356509094570538,2.599276771278725,0.30605851495857955,2.571869622392026,0.20234569830685356,3.01364858484063,0.34669670123885804,2.9999450103972802,0.05799469537484907,3.02735215928398,0.1820266051667143,2.799610890838003,-1.6654449897453207,"(-0.0961329304475812, -1.0130235680284705, 0.0464791305824351)",-0.003654245755331282,2.3810706274633,-0.09464866295042418,0.024130574825774596,0.28670674882141955,False,,
7,873,0.1612972212089816,2.5813539202278277,0.01694684623990253,2.595064107910214,0.30564759617806064,2.5676437325454415,0.20195501916364467,3.0094274459982002,0.34630539413272377,2.9957172583158136,0.05760464419456565,3.0231376336805864,0.18162612018631313,2.795390683113014,-1.6654908034444695,"(-0.09611639529627612, -1.0128498539972963, 0.005056233795547695)",-0.00363371185712671,2.376833231118588,-0.09469447664957298,0.023591056197569616,0.28611442333302134,False,,
7,874,0.16094520048397776,2.577158009630019,0.016592832684788728,2.590847199188486,0.3052975682831668,2.563468820071552,0.20154072814012136,3.0052374451724417,0.34589309593931045,2.9915482556139747,0.05718836034093237,3.0189266347309087,0.18124296431204956,2.7911977274012303,-1.665345338086704,"(-0.09195740982325497, -1.0063093708280406, 0.0007386920294268698)",-0.003611344311310789,2.372623105365532,-0.09454901129180748,0.02296395239092593,0.28565499077592604,False,,
7,875,0.16053316827358016,2.5729296169188203,0.0161812725349397,2.586623783438206,0.30488506401222065,2.5592354503994343,0.20114345519313803,3.001007652557547,0.3454953509317785,2.987313486038161,0.05679155945449757,3.014701819076933,0.1808383117333591,2.7869686347381837,-1.6653798160043993,"(-0.09711661888571323, -1.0149822391311452, -0.017963806208249236)",-0.0036069799673846795,2.368376505673892,-0.09458348920950277,0.022411898022904428,0.2850631928001859,False,,
7,876,0.1601214072911772,2.568701874019939,0.015769938857113253,2.582400544062299,0.3044728757252411,2.5550032039775794,0.20074504948576138,2.996778642479577,0.3450965179198253,2.983079972437217,0.05639358105169749,3.0104773125219366,0.18043322838846929,2.782740258249758,-1.66541101427593,"(-0.09722000277355487, -1.014810357222148, -0.059351037890120736)",-0.003600705124025157,2.36413057921471,-0.09461468748103341,0.02185731221474235,0.28447264457935273,False,,
7,877,0.15971087409231083,2.564477509168617,0.015360006726515107,2.5781825115671007,0.30406174145810655,2.5507725067701337,0.2003532949981583,2.9925524951499427,0.34470416236395407,2.978847492751459,0.056002427632362586,3.006257497548426,0.18003208454523456,2.77851500215928,-1.6654548819925183,"(-0.09627452237633614, -1.0140614617146897, 0.04794010489702627)",-0.0035589377494240804,2.359888112704538,-0.09465855519762179,0.021315721861539134,0.2838804892359411,False,,
7,878,0.15930044741600205,2.5602538616243873,0.014950170526979695,2.57396508192247,0.3036507243050244,2.546542641326304,0.1999613076103172,2.9883270965366604,0.34431158449933963,2.9746158762385773,0.05561103072129486,3.0020383168347435,0.17963087751315962,2.774290479080524,-1.6654979569835417,"(-0.09628968769798817, -1.0138855389014978, 0.006498711329568569)",-0.0035513655917773024,2.355646375546908,-0.09470163018864519,0.020773577108313585,0.2832886945889584,False,,
7,879,0.15888964126913688,2.5560344974946583,0.014539989624805127,2.5697522987091412,0.3032392929134686,2.5423166962801753,0.1995700172845,2.984105878233021,0.34391966892883175,2.970388077018538,0.055220365640168245,2.997823679447504,0.17922982927681844,2.7700701878638396,-1.665543546994126,"(-0.09625157672188392, -1.012869892004264, 0.027182040531245233)",-0.003500248340410722,2.3514088928847845,-0.09474722019922943,0.02023313020406148,0.2826957004044948,False,,
7,880,0.15847877465219137,2.551815901255276,0.014129772310754907,2.565540533236935,0.30282777699362784,2.5380912692736177,0.19917940742538606,2.9798853564747088,0.34352840976682253,2.96616072449305,0.05483040508394961,2.993609988456367,0.17882909103878872,2.7658506288649924,-1.665590868081912,"(-0.09617717712712961, -1.0126941597233483, -0.014218123360154268)",-0.003491266159667508,2.347172178896836,-0.09479454128701548,0.01969413552321245,0.28210216482777206,False,,
7,881,0.15810513520694988,2.5476121152499007,0.013754875831610586,2.561323519928936,0.30245539458228915,2.5339007105708653,0.1987665421861585,2.9756852982250446,0.3431168015614978,2.961973893546009,0.054416282810819255,2.98939670290408,0.1784358386965542,2.7616487067374726,-1.665499234299856,"(-0.09438056213628616, -1.0084613106047637, -0.020357949182194357)",-0.003479196852799068,2.3429527599040325,-0.09470290750495947,0.01908430243375057,0.28159794500309965,False,,
7,882,0.15769311271164632,2.543384974602302,0.013343292456652278,2.557101001445047,0.3020429329666404,2.5296689477595566,0.19836822679702887,2.971456855358491,0.3427180470520229,2.957740828515746,0.054018406542034825,2.9851728822012364,0.1780306697543376,2.7574209149803965,-1.6655312548224366,"(-0.0972405461319837, -1.0146700216983096, -0.01247989269447309)",-0.0034786442586873115,2.3387074544492465,-0.09473492802754002,0.018530076428114963,0.28100681158439017,False,,
7,883,0.15728142318742466,2.5391584783348473,0.012931984665620816,2.5528785220097037,0.3016308617092285,2.5254384346599905,0.19796844925768897,2.967229227054679,0.3423178877794928,2.953509183379823,0.05361901073588515,2.980949270729536,0.17762493622255682,2.7531938526947632,-1.6655590819261712,"(-0.09737604762738951, -1.0144949485519383, -0.05385573428407716)",-0.0034756022621885525,2.3344628211387226,-0.09476275513127463,0.017972594445253936,0.2804172560848472,False,,
7,884,0.15687075706249334,2.5349355678602308,0.01252191041891873,2.548661837297692,0.30121960370606793,2.52120929842277,0.19757624573910224,2.9630045613549694,0.3419250923826769,2.949278291917508,0.053227399095527664,2.9767308307924303,0.1772235014007978,2.7489700646076,-1.6656022118159108,"(-0.09634435722216687, -1.013709140919137, 0.04955169810258493)",-0.003435311266888573,2.3302218411822797,-0.09480588502101428,0.01743015854433473,0.27982511028142537,False,,
7,885,0.1564602610596181,2.5307134053074853,0.012111983308739777,2.544445656046358,0.30080853881049646,2.516981154568612,0.19718348738869015,2.9587807117411242,0.3415317651395685,2.9450484610022514,0.052835209637811825,2.9725129624799975,0.17682187422415413,2.744747058524305,-1.6656436483312462,"(-0.09639052239447775, -1.0135214599908566, 0.008133970306660092)",-0.0034308941767240346,2.3259816256507078,-0.09484732153634967,0.01688645787954797,0.279233652673717,False,,
7,886,0.15604961361295203,2.5264961044859784,0.011701930388857112,2.5402346032335252,0.30039729683704697,2.5127576057384315,0.19679136851947018,2.954561647840191,0.34113905174356507,2.940823149092644,0.05244368529537527,2.9683001465877377,0.1764204910662111,2.7405288761630846,-1.6656869326823789,"(-0.09633195790632769, -1.0123637666928682, 0.0449912780774356)",-0.003397958611685417,2.321746257455251,-0.09489060588748233,0.01634418459425896,0.278641494127768,False,,
7,887,0.1556389547894947,2.5222795287680904,0.011291879568262053,2.536024414183247,0.2999860300107273,2.508534643352933,0.19639964946892552,2.950343269079332,0.3407467246901582,2.936598383664175,0.0520525742476929,2.964088154494489,0.1760193021292101,2.736311398923711,-1.6657311778057988,"(-0.09628534488023802, -1.0121945374496086, 0.0035703146715793705)",-0.0033903830737134683,2.3175116188291156,-0.09493485101090227,0.01580274843919049,0.2780490668495043,False,,
7,888,0.15525347244010762,2.518073882938975,0.010905808771145387,2.531812587146875,0.29960113610906985,2.5043351787310755,0.19599583664284492,2.9461393683021044,0.34034350031180716,2.9324006640942044,0.05164817297388272,2.959878072510004,0.17562465454147627,2.7321066256205397,-1.6656883560537992,"(-0.09471542105611756, -1.0091455927611637, -0.021762798321505634)",-0.00337988835571732,2.3132895819178603,-0.09489202925890261,0.015219547093337348,0.277515214455143,False,,
7,889,0.1548420271948138,2.513845863280705,0.010494952724600382,2.5275907565829705,0.2991891016650272,2.5001009699784396,0.19560274526360125,2.941909601364786,0.33994981973381466,2.9281647080625204,0.05125567079338787,2.9556544946670513,0.17522238622920752,2.7278777323227454,-1.6657312324456912,"(-0.09654439494450212, -1.014934391470637, -0.003425293794271471)",-0.0033740227039814196,2.3090434848961627,-0.09493490565079465,0.014675782467083252,0.27692203612089084,False,,
7,890,0.15443086779174087,2.509618477642682,0.010084333582052851,2.523369043509269,0.2987774020014289,2.4958679117760947,0.195208407947827,2.93768061357486,0.3395549421575151,2.923930047708273,0.050861873738139024,2.9514311794414474,0.17481963786978394,2.723649545608771,-1.6657705306092139,"(-0.09665960626166088, -1.014764811353888, -0.044815361792066404)",-0.0033671109004526716,2.3047980466068076,-0.09497420381431732,0.014129241898624642,0.2763302067414216,False,,
7,891,0.15401974498428922,2.505395385894691,0.009673779508434288,2.5191519207361135,0.29836571046014415,2.491638851053268,0.19481498623816385,2.9334558352368814,0.33916095171401883,2.9196993003954588,0.05046902076230893,2.9472123700783044,0.17441736561122653,2.719425610565786,-1.6658118823924524,"(-0.09654534205377975, -1.013744410316382, 0.04686591221003142)",-0.0033279034933587047,2.300556902019957,-0.09501555559755581,0.013584577479864236,0.2757378880962677,False,,
7,892,0.15360874977570935,2.5011730180340335,0.009263338380385955,2.5149353655487143,0.2979541611710328,2.487410670519353,0.1944212286123488,2.929231824240855,0.3387666400076722,2.915469476726174,0.05007581721702542,2.9429941717555352,0.17401498919402908,2.715202421137444,-1.6658521515083513,"(-0.09657034012738984, -1.0135654628021196, 0.0054374794136681885)",-0.0033191034543184677,2.296316495297379,-0.09505582471345475,0.013039130972385425,0.27514603621188327,False,,
7,893,0.15320272456325404,2.496958209677013,0.00885756627949219,2.5107232116761313,0.2975478828470159,2.483193207677895,0.19402307531925936,2.9250162652771348,0.33836823360302126,2.9112512632780163,0.049677917035497524,2.9387812672762528,0.1736128999412567,2.710987237477074,-1.6658705413327242,"(-0.09650142066537182, -1.0116440784888603, 0.02289061917133519)",-0.003296724627795075,2.2920839704562948,-0.0950742145378276,0.012481271163109067,0.27456698421861775,False,,
7,894,0.15277814564255726,2.492730428289951,0.008432367428120119,2.5064889279054077,0.2971239238569944,2.4789719286744942,0.1935792134677048,2.9207903223051783,0.33792499168214196,2.9070318226897216,0.04923343525326768,2.934548821920635,0.17317867955513103,2.7067603752975646,-1.6658254939631107,"(-0.10421289267016269, -1.0144469230821758, -0.025289665848099722)",-0.0032866917879070885,2.287837269131439,-0.09502916716821419,0.011840802980149527,0.27397842536180994,False,,
7,895,0.15236787225347112,2.4885242147515862,0.008022644142296392,2.502288484493673,0.2967131003646458,2.4747599450094993,0.19318605148862536,2.916582477426104,0.3375312795998001,2.9028182076840174,0.0488408233774507,2.930346747168191,0.17277696187104824,2.702553346088845,-1.665865468375219,"(-0.09641224417987024, -1.0096870100926552, -0.0016789823888440497)",-0.003280599530954773,2.2836130507825496,-0.09506914158032242,0.011296115251991916,0.27338767225222044,False,,
7,896,0.1519560951903843,2.4842966932234485,0.0076114247188929784,2.498066809652751,0.2963007656618757,2.4705265767941453,0.19279161287728266,2.912353302207871,0.33713628334877405,2.898583185778568,0.048446942405791324,2.9261234186371743,0.17237385403383348,2.69832499771566,-1.6659059733408859,"(-0.09674588093154451, -1.0148036095645017, 0.008752584929561616)",-0.0032722922323742518,2.279367478857374,-0.0951096465459893,0.010749771977994923,0.27279465339982456,False,,
7,897,0.15154453055377898,2.4800698571081377,0.007200384754923128,2.4938454722885437,0.2958886763526348,2.4662942419277316,0.19239635488187912,2.908124910166814,0.336740500680735,2.894349294986408,0.04805220908302327,2.92190052534722,0.17197044271782905,2.6940973836374758,-1.6659440680005495,"(-0.09681871584106734, -1.014627378764203, -0.03264389993332247)",-0.003261709376377573,2.2751226122764736,-0.09514774120565295,0.010201586942339386,0.27220257131907205,False,,
7,898,0.15113291803078405,2.475848519760994,0.00678932079808886,2.4896298817374265,0.2954765152634792,2.462067157784561,0.19200178458158434,2.9039019460372626,0.3363453818142796,2.89012058406083,0.04765818734888923,2.9176833080136952,0.1715673513061842,2.689875232899128,-1.6659838812324221,"(-0.09674193879476163, -1.0133161772034405, 0.04358794690430727)",-0.003230227343250736,2.27088323641168,-0.09518755443752558,0.009654860798729832,0.27160996896306033,False,,
7,899,0.1507213924756282,2.4716279082000243,0.0063783376342832765,2.4854149499084,0.2950644473169732,2.4578408664916487,0.1916071023694319,2.8996797260053917,0.3359501572107768,2.885892684297016,0.04726404752808698,2.9134667677137673,0.17116424742253006,2.685653817102708,-1.6660232299996856,"(-0.09674493207699215, -1.0131397911408204, 0.002172291800847578)",-0.0032175724335580694,2.2666445979242114,-0.09522690320478899,0.009107844491349944,0.2710176127622206,False,,
7,900,0.15030990809999234,2.4674145625457937,0.005967421582412091,2.481207553009147,0.2946523946175726,2.4536215720824406,0.19121325912924653,2.895464694977239,0.33555574564682683,2.8816717045138858,0.04687077261166632,2.909257685440592,0.17076158361461943,2.6814396287615163,-1.6660644426974096,"(-0.09663931389855063, -1.0114052018859843, 0.009866431015662869)",-0.003183517520678695,2.262413219477566,-0.09526811590251305,0.008562542120159737,0.27042482402140455,False,,
7,901,0.14988146423491489,2.463183720151005,0.005538162851709549,2.4769681804522694,0.2942247656181202,2.4493992598497405,0.19075951892142323,2.8912362690805105,0.3351028203046287,2.877451808779246,0.04641621753821791,2.905020729381775,0.17032049157816906,2.6772099946157577,-1.6660053461817947,"(-0.10586208874809307, -1.0151121949820805, -0.040786083282499004)",-0.0031689455982865868,2.258163264707564,-0.09520901938689819,0.007904127388363803,0.26983450007211357,False,,
7,902,0.14945321665752595,2.4589535608084283,0.005109081754394423,2.4727292901563276,0.29379735156065745,2.4451778314605295,0.19030537955129576,2.887008581555646,0.33464951445442725,2.873232852207747,0.04596124464816427,2.900784310903545,0.16987929810441085,2.672981071182037,-1.6659448589401262,"(-0.10588643370196987, -1.0149416240928797, -0.08217174064555287)",-0.003160390526333636,2.2539140140303027,-0.09514853214522967,0.007244753490439794,0.2692448219998236,False,,
7,903,0.1490416203528177,2.454727791616343,0.0046980189778091375,2.4685091102068344,0.2933852217278263,2.4409464730258517,0.18991035824186164,2.8827812301767133,0.3342539596168702,2.8689999115862217,0.04556675686685309,2.896562548767205,0.16947598929733967,2.668754510896528,-1.665983580658366,"(-0.09679411369708198, -1.0143744685222469, 0.03807301002641683)",-0.003157982776656241,2.249670256515869,-0.09518725386346949,0.006697080411795309,0.2686525304250865,False,,
7,904,0.14863014156811807,2.4505027259530983,0.004287060306470775,2.464289491052043,0.29297322282976535,2.4367159608541535,0.18951503117188465,2.8785546221083282,0.333858112433532,2.8647678570093835,0.04517194991023739,2.892341387207273,0.16907258637000136,2.6645286740307133,-1.6660213136663635,"(-0.09681670256119608, -1.0142008477955702, -0.0033312663382208006)",-0.0031520834202756454,2.245427216363475,-0.09522498687146697,0.00614869458941217,0.2680606664105051,False,,
7,905,0.1482186646408484,2.4462822045400427,0.003876129409806972,2.4600746852116098,0.29256119987188983,2.4324897238684757,0.18912050387377136,2.8743324814320967,0.33346303910481284,2.8605400007605297,0.04477796864272997,2.8881249621036638,0.16866958425730988,2.6603073429860697,-1.6660609108772755,"(-0.09672050704595378, -1.0131194507144152, 0.05541129053213304)",-0.0031203896727766437,2.2411887182676944,-0.09526458408237892,0.005601967373611833,0.26746831411695005,False,,
7,906,0.1478072557781899,2.442062401639419,0.0034652640273652446,2.4558605688149853,0.29214924752901456,2.428264234463853,0.1887259584367653,2.87011106683152,0.33306795018758995,2.8563128996559537,0.04438396668594066,2.8839092340070858,0.1682666071074776,2.6560867342354695,-1.666100306850851,"(-0.09671451595974777, -1.012946100144114, 0.013979396712924799)",-0.003112051428760363,2.2369509493220923,-0.09530398005595453,0.005055157157434291,0.266876111822677,False,,
7,907,0.1474601562028515,2.4378685411517877,0.0031157922642754132,2.4516418704213536,0.2918045201414276,2.424095211882222,0.1883052016229431,2.865924241107565,0.33264956556151926,2.8521509118379993,0.043960837684366996,2.879697570377131,0.1678826789128973,2.6518963911296765,-1.6659282314794346,"(-0.09214276669927432, -1.0056823453903236, 0.013768908776629306)",-0.003101335702496429,2.232743320294826,-0.09513190468453803,0.0044113940585891135,0.2664306176156916,False,,
7,908,0.14703559943126257,2.433653184392717,0.002690062731088988,2.4474142175929834,0.2913811361314362,2.419892151192451,0.18784418064584504,2.861712362193232,0.33218971734601865,2.847951328992966,0.043498643945671475,2.8754733953934983,0.1674398900385538,2.6476827732929746,-1.6658430461697653,"(-0.10626932984243764, -1.0112682808084115, -0.03396310794658648)",-0.0031119212736314197,2.228509132123982,-0.09504671937486875,0.0037352920352352868,0.26585267543479707,False,,
7,909,0.14661122915811964,2.429438572119092,0.002264505636344699,2.4431871505375415,0.2909579526798946,2.4156899937006417,0.18738287550248817,2.8575012694595276,0.33172959902426313,2.843752691041078,0.04303615198071323,2.8712498478779778,0.1669970523303039,2.6434699207893098,-1.6657567620290057,"(-0.10628104997997596, -1.011084600879598, -0.07533837083136685)",-0.003127111469874289,2.2242757086128706,-0.09496043523410913,0.0030584752139263126,0.26527529004493533,False,,
7,910,0.14620061074395987,2.425213660375805,0.0018544130910826406,2.4389677587888774,0.2905468083968371,2.411459561962732,0.1869886267275548,2.853274798242958,0.33133482438043205,2.8395206998298854,0.04264242907467762,2.8670288966560307,0.16659461873575734,2.6392442293093814,-1.6657950033173596,"(-0.09658406269117478, -1.0141659551828193, 0.0425953469012659)",-0.0031475102688916425,2.2200329231111593,-0.09499867652246308,0.0025117602884249116,0.26468450496061896,False,,
7,911,0.1457900980786194,2.4209894417197244,0.0014444141430242086,2.434748930415357,0.2901357820142145,2.4072299530240913,0.18659409903808236,2.84904905614942,0.3309397829736776,2.8352895674537875,0.042248415102487225,2.8628085448450533,0.16619209855835088,2.6350192489345723,-1.6658323461240216,"(-0.09660484257755278, -1.0139952899541913, 0.001181247160369281)",-0.003163184383301803,2.215790843941249,-0.09503601932912509,0.001964396105288487,0.2640941070557198,False,,
7,912,0.145379418462848,2.416770933741395,0.0010342835599046196,2.430536180918655,0.2897245533657914,2.4030056865641343,0.1862004962988618,2.8448289200052956,0.33054563120180513,2.8310636728280354,0.04185536139591842,2.8585941671825563,0.1657899573808549,2.6307999268733453,-1.6658722398875296,"(-0.09651388259903722, -1.0126372946945184, 0.042440197485497086)",-0.003145172240673801,2.211554459948582,-0.09507591309263308,0.0014190621464234834,0.26350280084372246,False,,
7,913,0.1449687338496273,2.4125531664341984,0.0006241598456165065,2.4263242940423733,0.2893133078536381,2.398782038826024,0.18580725020490405,2.840609489342645,0.33015182420891487,2.82683836173447,0.04146267620089325,2.8543806169508192,0.16538799202726567,2.6265813278884216,-1.6659129786512057,"(-0.09647168486141545, -1.0124637563816818, 0.0010231063781741198)",-0.003155012089046522,2.2073188226360227,-0.09511665185630913,0.0008744714988636266,0.2629112654070535,False,,
7,914,0.14461293818425874,2.408357787737319,0.0002664256311336044,2.4221085809417304,0.2889594507373839,2.3946069945329076,0.1853911525145821,2.8364198594465866,0.32973766506770724,2.822669066242175,0.04104463996145699,2.850170652650998,0.16500204534942042,2.622388823591953,-1.665772105554137,"(-0.09262720268286335, -1.006201031152524, -0.005231270968197421)",-0.0031605537855223472,2.2031091359248647,-0.09497577875924046,0.000246127701319989,0.2624452560240901,False,,
7,915,0.14420108497632567,2.4041315599947235,-0.00014495381965667908,2.4178873254735604,0.288547123772308,2.3903757945158866,0.18499404467218689,2.8321922267690156,0.32934008346816923,2.8184364612901787,0.04064800587620457,2.8459479922478526,0.16459756482425628,2.6181618933818696,-1.6658065524035748,"(-0.09707532603939391, -1.0144632504199818, -0.009556319624015444)",-0.0031811296128193907,2.1988649925525734,-0.09501022560867822,0.00030570539305843907,0.2618537258177754,False,,
7,916,0.1437895286562301,2.3999059676781505,-0.0005560876057808251,2.4136661662937335,0.28813514491824105,2.3861457690625674,0.1845956348955449,2.8279653814206656,0.3289412511575558,2.8142051828050825,0.04025001863353399,2.8417255800362486,0.1641925817758875,2.613935674549408,-1.6658372643182973,"(-0.09719593160850787, -1.0142925197907804, -0.050934029254158054)",-0.003197163421646863,2.194621510835879,-0.0950409375234007,0.0008604377977615747,0.26126360113109004,False,,
7,917,0.14337840863228737,2.395681942818284,-0.0009666719891857634,2.4094477591900225,0.2877234892537605,2.381916126446546,0.18420117442433934,2.8237397681095495,0.3285462550458125,2.809973951737811,0.03985609380286621,2.837505584481288,0.16378979152831336,2.609710855463917,-1.6658761831765458,"(-0.09666965941779129, -1.0139565805179385, 0.05270111893877073)",-0.0031754119317883227,2.1903796299326372,-0.09507985638164929,0.0014072609251293497,0.26067192930122746,False,,
7,918,0.1429673968973214,2.39145864449712,-0.0013771593113757752,2.405229958628831,0.28731195310601854,2.3776873303654096,0.18380646639135978,2.8195149146332565,0.328151022600057,2.805743600501546,0.03946191018266265,2.833286228764967,0.1633869316443406,2.6054867795651884,-1.6659142708615204,"(-0.096686372153461, -1.0137782156948105, 0.011265567013238074)",-0.003186608611502817,2.1861384892606437,-0.09511794406662388,0.0019546699035626522,0.2600806304825698,False,,
7,919,0.142555843353865,2.38724136130169,-0.001788147927228756,2.401018595459659,0.2868998346349587,2.3734641271437202,0.18341246878784345,2.815295956135278,0.32775646006893727,2.801518721977309,0.039068477506749744,2.8290731902932476,0.16298415607085423,2.601268658718484,-1.6659552841009406,"(-0.09666613763672637, -1.012349003209044, 0.022732807087069956)",-0.0031636233281081413,2.1819033236688483,-0.09515895730604407,0.002500246013505249,0.2594877945581777,False,,
7,920,0.1421382754889767,2.3830151698947075,-0.0022056102726725757,2.3967935095344437,0.286482161250626,2.369236830254971,0.1829981792481946,2.8110694518085637,0.32734206500984386,2.7972911121688275,0.038654293486545324,2.8248477914483003,0.16256822736858564,2.5970423108516356,-1.665962942765226,"(-0.09982288854445963, -1.0143234880436365, -0.02100050386000518)",-0.0031696522471591406,2.177658884662955,-0.0951666159703295,0.0030839653514798076,0.2588952494944167,False,,
7,921,0.1417277626614962,2.378805252449399,-0.002615648089564049,2.392588567462512,0.28607117341255645,2.3650219374362864,0.1826024209762446,2.806858125711164,0.32694583172730485,2.793074810698051,0.03825901022518437,2.820641440724277,0.1621650918188704,2.5928316890802816,-1.6659974117109413,"(-0.09675253193165949, -1.0105492251250014, -0.023248667273478067)",-0.0031743397145756443,2.173431154134203,-0.09520108491604473,0.003633885138294322,0.25830561191864776,False,,
7,922,0.14131556829046435,2.374577152283174,-0.003027344561392087,2.3883656804657387,0.2856584811423208,2.3607886241006097,0.18220568634910408,2.8026285490162657,0.3265485992009605,2.788840020833701,0.037862773497247676,2.81641707719883,0.16176062731978422,2.58860285064972,-1.6660335282085024,"(-0.09707147978068285, -1.0149212233348002, -0.007794459902209734)",-0.003177856628035969,2.1691851783625093,-0.09523720141360581,0.004184719425599958,0.2577131623763821,False,,
7,923,0.14090368427231603,2.370349747599921,-0.003438783379553556,2.384142935489926,0.28524615192418556,2.356556559709916,0.18180762077371054,2.798399824084776,0.32615008842558013,2.784606636194771,0.03746515312184101,2.812193011974781,0.1613556525230133,2.5843747858423485,-1.6660658104628516,"(-0.09719395122501974, -1.0147355537690805, -0.04915219439501919)",-0.0031763340037178917,2.1649399253089117,-0.09526948366795507,0.004738522005013357,0.25712216325853476,False,,
7,924,0.1404918231274752,2.3661284521745443,-0.0038501144501122686,2.379927186042108,0.2848337607050627,2.352329718306981,0.1814122063209388,2.7941769567149763,0.3257541438985263,2.7803782228474128,0.03707026874335134,2.8079756905825395,0.160952014724207,2.5801527044447603,-1.6661042328885665,"(-0.09687307171350666, -1.0132995354212102, 0.05448951871871022)",-0.003167553104202879,2.1607007785999146,-0.0953079060936699,0.005286836908147528,0.25652957809616767,False,,
7,925,0.1400800787097561,2.361907806801986,-0.004261342822880099,2.375711937703199,0.2844215002423924,2.348103675900773,0.18101646689955983,2.789954781002218,0.32535788843219604,2.776150650101005,0.036675045366923606,2.8037589119034307,0.16054827280465797,2.575931293902102,-1.6661416235692457,"(-0.09689806069176986, -1.013138530238035, 0.013028580228395256)",-0.003161542207770986,2.156462296778375,-0.09534529677434911,0.00583590387168987,0.25593743065587693,False,,
7,926,0.13966792616199802,2.35769284857463,-0.004672932248647482,2.371502866434067,0.2840087845726435,2.3438828307151924,0.18062177222791548,2.7857381528268887,0.324962630638561,2.7719281349674514,0.036280913817270014,2.799548170686326,0.16014484919495675,2.5717155007007593,-1.666182408602707,"(-0.09682166632829245, -1.0117903683222473, 0.03367934872828758)",-0.003134848540864524,2.152229472295415,-0.0953860818078105,0.006382532571656963,0.25534381184527716,False,,
7,927,0.1392464994644143,2.353465602661508,-0.005094656349612231,2.3672725117388835,0.2835876552784409,2.3396586935841324,0.18019112638352808,2.781511788868621,0.3245322821975546,2.767704879791246,0.03584997056950155,2.795318697945997,0.1597188129239712,2.5674886957650647,-1.6661608708420679,"(-0.10224870503653438, -1.0144331845667522, -0.017171141315438183)",-0.003125835143569841,2.1479837935622688,-0.09536454404717132,0.006997650444677116,0.25475350697661076,False,,
7,928,0.13883532958515737,2.3492578461327476,-0.005505317608077709,2.3630700714363706,0.28317597677839246,2.3354456208291245,0.17979572186486675,2.777302524016134,0.32413636905810184,2.763490298712511,0.03545507467163171,2.7911147493197572,0.15931552572501206,2.563280185074441,-1.6661977018871243,"(-0.09678892775018985, -1.010042565749657, -0.006177859278786231)",-0.003118816128190599,2.143758237530889,-0.09540137509222779,0.0075464027324303375,0.2541623205054471,False,,
7,929,0.13842246547144127,2.345029687955772,-0.005917649965018951,2.358847469101431,0.2827625809079015,2.3312119068101134,0.17939933369649835,2.773072788905275,0.3237394491329586,2.759255007759616,0.03505921826003815,2.7868905700509337,0.1589108995839698,2.5590512384305235,-1.6662361931394305,"(-0.09711027385014204, -1.0149471945402024, 0.010833297808940497)",-0.003110033020521033,2.1395122218392943,-0.09543986634453394,0.008096076370685835,0.25356830100397193,False,,
7,930,0.13800979773622812,2.3408022182045465,-0.006329815473931105,2.3546252445859737,0.2823494109463873,2.3269791918231193,0.17900222079839095,2.7688438297932945,0.3233418340085502,2.7550208034118673,0.03466260758823175,2.7826668561747216,0.15850600926730954,2.5548230239989205,-1.6662725326205035,"(-0.09717367599846541, -1.0147714635847382, -0.030565060870225303)",-0.0030991837391600658,2.135266914785271,-0.0954762058256069,0.008647384490875888,0.2529751270206221,False,,
7,931,0.13759709886523647,2.3365811621542103,-0.006741986660150356,2.350409697495853,0.2819361843906233,2.322752626812567,0.17860585884390218,2.7646212088846673,0.322944944369289,2.7507926735430246,0.034266773318515395,2.7784497442263105,0.15810147885456932,2.550601185519439,-1.6663106993452361,"(-0.09708729905764975, -1.0132412350755995, 0.040902189417791696)",-0.003073937509752617,2.1310280150306053,-0.09551437255033957,0.009197113606307606,0.25238142799831004,False,,
7,932,0.13718447296496253,2.3323607978925756,-0.007154088736251674,2.3461947997006125,0.2815230346661768,2.318526796084538,0.17820944384396933,2.7603992912134174,0.32254800554518354,2.7465652894053805,0.03387088214275513,2.774233293021455,0.15769695840446593,2.5463800445529965,-1.666348571805719,"(-0.097084908024817, -1.0130738319461243, -0.0005343756870127321)",-0.003060799656787995,2.1267898194353583,-0.09555224501082238,0.009747001386316794,0.2517879103595262,False,,
7,933,0.13677213787495598,2.328147887062644,-0.007565879596465097,2.341987565975818,0.28111015534637707,2.3143082081494706,0.17781394430712602,2.7561847664606516,0.3221519617785471,2.742345087547478,0.03347592683570495,2.770024445373825,0.157293041091041,2.542166326761648,-1.6663879037470353,"(-0.09694015522198547, -1.0112922699236329, 0.006710175939196324)",-0.0030299725283443623,2.122559089676146,-0.09559157695213871,0.010295181667488924,0.2511944200080228,False,,
7,934,0.13634735180133298,2.3239227660453228,-0.00799119524716499,2.337756920733215,0.2806858988498309,2.310088611357431,0.17737277604818555,2.7519612159132825,0.3217113230966836,2.73812706122539,0.03303422899968762,2.7657953706011744,0.15686006392475926,2.5379419909793026,-1.6663496309811807,"(-0.10391451990761924, -1.0138405877629033, -0.03884779321601386)",-0.0030150283441469487,2.118315382833242,-0.09555330418628416,0.010929917170544484,0.2506037726101735,False,,
7,935,0.135946615319209,2.319711502137086,-0.00839219860932261,2.3335428720513325,0.28028542924774064,2.30588013222284,0.17696378127180093,2.747750743442387,0.32130259520033255,2.7339193735281406,0.032624967343269334,2.761582113356633,0.15645519829550497,2.5337311227897366,-1.6663303376522094,"(-0.09716775102103138, -1.0106083654958937, -0.0022560279695497953)",-0.0030024182626070704,2.114087061704477,-0.09553401085731283,0.011513779549307584,0.25004213503167066,False,,
7,936,0.13553359643818447,2.3154846660434245,-0.008804706502097859,2.3293213673959605,0.2798718993784668,2.301647964690888,0.1765665728629468,2.7435223920042615,0.3209048758032292,2.7296856906517255,0.03222826992266452,2.757359093356798,0.15605008465056563,2.529503529023843,-1.666367274686549,"(-0.09722727478544381, -1.0146225038144914, 0.018521405434467085)",-0.002995427563437427,2.109842419401852,-0.09557094789165244,0.012065054370996163,0.24944830847374885,False,,
7,937,0.13512076225207834,2.3112585200112554,-0.00921705681005941,2.325100268036183,0.2794585813142161,2.297416771986328,0.17616870467082876,2.7392948110231123,0.3205065237329665,2.725453062998185,0.03183088560869102,2.75313655904804,0.15564473346145355,2.525276665517184,-1.6664022389389146,"(-0.09728428538689869, -1.01444724159814, -0.022885601987851053)",-0.0029865253854598583,2.105598486965517,-0.09560591214401803,0.01261782106371752,0.2488552635710714,False,,
7,938,0.1347079031507344,2.3070412341590387,-0.009629406758174336,2.3208882904620807,0.27904521305964314,2.2931941778559963,0.17577158735975618,2.7350760152682163,0.320108897268665,2.721228958965174,0.03143427745084747,2.7489230715712587,0.15523974525524528,2.5210586247136275,-1.6664390157692088,"(-0.09719716948998355, -1.0123297928535278, 0.04335408114838914)",-0.0029911361560169027,2.1013634043007725,-0.09564268897431227,0.013169013023656011,0.24826170635074016,False,,
7,939,0.13429504668404763,2.3028245379320595,-0.010041745670066882,2.3166769880014595,0.27863183903816213,2.2889720878626596,0.17537472620019912,2.7308577842235713,0.3197115185543137,2.7170053341541713,0.031037933846084637,2.7447102342929712,0.15483488644212337,2.5168411610778154,-1.6664763850123434,"(-0.09716611514926148, -1.0121912725949176, 0.0018662527339206062)",-0.0029770000322858294,2.097128919769695,-0.09568005821744685,0.013719675348586114,0.247667997355994,False,,
7,940,0.13391588182144135,2.2986000533702287,-0.010420224677331197,2.3124596479088506,0.2782519883202139,2.284740458831607,0.17501674838425033,2.7266312657458993,0.3193528548830229,2.7127716712072774,0.03068064188547781,2.740490860284521,0.15446631510284584,2.512615659558064,-1.6665258837304333,"(-0.08845712142661076, -1.0141203647403547, -0.0336026685521865)",-0.0029618924735091245,2.0928888279940088,-0.09572955693553675,0.014211915220146885,0.2471187403961766,False,,
7,941,0.13350252322289416,2.294370628601469,-0.010833091884539514,2.308235339617525,0.27783813833032783,2.2805059175854123,0.17461856278775087,2.7224003837476514,0.31895417789518454,2.7085356727315952,0.030282947680317238,2.736265094763708,0.15406054300532251,2.50838550617456,-1.6665613321450248,"(-0.09738530340559653, -1.0152368120409263, -0.015068039447039758)",-0.0029458077968000144,2.0886416258140987,-0.09576500535012822,0.014764995038191687,0.24652482873559983,False,,
7,942,0.13308943822176353,2.290141871396028,-0.011245730724389807,2.304011226293981,0.2774246071679169,2.276272516498075,0.17421924929845126,2.7181703034432414,0.3185544182446046,2.7043009485452885,0.02988408035229792,2.7320396583411943,0.1536543437601074,2.5041560874196347,-1.6665935063874673,"(-0.09748781885163103, -1.015060501182132, -0.056449866085175)",-0.0029286177444807935,2.0843951169826593,-0.09579717959257072,0.015320596975626068,0.24593216707340368,False,,
7,943,0.13267565402070108,2.285917478381397,-0.011659018665301224,2.2997919967739247,0.2770103267067034,2.2720429599888696,0.1738207775295758,2.713944438760576,0.3181554502155781,2.7000699203680485,0.02948610484357353,2.7278189571531035,0.15324821577513845,2.4999309585709866,-1.6666292807831917,"(-0.09747071639254677, -1.0140309236755893, 0.04528785355082876)",-0.002902839624524245,2.0801529285653975,-0.09583295398829517,0.015873989795711325,0.24533756869884465,False,,
7,944,0.132261973984909,2.2816937517772558,-0.012072212781049946,2.295573324198958,0.276596160750868,2.2678141793555535,0.17342208530443956,2.7097192711521685,0.31775627207039847,2.6958396987304662,0.029087898538480594,2.7235988435738707,0.15284202964467428,2.495706511464712,-1.6666642968856125,"(-0.09748467131139785, -1.0138673055058436, 0.003836163502623249)",-0.002884650139641601,2.0759114217411363,-0.0958679700907159,0.01642790930681688,0.24474331793196039,False,,
7,945,0.1318481866624237,2.277474575514195,-0.012485475572030807,2.2913596014770947,0.2761818488968782,2.2635895495512957,0.1730244705524014,2.705498539381888,0.317358132786856,2.6916135134189885,0.02869080831794693,2.7193835653447875,0.15243632860741255,2.4914865574480416,-1.6667020810809465,"(-0.09736824894281594, -1.0127889640009213, 0.035808011528107024)",-0.002842680438953201,2.071674459157078,-0.09590575428604997,0.016979521893844142,0.2441481868966925,False,,
7,946,0.13143437755468795,2.2732561385263685,-0.012898743351770797,2.2871467903973772,0.27576749846114673,2.25936548665536,0.17262734517216205,2.7012784970765567,0.31696046607862083,2.687387845205548,0.028294224265703327,2.7151691489475653,0.152030861363425,2.4872673178014626,-1.6667410596433383,"(-0.09731213855701334, -1.0126175151789214, -0.005601199746408028)",-0.0028247060273102393,2.0674382430365195,-0.09594473284844174,0.017530104715667655,0.24355271111735555,False,,
7,947,0.1310702163760544,2.269058024814158,-0.0132646514277725,2.2829305132733997,0.2754050841798813,2.255185536354916,0.17220932008277165,2.69708556381861,0.3165441878865986,2.6832130753593684,0.027874452278944764,2.710958052277852,0.15163976822941302,2.483071794316384,-1.6666152167203039,"(-0.09386235216287399, -1.0069256364188053, -0.015216677157200702)",-0.00280531814575769,2.063225472693774,-0.09581888992540732,0.018156892863505192,0.24307086074730896,False,,
7,948,0.1306568562414442,2.2648284789984046,-0.013677540379275266,2.2787058689595185,0.2749912528621637,2.2509510890372906,0.171810495436472,2.6928546207012283,0.31614489205719154,2.678977230740114,0.027476098815752553,2.7067320106623423,0.1512336758389581,2.4788415498498164,-1.6666491760119622,"(-0.09746217370918284, -1.0152586719761902, -0.007427486646727696)",-0.002801980785318035,2.0589782155685366,-0.0958528492170656,0.018711298644722412,0.24247734054642953,False,,
7,949,0.13024375537592084,2.260599604825476,-0.01409021270786237,2.2744814511432194,0.27457772345970405,2.246717758507733,0.1714106099733659,2.6886244756946267,0.3157445780571492,2.6747426293768832,0.02707664188958274,2.7025063220123697,0.15082718267464337,2.4746120402600513,-1.6666800512804267,"(-0.0975583594355344, -1.0150823015435766, -0.04881574777958127)",-0.002796466198344855,2.0547316552593484,-0.09588372448553018,0.019268077778168618,0.24188499982740017,False,,
7,950,0.1298301146093704,2.2563755098270586,-0.014503374710368111,2.270262333106301,0.27416360392910893,2.2424886865478157,0.1710117284719521,2.6843989609131795,0.31534521779169067,2.670512137633937,0.026678239152213595,2.6982857841924224,0.15042092154066125,2.470387235370119,-1.6667145335982039,"(-0.09750267215571252, -1.0139531735837524, 0.050220599839743946)",-0.002768463360414234,2.050489840472134,-0.09591820680330732,0.01982241645125413,0.24129094596082531,False,,
7,951,0.12941660187837845,2.252152121937667,-0.014916423291721936,2.26604376853723,0.2737496270484788,2.238260475338103,0.17061251938053246,2.680174196580033,0.31494554455063284,2.66628254998047,0.02627949421043209,2.694065843179597,0.15001456062945545,2.46616315925885,-1.6667479515395192,"(-0.09752661868939047, -1.0137782667046085, 0.008786757496819377)",-0.002761297175410602,2.046248749780012,-0.0959516247446226,0.020377519914423936,0.2406973540039075,False,,
7,952,0.12900279778443793,2.2479354171078447,-0.015329726032581203,2.2618322717379256,0.27333532160145707,2.2340385624777634,0.17021415979088503,2.6759560049790045,0.31454668360790417,2.6620591503489237,0.02588163597386592,2.689852859609086,0.14960847878766148,2.4619457110434246,-1.6667840350315406,"(-0.09745964203055289, -1.0121875717020998, 0.030270581373874166)",-0.0027378443734561936,2.0420143207477115,-0.09598770823664404,0.02093066790092023,0.24010264851149477,False,,
7,953,0.12858431208389753,2.2437110670334564,-0.015748052686324926,2.2576095734221093,0.27291667685412,2.2298125606448034,0.16980057240886887,2.671731183248599,0.3141329371790914,2.657832676859946,0.025468207638646434,2.685629689637252,0.1491924422463832,2.4577211251410276,-1.6667954791568043,"(-0.09984876990678589, -1.013900616575248, -0.01430460465257459)",-0.0027283142879026023,2.037771976814003,-0.0959991523619077,0.02151232442301269,0.2395078113185187,False,,
7,954,0.12817401624760072,2.239496351797124,-0.016158156304973137,2.2533968541712843,0.27250618880017463,2.2255958494229633,0.1693961957020078,2.6675158979875153,0.31372836825458167,2.653615395613355,0.025064023149433956,2.681416400361676,0.14878510597480427,2.4535061248923196,-1.6668093082577107,"(-0.0977607051789421, -1.011600059689963, -0.0270718474646182)",-0.002719562471110043,2.0335397759569087,-0.09601298146281412,0.022080280171554053,0.23892392834154091,False,,
7,955,0.12775509965616658,2.23527256560242,-0.016576856103799276,2.249175318801095,0.27208705541613243,2.2213698124037453,0.16898395396947793,2.663291468890595,0.3133159097294438,2.64938871569192,0.02465199820951211,2.6771942220892697,0.14836952681282226,2.4492820172465075,-1.6668249030219604,"(-0.09973899887568251, -1.0137858349948499, -0.008385242392664055)",-0.0027100079199895593,2.029297989569291,-0.09602857622706384,0.022658859118694176,0.23832738890267105,False,,
7,956,0.1273365224654775,2.231049431609539,-0.016995273671318256,2.244953841842498,0.27166831860227325,2.2171450213765795,0.1685702907425295,2.65906786153245,0.31290208687932525,2.645163451299491,0.02423849460573374,2.67297227176541,0.1479534066040035,2.4450586465709945,-1.666836383744938,"(-0.09986885011650422, -1.0136089621231597, -0.04976588277553575)",-0.002700074635409905,2.0250568868461056,-0.09604005695004147,0.023240612653457286,0.23773241289015154,False,,
7,957,0.1269251772563217,2.226829895027265,-0.017406282623646685,2.2407377952611998,0.27125663713629006,2.212921994793331,0.16816929519143753,2.6548473277747577,0.31250075507140596,2.640939427540823,0.0238378353114692,2.668755228008692,0.1475472362238796,2.4408386114010114,-1.6668605641759566,"(-0.09748089122973137, -1.01280844079589, 0.05324905446378464)",-0.002721094356290785,2.020819840088977,-0.09606423738106007,0.02380085757043834,0.2371443204230014,False,,
7,958,0.12651397648281704,2.2226112250453776,-0.01781716122922858,2.2365224682229843,0.2708451141948627,2.208699981867771,0.16776800797503005,2.6506277023983404,0.31209914568707575,2.6367164592207337,0.023436870262984466,2.664538945575947,0.14714099222892355,2.436619463721859,-1.6668837257750002,"(-0.09749855878945676, -1.0125954429966089, 0.012013706218520114)",-0.002707366661424606,2.0165836777639927,-0.09608739898010366,0.024361803409515694,0.2365567007391101,False,,
7,959,0.12609989969883617,2.2183961751093904,-0.018230739684619773,2.2323125875480465,0.27043053908229214,2.204479762670734,0.16736926072381642,2.6464111746603285,0.3116999001072724,2.6324947622216723,0.023038621340360485,2.6603275870989846,0.1467345802113263,2.4324036748848594,-1.6669195411233353,"(-0.09753888422334098, -1.0117893208799027, 0.03545307661646249)",-0.0026833482000064098,2.012350958679446,-0.09612321432843873,0.024915576650870054,0.23596168234657455,False,,
7,960,0.1256822824920124,2.214176029266359,-0.018648067385811706,2.2280954439144276,0.2700126323698365,2.20025661461829,0.16696054662076854,2.6421901702833543,0.31129089649859265,2.6282707556352856,0.022630196742944447,2.656109584931423,0.14632141455639047,2.4281830997748566,-1.6669403420595503,"(-0.09915975718459451, -1.0129380264006478, -0.008163370991149279)",-0.0026689943385949278,2.0081129431429576,-0.09614401526465377,0.02548769400034258,0.23536561057093364,False,,
7,961,0.12526861353504853,2.209966834021932,-0.019061289018638683,2.2238908861923004,0.26959851608873575,2.1960427818515638,0.16656063031614066,2.6379796484914877,0.31089053286982793,2.6240555963211194,0.022230727762453453,2.651903700661856,0.1459146219255946,2.42397324125671,-1.6669724734130005,"(-0.09763023139101053, -1.0103660443552278, -0.01442271411691759)",-0.0026540220761757686,2.003886115208323,-0.09617614661810392,0.026044163424188763,0.23477213969315874,False,,
7,962,0.12485401989062828,2.2057387591468745,-0.019475435486169645,2.219667445755341,0.2691834752674262,2.1918100725384075,0.16615978017780564,2.6337502475056542,0.3104892355546036,2.6198215608971878,0.02183032480100773,2.647678934114121,0.14550690003421696,2.4197445033262643,-1.6670045834968816,"(-0.09785325393063511, -1.0148971033069805, 0.008583733538603602)",-0.002638754253921764,1.9996403979325772,-0.09620825670198507,0.026601959747285502,0.23417736716063756,False,,
7,963,0.12443963870704895,2.201511376010922,-0.01988940172391926,2.21544436163052,0.26876867913801716,2.1875783903913235,0.16575814778585768,2.6295216338406897,0.3100871882168259,2.6155886482210913,0.02142910735488948,2.643454619460288,0.1450988932464533,2.415516504925806,-1.6670343696365146,"(-0.0979216290632729, -1.0147196161100254, -0.03281490242182723)",-0.0026220478318172125,1.9953953955200099,-0.09623804284161808,0.027161520131605586,0.23358350729915026,False,,
7,964,0.12402500920365535,2.1972901738278043,-0.02030357167640437,2.2112279190237834,0.26835359008371507,2.183352428631825,0.16535763288828392,2.6252990688514295,0.3096862137683437,2.61136132365545,0.021029052008224233,2.639236814047409,0.14469132104596963,2.411294621339617,-1.6670673469496309,"(-0.09781732811608308, -1.0132520606853679, 0.0440330574970938)",-0.002595663750128005,1.9911565578578978,-0.09627102015473432,0.027718597444679097,0.2329884566460526,False,,
7,965,0.12361047211740245,2.1930696642368055,-0.020717656509040866,2.2070120918299057,0.26793860074384573,2.1791272366437053,0.16495698153142346,2.621077218094534,0.30928511015786675,2.607134790501434,0.02062885290498019,2.6350196456876342,0.14428372682441296,2.40707344116567,-1.6670997896191833,"(-0.09782261317360468, -1.0130832417473066, 0.00260203384725071)",-0.0025784101573459654,1.9869184286309702,-0.0963034628242867,0.028276019260291652,0.23239367789064233,False,,
7,966,0.12319602718910562,2.1888560412052693,-0.021131627460384828,2.2028033744047524,0.2675236818385961,2.1749087080057863,0.16455708426343488,2.6168621894761723,0.3088847389129254,2.6029148562766893,0.020229429613944458,2.6308095226756554,0.14387655572627026,2.402859115340721,-1.6671337789356409,"(-0.09772106355424517, -1.0114381979877654, 0.009179469991540026)",-0.002555470844482334,1.9826871898839136,-0.0963374521407443,0.028831937298612477,0.23179862285319663,False,,
7,967,0.1227660238092329,2.18462769654977,-0.021562408537141642,2.1985669797608245,0.26709445615560745,2.1706884133387154,0.16410320850408422,2.612636151094191,0.30843164085045877,2.598696867883137,0.0197747761577097,2.626575434305246,0.14343461615665856,2.3986319238219806,-1.6670780032995869,"(-0.10606549670680473, -1.0145259644975904, -0.03790955098671742)",-0.002536967644408633,1.978440304023192,-0.09628167650469033,0.029489589387864945,0.2312051916448559,False,,
7,968,0.12236339941533653,2.1804147555776656,-0.02196539245835602,2.1943503157128137,0.26669219128902905,2.1664791954425175,0.16368954326439644,2.6084242763065473,0.308018335138089,2.594488716171399,0.019360751390703937,2.6223598364416953,0.14302647133986648,2.3944195159421064,-1.6670522074726073,"(-0.0979547560300977, -1.0109778911697962, -0.0059926690478979)",-0.0025224797951021423,1.974210503090962,-0.09625588067771074,0.030081893331269437,0.230642589667366,False,,
7,969,0.12194879160425957,2.176188146328238,-0.02237957294841106,2.190128131462786,0.2662771561569302,2.1622481611936903,0.16328805786533201,2.604196399829261,0.3076164224180027,2.5902564146947133,0.018959693312661424,2.618136384963809,0.1426184247347958,2.3901922730787497,-1.6670828666771391,"(-0.09793118521696606, -1.0145382872056283, 0.018188901543148506)",-0.0025147444336609285,1.9699663282745248,-0.09628653988224256,0.030640999146842502,0.23004818011841324,False,,
7,970,0.12153436738916155,2.1719622322675742,-0.022793596252977666,2.185906367626689,0.2658623310313008,2.1580180969084592,0.16288594121274363,2.5999692968615045,0.307213904854883,2.5860251615023895,0.018557977570604428,2.6139134322206194,0.1422101543009526,2.3859657645645393,-1.6671116221497309,"(-0.09798490412236979, -1.0143620434104441, -0.0232181793829042)",-0.002505171019404217,1.965722870422239,-0.0963152953548343,0.031201536525065906,0.22945453169874347,False,,
7,971,0.12112138635976877,2.167745664570919,-0.023206220490976648,2.1816934923851945,0.2654489932105142,2.1537978367566444,0.16248391022279152,2.5957516710938195,0.30681151707353693,2.5818038432795443,0.01815630337204613,2.6096994989080944,0.14180264829128014,2.3817486678323694,-1.6671372059633653,"(-0.09780144232139157, -1.0121032157208254, 0.04288236573889567)",-0.002528050490439226,1.9614888420227994,-0.09634087916846878,0.03176285027773299,0.2288637593777719,False,,
7,972,0.12070844633533778,2.1635298626474637,-0.02361879863723282,2.177481434552721,0.2650356913079084,2.149578290742206,0.1620820733647227,2.5915347960143973,0.30640931833729335,2.5775832241091394,0.017754828392152103,2.605486367919655,0.14139525985003024,2.3775323293309305,-1.667163147609305,"(-0.09777322589997989, -1.0119212403453508, 0.0015707812677367705)",-0.0025131209948014302,1.957255592218888,-0.0963668208144084,0.03232378840298809,0.22827295115697627,False,,
7,973,0.12033303951881173,2.159301611302623,-0.02399332131777923,2.1732623264585933,0.2646594003554027,2.1453408961466525,0.16173378101582697,2.587303922749065,0.3060601418524179,2.5733432075930947,0.01740742017923602,2.6012646379050355,0.14103341026731936,2.373302767025844,-1.667226498632992,"(-0.08684389985060938, -1.0150949532207203, -0.03549573081745908)",-0.002498362494272252,1.9530122406751163,-0.09643017183809555,0.032798420041368716,0.2277253783761766,False,,
7,974,0.11991815466614478,2.155072289592625,-0.02440779617035274,2.16903724269462,0.2642441055026423,2.141107336490631,0.1613314638651628,2.5830733851767214,0.3056574147016603,2.5691084320747266,0.01700551302866532,2.5970383382787157,0.1406248092656538,2.3690728373846732,-1.6672558623058436,"(-0.09806424039973868, -1.0151831138809668, -0.014879483420706621)",-0.002481914154516116,1.9487653977735828,-0.09645953551094699,0.033359069874153977,0.22713092027896706,False,,
7,975,0.11950354542750578,2.1508436334218644,-0.02482204090703355,2.1648123530908756,0.26382913176204514,2.1368749137528535,0.16092802444595253,2.5788436480691193,0.3052536107804919,2.564874928400108,0.01660243811141321,2.59281236773813,0.14021578493672915,2.364843640745492,-1.667281959980939,"(-0.09816583894191477, -1.0150071934035778, -0.05626591654959974)",-0.002465149131344007,1.9445192482369333,-0.09648563318604242,0.03392223094232554,0.22653771172283946,False,,
7,976,0.11908897728164537,2.1466200642712763,-0.02523620183759845,2.1605929906719332,0.26341415640088917,2.1326471378706193,0.16052593143531763,2.574618871314551,0.3048511105545615,2.560645944913894,0.01620075231607382,2.5885917977152078,0.1398074543584815,2.3606194677929135,-1.6673111075332685,"(-0.09799933877943755, -1.0138015086187997, 0.04149453386007784)",-0.002446691735189051,1.940278190839672,-0.09651478073837194,0.034482625309179074,0.22594375909448527,False,,
7,977,0.118674546032394,2.1423972164482925,-0.025650241572201415,2.1563741861802623,0.2629993336369894,2.1284202467163222,0.16012349075478802,2.570394862448127,0.3044482783593835,2.556417892716157,0.015798703150192633,2.5843718321800973,0.139399018393591,2.3563960394482097,-1.6673391229968335,"(-0.09802463157371663, -1.0136228027289313, 9.417269923468817e-05)",-0.002429351113242407,1.9360378741163882,-0.09654279620193695,0.03504383179152584,0.225350298299195,False,,
7,978,0.11825926699353953,2.1381783588544407,-0.02606506814004894,2.152159999968689,0.26258360212712806,2.1241967177401926,0.15972206478062015,2.5661746630437032,0.3040463999142086,2.552193021929455,0.015397729647031677,2.5801563041579514,0.13899066588707984,2.352176510949072,-1.6673714901991539,"(-0.09800460156267861, -1.012686839793064, 0.03947944499292306)",-0.002399777729354824,1.9318015006165756,-0.09657516340425731,0.035602372483976644,0.22475449397533942,False,,
7,979,0.11784397283177328,2.133960222356718,-0.026479894373715618,2.1479466927782496,0.26216784003726223,2.119973751935186,0.15932109201286804,2.561955138897133,0.303644959218357,2.5479686684756016,0.01499722480737914,2.575941609318665,0.13858253242232066,2.3479576806269256,-1.6674049517433052,"(-0.09795203154220133, -1.0125192773151672, -0.001934441384459049)",-0.0023825010969111484,1.927565858574925,-0.0966086249484086,0.0361599629463745,0.22415838082477157,False,,
7,980,0.1174924757635563,2.129767728992465,-0.026833848374385127,2.143728823535153,0.2618187999014977,2.1158066344497772,0.15889434233842353,2.557769931608429,0.303220666476365,2.543808837065741,0.014568018200482147,2.5717310261511166,0.13819340905098992,2.343768830300447,-1.6672291273057,"(-0.09338960911937828, -1.005324078354834, -0.002488848275146685)",-0.0023642785858897838,1.9233597206819986,-0.0964328005108035,0.036813209465161194,0.22370755601710648,False,,
7,981,0.1170774486926209,2.1255389008326238,-0.027248504675216778,2.1395038277735265,0.2614034020604586,2.1115739738917214,0.15849068031046978,2.553540003923453,0.30281663367830747,2.5395750769825503,0.014164726942632141,2.5675049308643554,0.13778406450154534,2.3395394523780384,-1.6672556810418953,"(-0.09824269186669891, -1.0150507013780452, -0.010599827112450923)",-0.0023688083638451437,1.9191134436492883,-0.0964593542469987,0.037376556169156624,0.22311363624136202,False,,
7,982,0.11666270029539383,2.121310758015622,-0.027662928517103558,2.135279038793055,0.2609883291078912,2.107342477238189,0.1580858777732992,2.549310898631994,0.30241150658579663,2.5353426178545604,0.013760248960801816,2.563279179409427,0.1373742890343465,2.335310828323808,-1.6672789189989172,"(-0.09834611212772051, -1.014869773015267, -0.05196717985775359)",-0.002369494118638796,1.914867880389262,-0.09648259220402067,0.03794245395289955,0.2225209833684328,False,,
7,983,0.11624775802874163,2.1170870544182736,-0.028077460794405734,2.1310595707145827,0.260572976851889,2.103114538121965,0.1576834960108988,2.5450859792041594,0.30200871483404623,2.53111346290785,0.013358277187751441,2.559058495500468,0.1369656270198202,2.3310865168112165,-1.6673082660035077,"(-0.0980788834863097, -1.0138347630219233, 0.04916166831094412)",-0.002353783688596775,1.910626749100011,-0.09651193920861112,0.03850320023324551,0.22192644913386086,False,,
7,984,0.11583293328076963,2.1128640521674584,-0.02849188812687231,2.1268406728481613,0.26015775468841157,2.0988874314867556,0.15728084288561214,2.5408617984108104,0.30160566429325414,2.5268851777301076,0.012956021477970245,2.554838419091513,0.13655688808319089,2.3268629252891344,-1.6673367044848628,"(-0.09809734479103849, -1.0136619652997003, 0.007729231843076881)",-0.0023521269896570685,1.9063863379345718,-0.09654037768996626,0.03906458747717684,0.2213323205122878,False,,
7,985,0.11541760924330144,2.1086463980342973,-0.02890676667556169,2.122627618139519,0.2597419851621646,2.0946651779290755,0.15687915852085624,2.536642823172995,0.3012035344397194,2.522661603067773,0.012554782601993109,2.550624043278217,0.13614838388207884,2.3226446106036462,-1.6673685730960452,"(-0.0980410082668886, -1.0123955245171732, 0.02639195351617432)",-0.002333768298528728,1.902151247743473,-0.09657224630114869,0.039623634604393186,0.22073658369225682,False,,
7,986,0.11500218307734636,2.104429474706374,-0.029321714223513845,2.118415634575714,0.2593260803782066,2.090443314837034,0.15647838131056183,2.532424480495132,0.3008022786114221,2.518438320625792,0.01215448400970165,2.546410640364472,0.1357402821939541,2.318426977600753,-1.667402799970591,"(-0.09794440514993968, -1.0122319206944197, -0.015011912740141577)",-0.002329520350901912,1.8979168940574882,-0.09660647317569437,0.040180732002267947,0.22014008247341157,False,,
7,987,0.11460816914451864,2.100220255581029,-0.029716439772648262,2.114199070298551,0.2589327780616855,2.086241440863507,0.15606258520337785,2.528217371680214,0.3003871941205448,2.5142385569626913,0.011737976286210997,2.542196186397736,0.13533537717394825,2.3142188136306214,-1.6673519065714706,"(-0.09717720480140012, -1.0099593528315907, -0.02309703695608903)",-0.002322934611848105,1.8936915395711809,-0.09655557977657403,0.04078314678121414,0.21959625693302876,False,,
7,988,0.11419267042899954,2.095992584065451,-0.030131619275858224,2.1099746941060813,0.2585169601338573,2.082010474024821,0.15565685882535077,2.523988753535029,0.2999811485302085,2.510006643494399,0.011332569120493019,2.537970863575659,0.13492476462717515,2.30999066880024,-1.6673747393148024,"(-0.09854701122554188, -1.0147547592914758, -0.009932958653957026)",-0.002324171071473407,1.8894464779743256,-0.09657841251990584,0.041350466214941484,0.21900265053578996,False,,
7,989,0.11377749022409592,2.09176560214542,-0.030546534201954745,2.105750450141331,0.25810151465014664,2.0777807541495092,0.1552497980740382,2.519760984926122,0.29957382250008885,2.505776136930211,0.010925773647987524,2.533745832922033,0.13451364414906705,2.305763293535771,-1.6673937101879832,"(-0.09866891474594244, -1.0145700634725185, -0.05130221393266846)",-0.002322562901680591,1.885202137358063,-0.09659738339308666,0.04192076522921115,0.21841051079891585,False,,
7,990,0.1133627200826506,2.087544287571336,-0.030960898463535336,2.101533323625868,0.2576863386288365,2.0735552515168036,0.15484744769264297,2.5155384667083016,0.29917106623882894,2.501549430653769,0.010523829146457067,2.529527502762834,0.13410508388764678,2.3015413771398188,-1.6674227286727914,"(-0.098054462740866, -1.0132599350285703, 0.05226719078964298)",-0.0023058828818629047,1.8809634919626412,-0.09662640187789484,0.04248156083834404,0.21781630788323034,False,,
7,991,0.11294810977872455,2.0833237110323433,-0.031375123337717026,2.097316722960347,0.2572713428951661,2.0693306991043396,0.15444462791004543,2.5113167471707563,0.298767861026487,2.4973237352427526,0.010121394793603883,2.52530975909876,0.133696368844385,2.2973202291015498,-1.6674502770312654,"(-0.09809161038282588, -1.0130755291845104, 0.010865864851596541)",-0.00230266388084659,1.876725606426943,-0.0966539502363688,0.04304343629897291,0.21722271810912194,False,,
7,992,0.1125327810055026,2.079108367818511,-0.03179001791535993,2.093105857295138,0.25685557992636515,2.0651108783418843,0.15404257738446467,2.5071001163424484,0.2983653763053272,2.4931026268658214,0.009719778463602127,2.521097605819075,0.13328767919498363,2.2931042420804797,-1.6674813015258079,"(-0.09808551585632767, -1.0118368850568626, 0.03748082363248642)",-0.0022908326578716287,1.8724929151935423,-0.09668497473091131,0.043092584722925154,0.2166271982151342,False,,
7,993,0.11211737271837427,2.074893732734463,-0.032204963794287306,2.088895989107136,0.2564397092310358,2.0608914763617903,0.15364130540974927,2.502884109978908,0.29796364192241087,2.488881853606235,0.009318968897087734,2.516886366351581,0.13287933906406177,2.2888889213566856,-1.6675143309828167,"(-0.09800163142124733, -1.0116769737106228, -0.003933008747352772)",-0.002284716109257112,1.8682609399271695,-0.09671800418792009,0.04249381058093901,0.21603103892532535,False,,
7,994,0.11172249143081617,2.0706922783077504,-0.032600603307139625,2.084686717391152,0.25604558616877193,2.056697839224349,0.1532232418160758,2.4986849040823778,0.2975463365540316,2.4846904649989763,0.008900147078120035,2.5126793431657792,0.13247286662344598,2.284688591195064,-1.6674601656406827,"(-0.09755338574779161, -1.0080792387892208, -0.018489215304738547)",-0.002276595810695245,1.8640433658167923,-0.09666383884578611,0.04195390672143314,0.2154868449719401,False,,
7,995,0.11130693012175806,2.066464778103092,-0.03301577267417197,2.0804632586519816,0.2556296329176881,2.052466297554203,0.15281966554260223,2.494456241566885,0.29714236833853236,2.4804577610179956,0.008496962746672235,2.5084547221157742,0.13206329783218015,2.2804605098349886,-1.667488168580771,"(-0.09829650990379647, -1.0147395264180599, 0.005670251520798503)",-0.0022754580491110036,1.8597985657136347,-0.09669184178587442,0.041356636664993805,0.2148917911502303,False,,
7,996,0.11089160163281742,2.0622379592628803,-0.03343074611453806,2.0762400998382136,0.2552139493801729,2.048235818687547,0.15241519092518463,2.4902283698240035,0.29673753867254016,2.4762262292486703,0.008092843177829198,2.5042305103993368,0.13165339627900102,2.276233164543442,-1.6675135286306781,"(-0.0983763727629901, -1.014562869971247, -0.03572921820842039)",-0.0022724551696091497,1.855554473748214,-0.09671720183578159,0.04076060007031887,0.21429776208912618,False,,
7,997,0.11047599903178394,2.0580172528003535,-0.033845949887433474,2.072023503553456,0.25479794795100136,2.044011002047251,0.15201177712719147,2.486006480629757,0.29633372604640895,2.4720002298766546,0.007689828207974064,2.5000127313828595,0.1312438880794877,2.2720118667150553,-1.667542007819885,"(-0.09828196788319857, -1.0131114788128257, 0.04979737918508523)",-0.0022659119219006303,1.8513164810506701,-0.09674568102498848,0.0401631080563516,0.21370252526305683,False,,
7,998,0.1100604877917846,2.053797224147565,-0.03426106978885096,2.0678075067107144,0.25438204537242015,2.039786941584415,0.15160822228940055,2.4817852914556564,0.2959297798700361,2.467775008892507,0.007286664708764989,2.495795574018806,0.13083435504059257,2.2677912578016106,-1.6675699440800535,"(-0.09828792933483094, -1.0129461392267607, 0.008359981062580409)",-0.0022599177008193723,1.847079184752844,-0.09677361728515699,0.0395659307624461,0.21310756078943885,False,,
7,999,0.10964476235865835,2.049583021355974,-0.03467636805861818,2.063597703481497,0.25396589277593484,2.0355683392304504,0.15120554383434828,2.477569821903759,0.2955266742516248,2.463555139778236,0.0068844134170718,2.4915845040292828,0.13042515309650332,2.2635764216298666,-1.667600428568706,"(-0.09820846658141652, -1.011560681218564, 0.007711496414099121)",-0.0022465342274507,1.8428477056918895,-0.09680410177380949,0.03896757807253419,0.21251162357507472,False,,
7,1000,0.10921210912924291,2.0453560719353385,-0.035109725062722696,2.0593635048003134,0.2535339433212085,2.0313486390703637,0.15075139279778915,2.473344959539099,0.2950732269897548,2.459337526674124,0.006429558605823574,2.4873523924040737,0.12998175096351602,2.2593505157372187,-1.6675501986207373,"(-0.10641651191694879, -1.01421741423546, -0.03541364828713522)",-0.0022380283810636385,1.8386025115751292,-0.09675387182584072,0.03837291149144308,0.21191297491754507,False,,
7,1001,0.10880815907810196,2.041142416522994,-0.035514085184026295,2.0551456236964447,0.25313040334023024,2.0271392093495435,0.1503349113855764,2.4691325201968914,0.29465715564770467,2.455129313023441,0.006012667123448126,2.483135727370342,0.12957153523183917,2.2551374683599428,-1.6675209190211242,"(-0.09845177560244284, -1.0111313705462126, -0.012015738658441757)",-0.002231789033468303,1.8343723081947232,-0.09672459222622765,0.03781166637786153,0.2113494091709404,False,,
7,1002,0.10839237043671042,2.0369162083828805,-0.035929491180846845,2.0509233586727373,0.2527142320542677,2.022909058093023,0.14993081612387255,2.4649051773177053,0.2942526777414298,2.4508980270278484,0.0056089545063153085,2.4789123276075626,0.12916159328029148,2.250910692850293,-1.6675482406696578,"(-0.0983860683714457, -1.0144261223159223, 0.018135452258187745)",-0.002231526830596273,1.8301288857402829,-0.09675191387476123,0.03721430735524982,0.21075421378673256,False,,
7,1003,0.10797676695679838,2.032690691751847,-0.03634473887722145,2.0467015073526955,0.2522982727908182,2.0186798761509985,0.1495260821869015,2.4606786056044574,0.2938475880209213,2.446667790003609,0.005204576352881712,2.4746894212053063,0.12875142457184993,2.246684648678152,-1.6675736374838919,"(-0.09844049002596977, -1.0142506013137875, -0.023273204957977557)",-0.0022293033178385864,1.825886179366411,-0.09677731068899531,0.036617868705720064,0.21015978682637182,False,,
7,1004,0.1075609571978945,2.02847173439044,-0.03676015372876748,2.0424866172259875,0.2518820681245565,2.0144568515548933,0.14912233388262006,2.4564584771384728,0.2934434448092821,2.4424435943029255,0.004801222955958098,2.4704733599740196,0.1283416455402573,2.2424651057644565,-1.6676018192870063,"(-0.09834696758223675, -1.0126902992869453, 0.04572299275552065)",-0.002233824953063205,1.8216500235474165,-0.09680549249210979,0.03602018486611551,0.20956433599340263,False,,
7,1005,0.10714519967779854,2.0242534152957536,-0.03717551657016499,2.038272361820896,0.25146591592576206,2.0102344687706117,0.14871862730408222,2.4522389876173007,0.29303934355204575,2.4382200410921584,0.004397911056118725,2.4662579341424427,0.12793191349094038,2.238246201456527,-1.667629976603184,"(-0.0983356918360608, -1.0125370339030697, 0.004264800072517698)",-0.0022274361064370317,1.8174145230866572,-0.09683364980828735,0.03542258298412715,0.20896896582427416,False,,
7,1006,0.10677065672613645,2.020033996612608,-0.03755022454539003,2.0340512441673155,0.25109153799766293,2.006016749057901,0.14833904602630327,2.448020058314376,0.29265992729782975,2.4340028107596687,0.004018164754776787,2.4620373058690834,0.12755485137621986,2.234027027463492,-1.667618204423087,"(-0.09049490753292767, -1.0126017583284685, -0.023968936276146834)",-0.0022194867667623876,1.813180366657201,-0.09682187762819039,0.034896934318082204,0.20844238271668983,False,,
7,1007,0.10635492462684865,2.0158052403027824,-0.037965594927193036,2.0298262115833836,0.25067544418089033,2.0017842690221803,0.14793435670035704,2.4437902293251126,0.2922548762543987,2.429769258044511,0.0036138371463153712,2.4578112006057147,0.12714464066360284,2.2297977348139475,-1.6676440061679745,"(-0.09845057102808237, -1.015030235890667, -0.01925825677278644)",-0.0022165884687187004,1.8089344752912895,-0.09684767937307792,0.03430017449787953,0.20784766815199893,False,,
7,1008,0.1059394836373048,2.011577139794001,-0.03838072335077697,2.025601328002851,0.25025969062538655,1.9975529515851518,0.1475284555669968,2.4395612018965886,0.2918486625550786,2.4255370136877388,0.0032082485789150794,2.453585390105438,0.1267339696021508,2.225569170845295,-1.667666296357487,"(-0.09856105474849264, -1.014855352476588, -0.06063990758962758)",-0.0022124160226273102,1.8046892709886855,-0.09686996956259053,0.03370502811362539,0.20725428897996098,False,,
7,1009,0.10552323145080149,2.00735277716338,-0.03879659087040291,2.021380923340833,0.24984305377200589,1.9933246309859267,0.1471239408046278,2.43533569852971,0.2914437631258322,2.421307552352257,0.002804118483423393,2.449363844707163,0.12632358612771463,2.221344237846545,-1.6676937213034493,"(-0.09849203386467961, -1.0139839197000518, 0.043630544393379045)",-0.0021955712862301046,1.8004477659606606,-0.09689739450855273,0.03310697667641921,0.20665841261906887,False,,
7,1010,0.10510709085676961,2.0031291089859575,-0.039212357948050613,2.017161097322357,0.24942653966158984,1.9890971206495576,0.14671919419919682,2.4311109226830103,0.2910386430040171,2.417078934346611,0.0023997453943766234,2.4451429110194103,0.12591314252798322,2.217120015834484,-1.6677203438689208,"(-0.09850646393553843, -1.0138132828946784, 0.0021975480126441233)",-0.0021899897492884462,1.7962069763925168,-0.0969240170740242,0.03250935743893192,0.20606290538089733,False,,
7,1011,0.1046906696187094,1.9989097380688148,-0.03962836150822191,2.012946021572073,0.24900970074564072,1.9848734545655566,0.1463155103525092,2.4268903131348867,0.2906345414794405,2.4128540296316285,0.001996479225577913,2.440926596638145,0.1255030899856093,2.2129000256018507,-1.6677501054368093,"(-0.09841261016973825, -1.0127976558320126, 0.0315547091126845)",-0.0021691862555927276,1.7919704761135573,-0.09695377864191279,0.03191026647422636,0.2054661762304201,False,,
7,1012,0.10427419813785496,1.9946910977294663,-0.0400443924443985,2.008731910111658,0.24859278872010843,1.9806502853472747,0.14591246934021632,2.4226703663527007,0.2902310599224698,2.408629553970509,0.0015938787579628938,2.4367111787348925,0.12509333373903564,2.2086807320410835,-1.6677814865083853,"(-0.09834149917768199, -1.012630454584121, -0.009851007256562393)",-0.002162056918400336,1.7877347182152334,-0.09698515971348876,0.03131054969903387,0.20486895062326463,False,,
7,1013,0.10392078137194131,1.9904964371671037,-0.04040019986879696,2.0045126554056463,0.24824176261267963,1.976480218928561,0.14548611821727406,2.418482795329293,0.2898070994580124,2.4044665770907505,0.0011651369765357938,2.4324990135678357,0.1247034497946077,2.2044896162481984,-1.6676110722894733,"(-0.09357214666270723, -1.00586779029242, -0.012040570298778946)",-0.0021531599108073527,1.7835265884100817,-0.09681474549457669,0.030869082762714613,0.20441395915105667,False,,
7,1014,0.10350503551719042,1.9862673535558617,-0.040815581077002075,2.0002873259478493,0.24782565211138294,1.9722473811638745,0.1450815053692908,2.4142526303524328,0.2894021219634833,2.400232657960445,0.0007608887750982923,2.42827260274442,0.12429327044324061,2.2002599919541472,-1.6676370848494981,"(-0.09844304432810196, -1.015109830572229, -0.0078873828507618)",-0.0021643330533141956,1.7792804735863763,-0.09684075805460157,0.030272231401309423,0.20381916961245058,False,,
7,1015,0.10308955537118142,1.9820389395347873,-0.04123074081729937,1.9960622097692649,0.24740985155966222,1.96801566930031,0.1446758050320455,2.4100232661626957,0.28899610122052627,2.3959999959282183,0.00035550884356473633,2.424046536397173,0.12388268020161346,2.1960311028487416,-1.6676599356814066,"(-0.09854165799051604, -1.0149333852973872, -0.049273924268583943)",-0.002172661930835058,1.7750350587112924,-0.09686360888651002,0.02967683779645107,0.20322558756615738,False,,
7,1016,0.10267442239440508,1.9778177665484755,-0.04164552172412554,1.9918446596336958,0.24699436651293571,1.9637908734632554,0.14427141568160984,2.4058010491068766,0.28859135980014045,2.3917741560216563,-4.852843692075559e-05,2.419827942192097,0.12347291903800746,2.191809407827676,-1.6676850385619941,"(-0.09834267926543977, -1.0132068050557133, 0.04564251653162772)",-0.002184836279042391,1.7707969089476254,-0.09688871176709757,0.029081164081275163,0.20263190452924468,False,,
7,1017,0.10225941647486181,1.9735973221218805,-0.04206018972584037,1.9876276915423285,0.24657902267556403,1.9595669527014328,0.14386671889412098,2.4015796025791354,0.28818632509482317,2.3875492331586874,-0.0004528873065812178,2.4156099719995834,0.12306306768449139,2.187588462350508,-1.6677091262881816,"(-0.0983643248438565, -1.0130269145203594, 0.004253825458177613)",-0.0021878933666478802,1.766559510136369,-0.09691279949328502,0.028486017314443265,0.20203866838390225,False,,
7,1018,0.10184323163490325,1.9693795458108072,-0.042475962740414194,1.9834141507165155,0.24616242601022068,1.9553449409050987,0.1434630944587279,2.397360604992783,0.2877822888340454,2.3833260000870746,-0.0008560999165894978,2.411395209898491,0.12265316304681557,2.183370075401795,-1.6677384742847206,"(-0.09837711304219579, -1.0124128676910669, 0.03818313110213682)",-0.0021788752151024474,1.7623247232128598,-0.096942147489824,0.027887402370355634,0.2014423821452944,False,,
7,1019,0.10142700190382178,1.9651624902831564,-0.042891759430566515,1.9792015474775644,0.24574576323821007,1.9511234330887484,0.14306006806654897,2.3931422652747907,0.2873788294009373,2.379103208080383,-0.0012586932678392976,2.407181322469199,0.12224353498518538,2.1791523777789736,-1.6677693246189282,"(-0.09831073479124615, -1.0122474294770996, -0.0032286766579588486)",-0.002178737811745082,1.7580906700202266,-0.09697299782403168,0.027288209310963,0.20084563780434012,False,,
7,1020,0.10105299511921974,1.9609628090143323,-0.043267301396370125,1.9749860758823707,0.24537329163480961,1.946939542146294,0.1426392347968506,2.3889471366122885,0.28695953131244045,2.3749238697442503,-0.0016810617187392324,2.4029704034803268,0.12184611495803517,2.1749549728133104,-1.6676599123552411,"(-0.09538080651605094, -1.0073771917591492, -0.017611519579204454)",-0.002176260391062953,1.753876411373939,-0.09686358556034458,0.026796742983790554,0.2003454862495981,False,,
7,1021,0.100637111306776,1.9567346517628947,-0.04368281761902289,1.9707617011622645,0.24495704023257486,1.942707602363525,0.1422345681462863,2.384717889266988,0.2865544970720852,2.370690839867618,-0.00208536077951256,2.3987449386663577,0.12143583972653114,2.1707262705149413,-1.6676861216704912,"(-0.09846605556096519, -1.0148885516086121, -0.00490232374331049)",-0.0021866085332760544,1.7496313245485215,-0.09688979487559468,0.026199628690604215,0.19975045042673337,False,,
7,1022,0.1002214927338475,1.9525071733041166,-0.044098112594827515,1.9665375516944332,0.24454109806252253,1.9384767949138,0.1418288217534071,2.38048945117536,0.2861484270820822,2.366459072785043,-0.0024907835752678853,2.3945198295656764,0.12102515724362731,2.1664983122397383,-1.6677091884409896,"(-0.09856379589692167, -1.0147099860487148, -0.046288779674153735)",-0.0021941845269876185,1.7453869475340142,-0.09691286164609303,0.025603964978743957,0.1991566163248045,False,,
7,1023,0.09980529676310584,1.9482841931333028,-0.04451392455077363,1.9623185210244232,0.24412451807698532,1.9342498652421822,0.14142433809539412,2.3762653322020486,0.2857435594092736,2.362231004310928,-0.002894883218485314,2.390299660093169,0.12061481742924998,2.1622747626676757,-1.667736554827207,"(-0.0984815554505574, -1.0136518972950532, 0.05381499643278445)",-0.00218746628223176,1.741147045300617,-0.0969402280323104,0.02500601264596877,0.19856083537563973,False,,
7,1024,0.09938921650228633,1.9440619129035501,-0.04492963308611418,1.9581000628343854,0.24370806609068685,1.9300237629727146,0.1410195921592465,2.3720419496139793,0.28533844174764705,2.3580037996831438,-0.00329925742915399,2.386080099544815,0.12020440433076642,2.1580519312587647,-1.667763038095355,"(-0.09849914363605766, -1.01347953813864, 0.01238367242407805)",-0.002191522370333698,1.7369078657602015,-0.09696671130045842,0.02440852598927002,0.19796545058339426,False,,
7,1025,0.09898354721579876,1.9398481131267387,-0.04533546508594638,1.9538845901864832,0.24330255951754393,1.9258116360669943,0.1406089619446962,2.367828632366397,0.28492797424644134,2.3537921553066523,-0.0037100503570489246,2.3818651094261414,0.11979625458024748,2.1538383727465678,-1.6677514466078076,"(-0.09795594012454287, -1.0112540429272512, 0.01938662639196667)",-0.0021927522334343947,1.7326777649371392,-0.09695511981291105,0.023838796778824785,0.19739479999458795,False,,
7,1026,0.09855715910911486,1.9356240213067661,-0.045762528653061685,1.9496535517418119,0.2428768468712914,1.9215944908717206,0.1401619735026984,2.363606543635979,0.28448166126487495,2.3495770132009337,-0.0041577142594781125,2.377636074071025,0.11935956630590663,2.149615282471373,-1.6677033129050436,"(-0.10480518584180433, -1.0135416660467687, -0.028182745631623186)",-0.0021964759643237214,1.7284362228681145,-0.09690698611014703,0.023252275730731516,0.1968044570323127,False,,
7,1027,0.09814143956429215,1.9314154857942576,-0.046177874159987906,1.9454488633689122,0.2424607532885722,1.9173821082196032,0.13975766271671605,2.35939689890764,0.28407697644099617,2.3453635213329855,-0.004561651007563963,2.3734302764822948,0.11894955114050411,2.145406192350949,-1.6677299700067445,"(-0.09840363969660577, -1.0101816289017518, 0.004420243148322595)",-0.0022020747834933284,1.7242108388744202,-0.09693364321184794,0.022655240030620017,0.1962095362768108,False,,
7,1028,0.09772480983282172,1.9271882710192594,-0.04659412360156001,1.9412255589468643,0.24204374326720351,1.9131509830916542,0.13935262920434016,2.3551685563763916,0.28367156263872195,2.341131268448786,-0.004966304230041588,2.3692058443039965,0.11853871951858094,2.1411784136978254,-1.6677570651889577,"(-0.09859958926155897, -1.0146668767496543, 0.010276654147600074)",-0.002206819685210794,1.7199667719415321,-0.09696073839406116,0.02205676689463953,0.19561321345181865,False,,
7,1029,0.0973083700998777,1.9229617522572964,-0.04701021103177594,1.937002661777207,0.24162695123153133,1.908920842737386,0.13894692936581887,2.350940992854614,0.2832655104974725,2.3369000833347036,-0.00537165176583472,2.3649819023745247,0.11812764973284828,2.1369513725559552,-1.667782159586757,"(-0.09865674857583992, -1.0144898740488006, -0.03111956900169596)",-0.0022087917141317194,1.7157234286410739,-0.09698583279186046,0.021459247129986044,0.19501768567852665,False,,
7,1030,0.09689163731673096,1.9187407602801734,-0.04742654259627557,1.93278579308886,0.2412098172297375,1.9046957274714869,0.13854242426662866,2.3467188110566752,0.2828606041796352,2.332673778247989,-0.005775755646377861,2.360763843865362,0.1177170307916798,2.1327297856684244,-1.667810730367283,"(-0.0985485458804353, -1.0131808530073791, 0.039646749636694026)",-0.002195542208953315,1.7114856047378202,-0.09701440357238633,0.020860122548762048,0.19442082979860367,False,,
7,1031,0.09647500209225932,1.9145204825684334,-0.047842784733546306,1.928569553915014,0.24079278891806494,1.9004714112218528,0.13813776539591224,2.342497367638064,0.2824555522217179,2.328448296291483,-0.006180021429893337,2.356546438984645,0.11730638374408578,2.1285089251032487,-1.6678387139754214,"(-0.09855529142256589, -1.0130065356421336, -0.0017687276989836076)",-0.0021948707988639496,1.7072485177981636,-0.09704238718052483,0.020261336653012815,0.19382426660546506,False,,
7,1032,0.09605851454616116,1.9103070198138878,-0.048258863096893825,1.9243602938179,0.24037589218921618,1.8962537458098756,0.13773374090288729,2.3382826914450163,0.2820511185459423,2.324229417441004,-0.006583636740167695,2.352335965449029,0.11689612772452422,2.124294855629452,-1.6678678348723093,"(-0.09846144469477458, -1.0113766737111551, 0.011976674977757652)",-0.0021927318285482516,1.7030182617474188,-0.09707150807741272,0.01966236993272565,0.19322761363768282,False,,
7,1033,0.09563286282183145,1.9060834927720567,-0.048685030078357505,1.9201314744366795,0.2399507557220204,1.8920355111074336,0.13729239465485102,2.3340606924070997,0.28161028755504003,2.320012710742477,-0.007025498245337894,2.3481086740717227,0.11646262873834123,2.120072092589578,-1.6678311634053824,"(-0.10403975668391653, -1.013463129569692, -0.032599370006555356)",-0.0021881818323406343,1.6987774600886836,-0.09703483661048584,0.019072968231803655,0.1926352962672916,False,,
7,1034,0.095232016446549,1.901868854616409,-0.04908653290303654,1.9159100908024165,0.23955056579613448,1.887827618430402,0.13687154444643237,2.329848000963456,0.28119009379601795,2.3158067647774487,-0.007447004903153101,2.343889237149463,0.11605178044649068,2.1158584277899326,-1.667784423093855,"(-0.09860359004413236, -1.0112795519148956, -0.016510153619402425)",-0.002186612655036056,1.6945469477643622,-0.09698809629895844,0.018522093086049914,0.19208070674773325,False,,
7,1035,0.09481525106261333,1.8976426749026298,-0.04950292254811914,1.9116877724694845,0.2391334246733458,1.883597577335775,0.136466230053976,2.3256207069896297,0.2807844036647085,2.311575609422775,-0.007851943556756405,2.3396658045564847,0.11564074055829468,2.1116316909461297,-1.667811179085316,"(-0.0986495731670424, -1.0144168425126827, 0.017884188759933237)",-0.002190486072174269,1.6903040347779361,-0.0970148522904195,0.017923543673510536,0.1914842818995906,False,,
7,1036,0.09439867609870625,1.8934171796214165,-0.04991915001684097,1.9074658473619064,0.2387165022142535,1.879368511880927,0.136060242501538,2.321394181205453,0.28037806861708525,2.307345513464963,-0.008257583614009203,2.335442848945943,0.11522945930012213,2.107405680413435,-1.6678359173275181,"(-0.09870750196141348, -1.0142425278467877, -0.023526129327635297)",-0.002192288198107636,1.6860618347776315,-0.09703959053262157,0.017325954084176486,0.1908886571040564,False,,
7,1037,0.09398194587498176,1.8891981671063303,-0.050335495921223786,1.9032507822863893,0.23829938767118733,1.8751455519262716,0.13565521847791492,2.317174028984733,0.2799726602741205,2.303121413804674,-0.008662223318290627,2.3312266441647918,0.11481858217644834,2.1031860980455317,-1.6678632697685236,"(-0.09861050968170672, -1.0126997682967251, 0.04908754591368497)",-0.0022050507305463266,1.6818261178147125,-0.09706694297362706,0.0167272496670124,0.19029212578929303,False,,
7,1038,0.09356528306004708,1.8849797944453885,-0.05075177787019247,1.8990363204905223,0.23788234399028665,1.870923268400255,0.13525015340078822,2.3129545268592024,0.2795672143310278,2.2988980008140687,-0.009066907529451329,2.327011052904336,0.11440771823041765,2.0989671606522955,-1.6678903688508413,"(-0.09860734704736766, -1.012544974376697, 0.007635597119325114)",-0.0022017838172968224,1.6775910628023811,-0.09709404205594474,0.01612872704249862,0.1896957567316522,False,,
7,1039,0.09319056891701005,1.8807630845317203,-0.0511269290467269,1.8948151228709353,0.237508066880747,1.8667110461925054,0.13486213088847523,2.308739112975906,0.27917962885221226,2.2946870746366907,-0.009455367075261692,2.322791151315121,0.11402634990274264,2.094751098753813,-1.667859272741384,"(-0.09152839864200231, -1.01185485563576, -0.01844778267042083)",-0.0021968204957222145,1.6733600230581058,-0.09706294594648734,0.0156094534451266,0.18917400996281303,False,,
7,1040,0.09277361475690324,1.8765343861465635,-0.05154351892523239,1.8905901652346317,0.23709074843903888,1.8624786070584953,0.13445626998358828,2.30450933430738,0.278773403665724,2.2904535552193117,-0.009860863698547342,2.318565113395448,0.11361494237024576,2.0905218602269717,-1.6678851930464538,"(-0.0987378077992511, -1.015017246441972, -0.026114409210513834)",-0.0021985448933736986,1.6691146766486615,-0.09708886625155722,0.01501092242740705,0.18857753869606275,False,,
7,1041,0.09235691692689395,1.872306349707438,-0.05195989451617243,1.8863654369788942,0.23667372836996034,1.8582472624359818,0.1340493826284539,2.300280342262738,0.27836619407152025,2.286221254991282,-0.010267428814612484,2.3143394295341944,0.11320314977767391,2.086293345985088,-1.6679081160840505,"(-0.09883022221724368, -1.014843418052052, -0.0674990382682688)",-0.002198711958240794,1.6648700250715995,-0.09711178928915398,0.01441377989228761,0.18798221808315158,False,,
7,1042,0.09193982429344474,1.868081418761384,-0.05237659534436892,1.8821445273410138,0.23625624393125838,1.854018310181754,0.13364421525372658,2.296054249411452,0.2779606348915403,2.2819911408318223,-0.010672204384087058,2.310117357991082,0.11279201977358566,2.082067834086418,-1.6679359805690812,"(-0.0986712009811816, -1.014122855680846, 0.03919571720401632)",-0.00217369388895912,1.6606284721553082,-0.09713965377418465,0.013814386880090816,0.18738504051863816,False,,
7,1043,0.09152289789090982,1.8638572180943451,-0.05279315186415355,1.877924121914805,0.2358389476459732,1.8497903142738852,0.1332385437033084,2.2918289518507398,0.27755459345837175,2.27776204803028,-0.011077506051754976,2.3058958556711997,0.1123807207971091,2.0778430849725424,-1.6679622786556259,"(-0.09871175435437445, -1.0139397873301315, -0.0022171779697949656)",-0.0021729487093699908,1.6563876776531261,-0.0971659518607293,0.013215765009345848,0.18678851008289052,False,,
7,1044,0.09110565760499445,1.85963795821269,-0.053209977624721655,1.8737091141084765,0.23542129283471053,1.8455668023169036,0.13283391302008513,2.287608462687021,0.2771495482498012,2.2735373067912343,-0.011481722209630937,2.301679618582807,0.11196978531253979,2.0736232104498553,-1.6679917423323274,"(-0.09862451629663678, -1.0127698854449119, 0.03524608206140662)",-0.00215877535687765,1.6521518193022613,-0.09719541553743083,0.01261561501899722,0.18619070406391858,False,,
7,1045,0.0906883813657319,1.8554194213277109,-0.05362681969445761,1.8694950294125177,0.2350035824259214,1.841343813242904,0.1324298398241242,2.2833886382648245,0.27674504088431373,2.269313030180018,-0.011885361236065276,2.297464246349631,0.11155911059492805,2.0694040297962677,-1.66802259273679,"(-0.09856193222681628, -1.0126033568610313, -0.006164835813345631)",-0.002155630301159435,1.6479167013526974,-0.09722626594189343,0.012014938995109848,0.18559248313538176,False,,
7,1046,0.09034854092129703,1.8512224507139086,-0.05396922334853786,1.865271753762685,0.2346663051911319,1.8371731476651323,0.13201199134180638,2.279199268893419,0.2763297556116413,2.2651499658446426,-0.01230577292802848,2.2932485719421956,0.1111802661315517,2.065210859803664,-1.6678403194754707,"(-0.09092267121032623, -1.0063607982249387, -0.005501205989944476)",-0.0021504881891166736,1.6437073923219958,-0.09704399268057418,0.011596747565240078,0.1851597910634709,False,,
7,1047,0.0899311964747535,1.84699506465081,-0.05438625072636537,1.8610476243234193,0.2342486436758724,1.8329425049782004,0.1316043044693884,2.2749709425575766,0.2759217516705073,2.260918382884967,-0.012713142731730465,2.2890235022301857,0.11076775047207095,2.060983003604193,-1.6678628851480115,"(-0.09900375827538145, -1.014685487872996, -0.008234998618843622)",-0.0021685567690436745,1.6394634676596154,-0.09706655835311495,0.010998813318459073,0.18456364948925177,False,,
7,1048,0.08951412269188483,1.8427683530951917,-0.05480305251904391,1.8568237057815555,0.2338312979028136,1.8287130004088277,0.1311955134169642,2.2707434244103597,0.275512688627893,2.2566880717239957,-0.013121661793964526,2.2847987770967237,0.11035481805442451,2.0567558887527757,-1.6678822384309344,"(-0.09910378023514571, -1.0145075643401578, -0.04960843665389523)",-0.0021824533814736673,1.6352202521466284,-0.09708591163603786,0.010402361510714357,0.18396873535113284,False,,
7,1049,0.0890973535917008,1.8385492541360509,-0.05521947355407629,1.8526081802179357,0.23341418073747788,1.8244903280541662,0.13078934128280706,2.2665232932580106,0.27510616842858415,2.2524643671761257,-0.013527485862969993,2.280582219339895,0.10994334743725394,2.0525362736970307,-1.6679069991693876,"(-0.09875294812093803, -1.012707613378798, 0.04941213745954881)",-0.002237193249302764,1.6309846754534918,-0.097110672374491,0.009804489005377285,0.18337283086010558,False,,
7,1050,0.08868060387247349,1.8343306963674741,-0.055635871240750104,1.8483932356436616,0.2329970789856971,1.8202681570912866,0.13038330655358102,2.262303691530827,0.27469978166680464,2.2482411522546393,-0.01393316855964255,2.2763662308070143,0.10953195521302726,2.0483171939491505,-1.6679320357419125,"(-0.09873413381440069, -1.0125791394913142, 0.00791762990560714)",-0.002241407763682367,1.626749661338471,-0.09713570894701595,0.009206549231973785,0.1827768815437402,False,,
7,1051,0.08826329629097071,1.830113245851191,-0.05605276011204713,1.8441800814683778,0.23257935269398858,1.8160464102340044,0.1299787398453864,2.2580849993222096,0.2742947962484043,2.244018163705023,-0.01433731655763143,2.2721518349393963,0.10912101806817856,2.0440991225867005,-1.6679618060590446,"(-0.09862491476368712, -1.0123371269880268, 0.03587113753325238)",-0.0022344038142784206,1.6225157437925308,-0.09716547926414809,0.008606199413651042,0.18217889936793052,False,,
7,1052,0.08784594272533394,1.8258965153966986,-0.056469673601339976,1.839967865163237,0.23216155905200786,1.8118251656301605,0.12957477306748164,2.2538669638137314,0.27389038939415555,2.2397956140471935,-0.01474084325919224,2.2679383135802698,0.10871035789640779,2.039881739605215,-1.6679930857125105,"(-0.09855844122498544, -1.0121719155565119, -0.0055409776337895)",-0.0022351356126259006,1.6182825643639913,-0.09719675891761392,0.008005267401089637,0.1815804558627263,False,,
7,1053,0.08746512361211284,1.8216949186828804,-0.056851762198716224,1.8357532425468448,0.23178200942294191,1.8076365948189161,0.1291553254155933,2.2496691317770634,0.2734722112264224,2.235610807913099,-0.015161560395235751,2.263727455641028,0.10831022451385307,2.035682025229972,-1.6679028262824842,"(-0.0960320118131345, -1.007931450058333, -0.023562224627646535)",-0.0022335174874683512,1.6140664976253918,-0.09710649948758765,0.007497618664119225,0.18106562489825317,False,,
7,1054,0.08704809787842241,1.8174667692417843,-0.05726841082958427,1.8315289637480423,0.2313646065864291,1.8034045747355263,0.1287497781383597,2.2454398640310456,0.27306628684636636,2.2313776695247873,-0.01556673056964697,2.2595020585373033,0.10789893800839105,2.031453316636415,-1.6679296467569467,"(-0.09870876131088512, -1.0148900624537203, -0.0049960578526812155)",-0.002242751845845285,1.609821973250729,-0.0971333199620501,0.00689867778630708,0.18046881629519373,False,,
7,1055,0.08663134027763784,1.8132392902136034,-0.05768483622793519,1.8273048936067138,0.23094751678321085,1.799173686820493,0.12834312965031022,2.24121139985082,0.2726593061558833,2.2271457964577097,-0.015973046855262782,2.2552770032439304,0.10748723496397403,2.0272253450322117,-1.667953267691283,"(-0.09880873066008498, -1.0147131850087336, -0.046386098716992626)",-0.0022494533659827808,1.6055781546853827,-0.09715694089638638,0.006301211375576903,0.17987322816397563,False,,
7,1056,0.08621389312626174,1.8090161459026817,-0.058101889659231756,1.8230857883647436,0.23052967591175527,1.7949465034406198,0.12793766042754867,2.236987087956214,0.2722534432130422,2.222917445494152,-0.01637812235794482,2.251056730418276,0.1070757767769052,2.023001616929448,-1.6679812553677764,"(-0.09874996489651605, -1.0136947446633473, 0.053672231619835836)",-0.002244316600991092,1.6013386494509687,-0.09718492857287986,0.00570127434267041,0.17927551740665174,False,,
7,1057,0.08579655813959342,1.804793694910438,-0.0585188427050152,1.8188672544836204,0.23011195898420206,1.7907201353372555,0.12753194170144488,2.2327635043116913,0.2718473425460536,2.2186899447385087,-0.016783459143163745,2.2468370638848736,0.10666424992051915,2.0187785996110645,-1.6680083980421825,"(-0.09876644553265475, -1.0135241564120239, 0.012237354293221933)",-0.002247552411483093,1.597099864978608,-0.09721207124728592,0.005101784989320482,0.17867818769541122,False,,
7,1058,0.08537870105547607,1.8005779798673152,-0.05893626488536781,1.8146559983888633,0.22969366699632,1.786499961345767,0.12712730770558409,2.2285464995539557,0.27144227364642803,2.214468481032408,-0.017187658235259792,2.242624518075504,0.10625300438053008,2.0145622397106355,-1.6680392953342096,"(-0.09869892959737717, -1.0119263761030008, 0.022001549122360423)",-0.0022379107265765733,1.592867801367304,-0.09724296853931302,0.00450027127845543,0.17807913322966165,False,,
7,1059,0.08495318292499607,1.7963533799129405,-0.059362150453735635,1.8104276312886092,0.22926851630372774,1.7822791285372717,0.12669061803904844,2.2243229892429723,0.27100595141778017,2.2102487378673037,-0.017624715339683225,2.2383972406186414,0.10582190048202225,2.0103381845779564,-1.6680131917277075,"(-0.10346493564187907, -1.013773231842997, -0.022617599129626093)",-0.002237768272726605,1.5886264788333029,-0.0972168649328109,0.003907442181272599,0.17748422464752173,False,,
7,1060,0.08453697444441947,1.7921421414626442,-0.05977809391715154,1.8062191100210765,0.22885204280599047,1.778065172904212,0.1262824674108048,2.2201109648797166,0.2705975357723758,2.2060339963212843,-0.018032600950766198,2.234187933438149,0.10540972092761212,2.0061265531711805,-1.668032019839694,"(-0.09892309305842938, -1.0107915376262289, -0.020091527665287476)",-0.002239217850188602,1.584399020398655,-0.09723569304479751,0.0033123928334837403,0.1768906735205183,False,,
7,1061,0.08410913819548124,1.787920024978061,-0.06020583022062333,1.8019980181254784,0.22842410661158583,1.7738420318306432,0.12585766959816802,2.2158885520051297,0.2701726380142726,2.2018105588577117,-0.01845729881793652,2.229966545152547,0.10498340389682463,2.001904288491595,-1.668039119509547,"(-0.1023160873889985, -1.0133435231004477, -0.006362039448273765)",-0.00223954267668204,1.5801601033929287,-0.09724279271465042,0.0027049154945300905,0.17628376061554885,False,,
7,1062,0.08368164707292265,1.783698565711435,-0.060633279523515896,1.797776987549999,0.22799657366936116,1.7696201438728714,0.12543144976659445,2.211666968721563,0.269746376363033,2.1975885468829994,-0.01888347682984405,2.225745390560127,0.10455654841975855,1.9976827672164992,-1.6680420900344546,"(-0.10244531449586078, -1.01316510602302, -0.047742706784494014)",-0.0022386904333144696,1.5759218869534952,-0.09724576323955803,0.0020993402031917875,0.17567842094872754,False,,
7,1063,0.08326404482057187,1.7794788102211156,-0.061050492296841966,1.7935612239555072,0.22757858193798572,1.765396396486724,0.125025685550147,2.207446058224481,0.26934022266756086,2.193363644490089,-0.019288851567266813,2.2215284719588726,0.10414486518535944,1.9934624342227982,-1.6680697510762363,"(-0.0988039762557852, -1.0128799184882098, 0.057919734561661246)",-0.0022498867106044,1.5716859218345665,-0.09727342428133978,0.001499294740252574,0.1750805777683394,False,,
7,1064,0.08284653586205416,1.7752596876649747,-0.06146762075570093,1.789346000159948,0.22716069247980925,1.7611733751700014,0.12461973843335412,2.2032258072900417,0.26893389505110926,2.1891394947950684,-0.019694418184400944,2.217312119785015,0.10373313714770414,1.989242747477508,-1.6680967668280726,"(-0.0988147290372721, -1.0127248188696547, 0.016461839411853092)",-0.002245313041048534,1.5674506175102922,-0.09730044003317606,0.0008996019111574911,0.1744830364265447,False,,
7,1065,0.08243583112853159,1.7710478802009755,-0.06187828601384235,1.7851345971150459,0.2267499482709055,1.7569611632869049,0.12421023301163736,2.1990138827611188,0.2685243501540113,2.184927165847048,-0.020103884130736535,2.2131005996751894,0.10332303207008448,1.9850308814810471,-1.6680995691806768,"(-0.09842521862871965, -1.0108478391506175, 0.025557250509932176)",-0.0022396131230280805,1.5632230008971244,-0.09730324238578025,0.00031782368700641265,0.1739014805647739,False,,
7,1066,0.08200690033035832,1.7668236959601846,-0.062307954825655196,1.7809028501002189,0.22632175548637185,1.7527445418201506,0.12375887467666624,2.1947918871125007,0.26807372983267974,2.1807127329724665,-0.020555980479347244,2.2088710412525345,0.10288288750351228,1.9808077915363427,-1.668047164365079,"(-0.10563469597732683, -1.0135415867290785, -0.023431989655677665)",-0.002234945432631518,1.5589820884169654,-0.09725083757018238,0.0002708243088796388,0.17330865678891083,False,,
7,1067,0.081590355754541,1.7626165240814655,-0.0627241575407803,1.776699181939076,0.2259048690498623,1.748533866223855,0.12335272043573088,2.190583701440005,0.2676672337310522,2.176501043582394,-0.020961792859590392,2.2046663592976152,0.10247153809513594,1.976600112760735,-1.6680714426815586,"(-0.09872385801032216, -1.0098429061458234, -0.0034009127678404083)",-0.0022328029806760316,1.5547588420726106,-0.09727511588666204,0.0008682156264020912,0.17271319838282756,False,,
7,1068,0.08117234824754505,1.7583897327442581,-0.06314178250387201,1.7724763102371381,0.22548647899896207,1.7443031552513784,0.12294633667470595,2.1863557756622534,0.26726046742612297,2.172269198169374,-0.021367794076711064,2.2004423531551334,0.1020593424611255,1.9723727542032559,-1.6680986030854195,"(-0.098926952162507, -1.0145660537950243, 0.013435183115497629)",-0.002231354463076322,1.5505159510910733,-0.0973022762905229,0.0014686630637021495,0.17211491399568118,False,,
7,1069,0.08075454219563939,1.7541636395194786,-0.0635592361890847,1.7682538264708547,0.22506832058036347,1.7400734525681023,0.1225392345342033,2.182128637487971,0.26685301291892743,2.1680384505365944,-0.021774543850520744,2.196218824439347,0.10164688836492135,1.9681461385037247,-1.6681236142391016,"(-0.09898898308899519, -1.0143877678875002, -0.02796465323196059)",-0.0022276258776893305,1.5462737926057175,-0.09732728744420505,0.0020680898249960306,0.17151747957616836,False,,
7,1070,0.08033627837295086,1.7499433355076,-0.06397709648333887,1.76403765484512,0.2246496532292406,1.73584901617008,0.12213322537387221,2.1779071368055627,0.266446600230162,2.1638128174680427,-0.022180149482417505,2.1920014561430827,0.10123475187341154,1.9639252361565813,-1.6681522490095804,"(-0.09891275796235625, -1.0130165633143795, 0.03861081899265795)",-0.0022178033070449554,1.5420374166008712,-0.09735592221468381,0.002669405225530764,0.17091844593164232,False,,
7,1071,0.0799180660529375,1.7457237162639112,-0.06439490435555201,1.759822176175491,0.22423103646142706,1.7316252563523313,0.12172729199762256,2.173686318164949,0.26604026240611206,2.1595878582533694,-0.022585678410866963,2.1877847780765287,0.10082267902528003,1.9597050172144301,-1.6681809405973547,"(-0.09889748355156307, -1.0128525461163105, -0.002822509793145881)",-0.0022118891759767517,1.5378017524951257,-0.09738461380245811,0.003270667560008512,0.1703194705536053,False,,
7,1072,0.07954379792930548,1.74151410073467,-0.06477030116072231,1.755601002588294,0.22385789701933329,1.7274271988810461,0.12131874825384541,2.1694800497602698,0.2656328473438732,2.1553931479066457,-0.022995350836182385,2.183566951613894,0.10043127309157544,1.9554970752474699,-1.6681008506877713,"(-0.0939374240891006, -1.0099060720704582, -0.02230101597252271)",-0.0022045352903718517,1.5335783829130296,-0.0973045238928747,0.003772528023352722,0.1698112243572016,False,,
7,1073,0.0791260860382894,1.7372854352901466,-0.06518764909080904,1.7513760652650059,0.2234398211673878,1.723194805315287,0.12091209217063144,2.165250304983335,0.2652258272997299,2.1511596750084756,-0.02340164295846696,2.1793409349581947,0.10001908910446042,1.9512678701367407,-1.6681266841022475,"(-0.09892415690760484, -1.0150092265749882, -0.020521556571476036)",-0.0022093754457569474,1.5293337563596612,-0.09733035730735096,0.004372103242095861,0.16921370706599836,False,,
7,1074,0.07873784873498527,1.7330813373941223,-0.06557713793263235,1.7471591434421312,0.22305283540260287,1.7190035313461136,0.12048582529114926,2.1610499185463676,0.26480081195876687,2.146972112498359,-0.023829161376468316,2.1751277245943763,0.09961183701306726,1.947065627970245,-1.668037823043913,"(-0.0977405019343572, -1.0085381199589887, 0.02808478955430089)",-0.0022115401125427587,1.5251152117599778,-0.09724149624901646,0.004890717168639787,0.1686880124217869,False,,
7,1075,0.07832001958420229,1.7288546627435222,-0.06599458891644042,1.7429363449337374,0.222634628084845,1.714772980553307,0.1200794909069092,2.1568221224350834,0.26439409940755193,2.142740440244868,-0.02423511759373348,2.1709038046252984,0.09919975524555574,1.9428383925893027,-1.6680646819819498,"(-0.09889962420276384, -1.0145364914261692, 0.01930766864971751)",-0.002224736421427504,1.5208726153118177,-0.09726835518705323,0.005490808788838922,0.16809005909008295,False,,
7,1076,0.07790235909246253,1.7246286947878429,-0.06641189508120295,1.7387140077875127,0.22221661326612796,1.710543381788173,0.1196725976432076,2.152595103716644,0.2639868518168731,2.138509790716974,-0.024641656530457814,2.166680416716314,0.09878747836783507,1.9386118992522434,-1.6680898410004963,"(-0.09894645065296183, -1.0143584008942197, -0.022091518850167368)",-0.0022339080860909245,1.5166307594885762,-0.09729351420559973,0.006090080011843716,0.16749279129589437,False,,
7,1077,0.07748454718473229,1.7204089279084194,-0.06682930960996476,1.7344983117501513,0.22179840397942935,1.7063195440666874,0.11926685788779977,2.1483741584030382,0.26358071468249683,2.1342847745613063,-0.025046998906897253,2.16246354224477,0.09837570253626603,1.9343915431557288,-1.6681180492165864,"(-0.09882619957656814, -1.012885463163493, 0.022746624369213278)",-0.0022323486522567854,1.512395115225477,-0.0973217224216898,0.006690609859443767,0.1668945084156626,False,,
7,1078,0.07706671202380869,1.7161898980132995,-0.0672467303303486,1.7302835262151972,0.221380154377966,1.702096269811402,0.11886160945012575,2.144153899477352,0.263175051804283,2.1300602712754544,-0.02545183290403151,2.15824752767925,0.09796416073696722,1.9301718987453258,-1.668147459879942,"(-0.09877003183171285, -1.0127146584967186, -0.01863571246765368)",-0.0022374239637154565,1.5081602325281867,-0.0973511330850454,0.007291584705846775,0.1662958770511634,False,,
7,1079,0.07668751734951422,1.7119804013220086,-0.06762720017955531,1.7260609661013369,0.22100223487858373,1.69789983654268,0.1184436749709706,2.139948184339249,0.2627583925000402,2.125867619559921,-0.025871042558098897,2.1540287491185777,0.09756559616024241,1.9259642928306289,-1.6680569391035516,"(-0.09565549841395626, -1.0098254195272671, -0.02707068697247375)",-0.002240018902777538,1.503936867449114,-0.09726061230865501,0.007796841361564029,0.16578340596871308,False,,
7,1080,0.07626776137224375,1.7077559724096694,-0.0680468567919181,1.7218375555639942,0.2205823795364056,1.6936743892553445,0.11802693900231062,2.135723460758563,0.26234155716647245,2.121641877604238,-0.026287679161851207,2.1498050439128877,0.09714735018727719,1.9217397165841161,-1.668063995732041,"(-0.10037903351165244, -1.0138982991630656, -0.0186936225542811)",-0.0022533227323030714,1.4996965440760233,-0.09726766893714434,0.008392876794872823,0.1651879316798055,False,,
7,1081,0.07584837492407735,1.703532167919752,-0.06846620876741204,1.717614104361595,0.22016295861556676,1.6894502314779092,0.1176086002343698,2.1314995540393413,0.26192318392585917,2.1174176175974986,-0.02670598345711958,2.145581490481184,0.09672848757922357,1.9175158609795466,-1.668066443769285,"(-0.10052702593286708, -1.0137253450966943, -0.060069473569767315)",-0.0022653794090010775,1.4954568909165178,-0.09727011697438837,0.008986811445195123,0.1645941910876806,False,,
7,1082,0.07543066212192971,1.6993087340026345,-0.06888356063176766,1.7133943689189666,0.2197448848756271,1.6852230990863022,0.11720185532208742,2.1272750497549784,0.26151607807578486,2.1131894148386463,-0.02711236743160994,2.141360684671311,0.09631625872200857,1.9132918918788064,-1.668092071665092,"(-0.09893492573160195, -1.0137525841776667, 0.045244534580490575)",-0.0022880200675843123,1.4912177205105506,-0.09729574487019543,0.009586317232743715,0.16399672612364105,False,,
7,1083,0.07501307944600466,1.6950859640453604,-0.06930079880510982,1.7091751281129162,0.21932695769711918,1.6809967999778048,0.11679473840496293,2.123051258169355,0.26110861665607743,2.1089620941017992,-0.02751913984615155,2.137140422236911,0.0959039089254838,1.9090686111073578,-1.668116526326374,"(-0.09896395116594511, -1.0135873851476958, 0.0038256384724663648)",-0.002295180671302173,1.4869792475661892,-0.09732019953147741,0.01018523744776935,0.16339975376025462,False,,
7,1084,0.07459528728159977,1.690869429505352,-0.06971816770579066,1.7049629283471026,0.21890874226899018,1.6767759306636014,0.11638980108817056,2.1188334684334755,0.26070325607556105,2.1047399695917246,-0.02792365389921983,2.132926967275226,0.09549254418488516,1.9048514489694137,-1.6681465634967692,"(-0.09872753774367228, -1.0121189131065569, 0.048494477420595115)",-0.0022939897727733928,1.482747019598465,-0.0973502367018726,0.010786366035110427,0.16280101856456144,False,,
7,1085,0.07417750375866941,1.6866536019815348,-0.07013551833657991,1.7007515328132592,0.21849052585391876,1.6725556711498106,0.11598516070792056,2.11461635716055,0.26029818280316985,2.1005184263288257,-0.028327861387328748,2.128714287992274,0.09508133223329499,1.9006349795710424,-1.6681772744004815,"(-0.0986908683816421, -1.0119526556091005, 0.007073063979480638)",-0.0022971990449641155,1.4785155265701164,-0.09738094760558491,0.011387713490052237,0.16220211896753187,False,,
7,1086,0.07382108624374728,1.6824623303316948,-0.07049432387899007,1.6965357947632456,0.21813649636648463,1.6683888659001442,0.1155561876614492,2.1104321672473985,0.25987159778418656,2.096358702815848,-0.028759222461288106,2.1245056316789492,0.09468863695259824,1.8964472487895467,-1.6680077387803975,"(-0.0942468673672196, -1.0050553875589685, 0.004942080849863632)",-0.002298042623683121,1.4743116587140088,-0.09721141198550098,0.011833699424736142,0.1617426233592813,False,,
7,1087,0.07339579252342193,1.6782474477429834,-0.07092026734635674,1.692314247793544,0.21771185239320062,1.6641806476924228,0.11511113060439473,2.1062192114947407,0.2594271904741734,2.09215241144418,-0.02920492926538394,2.1202860115453013,0.09425346156390833,1.892233329618862,-1.667961559609505,"(-0.10444209328557769, -1.0113406009643096, -0.012996233625866441)",-0.0023184367378042345,1.4700807835503211,-0.09716523281460843,0.012419337341560942,0.16115330896773408,False,,
7,1088,0.07297082222865323,1.6740331606254195,-0.07134593777528189,1.688092775910575,0.21728758223258834,1.659973545340264,0.114664853763942,2.1020070006370895,0.2589816137678772,2.0879473853519337,-0.029651906239993087,2.1160666159222448,0.09381783799629761,1.8880200806312544,-1.667911774797045,"(-0.10454965622657322, -1.011179757025852, -0.054398082689346296)",-0.0023401035574500233,1.4658505504680828,-0.09711544800214855,0.013003284135595247,0.1605654006661234,False,,
7,1089,0.0725544067901834,1.6698119019442055,-0.07176197739707792,1.6838753743146686,0.21687079097744472,1.6557484295737424,0.11425987657845349,2.0977846274650496,0.2585762607657148,2.083721155094586,-0.030056507608807792,2.1118480998355125,0.09340714168431845,1.8837982647046274,-1.6679385013555506,"(-0.09856711487500044, -1.0132358223904467, 0.04318701300954489)",-0.0023583513859240933,1.4616138104857364,-0.097142174560654,0.013601329853343478,0.15996947993753757,False,,
7,1090,0.07213809995001362,1.6655913958077673,-0.07217791919928325,1.6796586136172624,0.2164541190993105,1.6515241779982721,0.11385467690230953,2.093563038802234,0.2581706960516064,2.0794958209927388,-0.030461342246987322,2.107630256611729,0.09299638842616158,1.8795772173050005,-1.6679644543600536,"(-0.09858078195764737, -1.0130513759104847, 0.0018060363365598273)",-0.0023780606165209575,1.457377856636364,-0.09716812756515703,0.014198957387681338,0.15937391641848653,False,,
7,1091,0.071720197670573,1.661375592214626,-0.07259535807648934,1.6754475632711814,0.2160357534176353,1.6473036211580707,0.11345087045897853,2.0893458609817763,0.2577664262060409,2.075273889925221,-0.030864685288083768,2.103417832038332,0.09258553406477577,1.8753607265982013,-1.6679973907916377,"(-0.09860504673259649, -1.0119577696318296, 0.021233231880246048)",-0.0023728117142157025,1.4531465502248087,-0.09720106399674111,0.014801232740158859,0.15877426151334734,False,,
7,1092,0.07129670141260473,1.6571635320404485,-0.07301830878523571,1.671241096872379,0.21561171161044518,1.643085967208518,0.11304396263832968,2.0851321829719756,0.25735897283617015,2.0710546181400447,-0.03127104755951075,2.099209747803906,0.0921703320254672,1.871147857506212,-1.6680361515885487,"(-0.09964848943405538, -1.0110885820774487, -0.014362029234870125)",-0.0023875974644660142,1.44891873757644,-0.09723982479365212,0.015413414054741092,0.15816516533935016,False,,
7,1093,0.07088020862710517,1.6529536188250598,-0.0734345321683936,1.6670339451397442,0.21519494942260395,1.6388732925103755,0.11263565907754833,2.080921470839298,0.25695039987304713,2.0668411445246133,-0.03167908171795042,2.095001797153982,0.09175793385232675,1.8669375448321788,-1.6680552867105811,"(-0.09897556155370833, -1.0104750417679664, -0.01506635912600146)",-0.002396593687906822,1.4446934450101716,-0.09725895991568456,0.016008970761878977,0.15757113164985653,False,,
7,1094,0.07043426915128481,1.648732511180569,-0.07388058349499516,1.662811691045977,0.21474912179756475,1.6346533313151612,0.11218631978663207,2.076700694890227,0.25650117243291204,2.062621515024819,-0.03212853285964784,2.0907798747556345,0.09131029446895844,1.8627166030353979,-1.6680473426237477,"(-0.10743345200839297, -1.0130260312274035, -0.0072843944777493674)",-0.002404860251982457,1.4404555616189005,-0.0972510158288511,0.01663689834233944,0.15694257039340445,False,,
7,1095,0.06998868111386891,1.6445120635883865,-0.07432634039862565,1.6585895124285792,0.21430370262636345,1.630434614748194,0.11173559836409491,2.072480748073715,0.2560506198765895,2.0584032992335226,-0.032579423148399594,2.0865581969139075,0.09086213973898191,1.858496405831051,-1.6680353478486376,"(-0.10755713519436862, -1.012847329043282, -0.04866401198762206)",-0.0024103313062475637,1.4362183942787636,-0.09723902105374105,0.01726294183054072,0.1563155707009266,False,,
7,1096,0.06957062428254301,1.6402948070802554,-0.07474398825721178,1.6543764478760026,0.21388523682229782,1.6262131662845085,0.11132997284924137,2.0682622787498732,0.25564458538899615,2.054180637954126,-0.032984639690513406,2.0823439195456204,0.09045029856589219,1.8542785429150643,-1.668064395147042,"(-0.09884188154153153, -1.0122870998367652, 0.059175872156831066)",-0.0024473313481489125,1.4319857914531862,-0.09726806835214541,0.01786410480849739,0.1557167202691498,False,,
7,1097,0.06915260386028835,1.6360781161417188,-0.07516159872981125,1.650163957642449,0.21346680645038796,1.6219922746409887,0.11092440969003997,2.0640443720985657,0.25523861228013955,2.0499585305978356,-0.0333897929000596,2.078130213599296,0.09003850677516416,1.8500612441201423,-1.6680935031554083,"(-0.09883002977472707, -1.012151710781288, 0.017684543459464807)",-0.002445114380866073,1.4277537868830787,-0.09729717636051172,0.01846523740620717,0.15511790574360018,False,,
7,1098,0.06873398874544137,1.6318637971489596,-0.07557974680142045,1.6459544228451604,0.21304772429230318,1.6177731714527588,0.110519982189347,2.0598286680810327,0.25483371773620883,2.0457380423848317,-0.03379375335751478,2.0739192937772333,0.08962698546739419,1.845846232614996,-1.6681266544539346,"(-0.09876511386479521, -1.0116027612351006, 0.027827229712346396)",-0.002434151346643792,1.4235241546428765,-0.09733032765903804,0.019068596054099066,0.15451718813765555,False,,
7,1099,0.06830463244054208,1.6276364895940914,-0.07600965904561449,1.6417214202949724,0.21261892392669865,1.6135515588932101,0.1100737372776378,2.055603009173728,0.2543880287637944,2.041518078472847,-0.034240554208518736,2.0696879398746093,0.08918918485908994,1.8416197493839097,-1.6680871919292628,"(-0.10507214599301733, -1.0143559754606963, -0.02167508038510494)",-0.0024292182455168867,1.4192810642862448,-0.09729086513436624,0.019662277400336242,0.15392036096999095,False,,
7,1100,0.0678879858083011,1.6234282939299374,-0.07642597845024274,1.6375165770043125,0.21220195006684497,1.6093400108555622,0.10966703216679305,2.051393843110447,0.2539809964253369,2.0373055600360717,-0.03464693209175078,2.065482126184822,0.08877750898754708,1.837411068520192,-1.668110421626475,"(-0.09880220917028655, -1.0100834072922262, -0.01210856378533285)",-0.002425954559957209,1.4150577093174685,-0.09731409483157849,0.020259454293775885,0.15332503420130938,False,,
7,1101,0.06746944598244227,1.6192014097676,-0.07684410322460644,1.6332939437932714,0.211782995189491,1.6051088757419283,0.10926109861029575,2.0471657281057447,0.2535746478173445,2.033073194080073,-0.035052450596752965,2.061258262131416,0.08836527229636901,1.8331835689366722,-1.66813987794022,"(-0.09893680588273558, -1.0145999000447798, 0.00771307688967008)",-0.002423294769394309,1.4108156291422949,-0.09734355114532334,0.02086144123193151,0.1527253941945258,False,,
7,1102,0.06705114801888974,1.6149752086725473,-0.07726202515832918,1.6290715928728314,0.21136432119610865,1.600878824472263,0.10885421840593969,2.0429384118877483,0.2531673915831586,2.028842027687464,-0.03545895477127921,2.057034796088032,0.08795268321241471,1.8289568102801477,-1.668166557206649,"(-0.09902138014903178, -1.0144220775659072, -0.03368525288237779)",-0.0024187364647479765,1.4065742758329967,-0.09737023041175252,0.021462135351417243,0.15212682626625065,False,,
7,1103,0.06663246040343143,1.6107551548766714,-0.07768027960703143,1.6248559729618943,0.2109452004138943,1.5966543367914487,0.10844867955271298,2.038717073528389,0.2527614195631758,2.024616255443166,-0.03586406045774987,2.052817891613612,0.0875405699780722,1.8247361142025302,-1.6681972813013033,"(-0.09890717624220086, -1.0129670586281732, 0.04431457332332124)",-0.002404156326017273,1.4023390776459816,-0.09740095450640673,0.022064766133346805,0.15152664489050727,False,,
7,1104,0.06621386432304269,1.6065358012252815,-0.07809844976820476,1.620640977637831,0.21052617841429017,1.5924306248127322,0.10804300816715459,2.034496456806222,0.25235532225840207,2.0203912803936728,-0.036269305924092846,2.0486016332187718,0.08712843624509864,1.8205161290157519,-1.6682274819180845,"(-0.09891209591365453, -1.0127964448268307, 0.002890402996031231)",-0.0023980895078422374,1.3981046169484348,-0.0974311551231879,0.022667088526237784,0.15092673090523284,False,,
7,1105,0.06585451453857229,1.6023313190629405,-0.07845955349202348,1.6164185391031245,0.21016858256916804,1.5882440990227562,0.10763040845084239,2.030297175981259,0.2519444764814382,2.0162099559410747,-0.036683659579753336,2.044384396021443,0.08674246149470734,1.8163142475220997,-1.6681030555076497,"(-0.09263394009391133, -1.008451558476516, -0.007587688796895271)",-0.0023906612518834374,1.393887843095225,-0.09730672871275314,0.023132665905386374,0.15045123079123285,False,,
7,1106,0.06543406343770787,1.5981063226506675,-0.07887982447744214,1.6121953877301363,0.2097479513528579,1.5840172575711986,0.10721542884578773,2.026071645433526,0.25152931676093776,2.0119825803540574,-0.03709845906936225,2.040160710512995,0.0863247461417478,1.8120889840420968,-1.6681158404042382,"(-0.10025168471028811, -1.0140632352006984, -0.022775922052207295)",-0.002399555372074089,1.3896477178194224,-0.09731951360934166,0.023731646247409352,0.1498532683801504,False,,
7,1107,0.06504736064257756,1.5939051704644642,-0.07926783302780092,1.607980854315743,0.20936255431295606,1.5798294866131857,0.10678904378774885,2.021874365486966,0.2511042374581273,2.007798681635687,-0.03752614988262962,2.0359500493382447,0.0859182022151632,1.807889767975715,-1.6680231177436733,"(-0.09757054238030441, -1.0078118559316005, 0.025766054663127383)",-0.00240774000120229,1.3854330297653668,-0.09722679094877673,0.024246768071669127,0.14933075913270497,False,,
7,1108,0.06462913748594579,1.5896786617868282,-0.07968564752119082,1.6037585349518797,0.2089439224930824,1.5755987886217768,0.10638324411333985,2.0176466449114403,0.25069802912047645,2.0035667717463888,-0.03793154089379676,2.031726518076492,0.08550619079964282,1.8036626533491342,-1.6680521467017302,"(-0.09888273972489396, -1.014507510379427, 0.005440663571973106)",-0.002427238701388371,1.3811915635428962,-0.09725581990683363,0.024848159851898515,0.14873167814441046,False,,
7,1109,0.06421108536268703,1.585452835614997,-0.08010331643056676,1.599536636062863,0.20852548715594085,1.5713690351671314,0.10597683841497853,2.0134196823122323,0.25029124020823235,1.9993358818643667,-0.03833756337827526,2.0275034827600984,0.08509396188883278,1.7994362589636148,-1.6680793600466974,"(-0.09893493859440995, -1.0143346525246815, -0.0359483279197188)",-0.002442027670590574,1.376950822101062,-0.09728303325180088,0.02544868831006817,0.1481333165145721,False,,
7,1110,0.06379258226434688,1.5812342511824882,-0.080521378811998,1.5953225668538245,0.20810654334069176,1.567145935511152,0.10557172528968849,2.0091997909261314,0.24988568636603337,1.9951114752547954,-0.038742235786656365,2.0232881065974677,0.08468215377701768,1.79521702105431,-1.6681106475017842,"(-0.09883394683562267, -1.0126170982331595, 0.035585267058003134)",-0.002441151495544326,1.3727173289384644,-0.09731432070688761,0.02605125006097273,0.14753324687794767,False,,
7,1111,0.06337408435542659,1.5770163735932137,-0.08093942598485324,1.591109305625475,0.2076875946957064,1.5629234415609525,0.1051669172786842,2.004980576671285,0.24948042761896408,1.9908876446390238,-0.0391465930615956,2.0190735087035465,0.0842705008170554,1.7909984751322494,-1.6681426358700577,"(-0.09879671039094838, -1.0124510212945443, -0.005839061578683082)",-0.002451264038933308,1.3684845780058428,-0.09734630907516117,0.02665404489010633,0.14693300083971123,False,,
7,1112,0.06300391925104726,1.5728116244684962,-0.08131097301878908,1.5868903981773645,0.2073188115208836,1.558732850759628,0.10475476542217385,2.000779925682494,0.24906965769201023,1.9867011519736255,-0.039560126847662455,2.014858699391362,0.08387934233661055,1.786795775075495,-1.6680445282461813,"(-0.09387803530676146, -1.0086480136210736, -0.021413267011483137)",-0.002458366377702076,1.3642672090274155,-0.09724820145128477,0.02714393391341149,0.14643529348470513,False,,
7,1113,0.06258559314382502,1.5685819669557515,-0.08172888295584438,1.5826650059771394,0.2069000692434944,1.5544989279343635,0.10434908817276865,1.9965490340099437,0.24866356427243808,1.9824659949885557,-0.039965387926900714,2.0106320730313314,0.08346734065829683,1.7825655004828476,-1.6680740838838732,"(-0.09888040279529363, -1.0152659022353971, -0.013195436803152327)",-0.0024775970454698755,1.360022763561891,-0.09727775708897668,0.027745651884251443,0.14583592876993698,False,,
7,1114,0.06216755590311378,1.564352956455449,-0.08214655431611179,1.5784397442948823,0.20648166612233934,1.550266168616016,0.10394216811660513,1.992318938484877,0.24825627833583072,1.9782321506454437,-0.040371942102620406,2.00640572632431,0.08305486200985945,1.778335947470163,-1.6681000606458618,"(-0.0989948756249701, -1.0150927230443105, -0.054582216182873185)",-0.0024939961128503207,1.3557790143185513,-0.09730373385096525,0.028345736038599034,0.14523791338973827,False,,
7,1115,0.06174881393436957,1.5601327444835877,-0.08256487826400265,1.5742238141404121,0.20606250613274177,1.5460416748267634,0.10353612395115896,1.9880974868649675,0.24784981614953122,1.974006417208143,-0.040777568247213195,2.0021885565217916,0.08264246894276427,1.7741151156742776,-1.6681297308117642,"(-0.09897433610284367, -1.0129996310125178, 0.04782304070221681)",-0.0025248131963573747,1.3515440591224122,-0.09733340401686763,0.02894808197029158,0.14463793118260274,False,,
7,1116,0.06133012467008567,1.5559131313370775,-0.08298315160448509,1.5700084600277964,0.20564340094465644,1.541817802646359,0.10313006492532029,1.9838766402892531,0.2474433411998911,1.9697813115985343,-0.04118321134925046,1.9979719689799718,0.08223009479770298,1.7698948858131653,-1.6681592431883556,"(-0.09896979481470959, -1.0128551666669316, 0.00634330408286523)",-0.002533603619267273,1.3473097421519766,-0.09736291639345906,0.02955029965951472,0.14403806535493038,False,,
7,1117,0.06091107734497565,1.5516952036359086,-0.08340172851264774,1.565795347801834,0.20522388320259904,1.5375950594699832,0.10272529797496148,1.979657317558516,0.24703810383258493,1.9655571733925905,-0.0415875078826619,1.9937574617244413,0.08181818765996857,1.7656762605972123,-1.6681926114492611,"(-0.09885771305625805, -1.0124700518287275, 0.03407641710481325)",-0.0025236380613789197,1.3430771306231553,-0.09739628465436456,0.02897989323949112,0.14343668045999516,False,,
7,1118,0.060491990398642545,1.54747800749831,-0.08382032511869082,1.561583169320339,0.20480430591597593,1.5333728456762814,0.10232109097431445,1.9754386673083333,0.24663340649164783,1.9613335054863044,-0.04199122454301889,1.9895438291303622,0.0814065406864785,1.7614583374033217,-1.6682273808143049,"(-0.09879527363761686, -1.0123015665337496, -0.007332196919049432)",-0.0025289230853189704,1.338845286597387,-0.09743105401940833,0.028396355299421683,0.1428348719231313,False,,
7,1119,0.06012169054899916,1.5432806508218875,-0.08419240368266931,1.5573676024471723,0.20443578478066765,1.5291936991966026,0.1018967884722575,1.9712465854399388,0.24621088270392597,1.957159633814654,-0.04241730575941095,1.9853335370652236,0.08100923951062833,1.7572636181309131,-1.6681011955720342,"(-0.09535228220404207, -1.0067326253780544, -0.017494209578706045)",-0.0025315362057757346,1.3346354976286618,-0.09730486877713762,0.027839523236769477,0.1423443482565409,False,,
7,1120,0.05970298164036207,1.539051822126021,-0.08461068258235692,1.5531431782925615,0.20401664586308105,1.5249604659594804,0.10149114130665514,1.9670164815451188,0.24580480552937417,1.952925125378578,-0.042822522916063824,1.9811078377116595,0.0805970614735086,1.7530341518355699,-1.6681317161378948,"(-0.09892272890873353, -1.0150719108823716, -0.006795189623838391)",-0.0025490627279975853,1.3303921196073156,-0.09733538934299824,0.0272554049024779,0.14174418936612468,False,,
7,1121,0.05928455168174632,1.534823651963382,-0.08502873059364957,1.5489189192152613,0.2035978339571422,1.520728384711503,0.1010843097390429,1.962787178711108,0.2453975920144388,1.9486919114592287,-0.043228972536352966,1.976882445962987,0.0801844307103946,1.748805415337245,-1.6681588174559498,"(-0.0990313831473583, -1.0148967595979894, -0.04818371502657022)",-0.0025636886815570002,1.3261494511817655,-0.09736249066105329,0.026670782255935548,0.14114532377784209,False,,
7,1122,0.05886547904070802,1.5306015451275279,-0.08544735837779317,1.5447013662689904,0.2031783164592092,1.5165017239860654,0.10067874173607927,1.9585637526444626,0.24499157915458047,1.9444639315030001,-0.043634095682421895,1.972663573785925,0.07977211038839364,1.7445826488859952,-1.6681903730863812,"(-0.09895687728022974, -1.0134639482999377, 0.052519517385577585)",-0.002559773479416306,1.3219128509912845,-0.09739404629148463,0.026086420704469513,0.14054437931416247,False,,
7,1123,0.05844652363249022,1.5263801372914734,-0.08586588218524521,1.540484375204145,0.20275892945022567,1.5122758993788017,0.10027288433903384,1.9543410648888955,0.24458529015676927,1.9402368269762238,-0.04403952147870156,1.9684453028015672,0.07935970398576203,1.7403606010901844,-1.6682209786644617,"(-0.0989775366315872, -1.0132914709945715, 0.011083328307889589)",-0.002570362641614578,1.3176769945552824,-0.09742465186956517,0.02550197491078547,0.13994385067726622,False,,
7,1124,0.05802699276683808,1.5221639628449612,-0.08628492633414314,1.536273179881773,0.20233891186781927,1.5080547458081497,0.09986811915186562,1.9501234470754574,0.24418003825284684,1.9360142300386456,-0.044443799949115556,1.964232664112269,0.07894755595935185,1.7361437049602093,-1.6682554811211818,"(-0.09891552633844362, -1.012055071194024, 0.026031753265929217)",-0.002560875996091119,1.3134463815773203,-0.09745915432628527,0.024917738624884004,0.13934148489324688,False,,
7,1125,0.0576073603535811,1.5179485208399075,-0.08670403922808012,1.5320630506153585,0.20191875993524233,1.5038339910644565,0.0994642417566427,1.9459064644269028,0.24377564133830398,1.9317919346514518,-0.0448471578250185,1.9600209942023539,0.0785358010551119,1.7319274926334052,-1.6682922954621924,"(-0.09882117701758776, -1.0118909584330154, -0.015372525385532075)",-0.0025676972877098606,1.309216537145101,-0.09749596866729582,0.024333965518203386,0.13873836871008266,False,,
7,1126,0.05718908869501624,1.5137378110162092,-0.0871219835656591,1.5278556870240982,0.20150016095569157,1.49961993500832,0.09905589340806681,1.9416947839271774,0.24336696566874216,1.9275769079192884,-0.04525517885260848,1.9558126599350667,0.07812249105154152,1.7277162974716933,-1.6683154830706737,"(-0.09919440085689202, -1.0106868388108332, -0.02545219882532547)",-0.002571175598416801,1.3049915217115793,-0.09751915627577712,0.02374853678812298,0.1381407569458753,False,,
7,1127,0.05676801741853233,1.509512687309193,-0.0875427948368311,1.5236332208046823,0.20107882967389576,1.4953921538137038,0.09864270295687991,1.937468889169926,0.2429535152122434,1.9233483556744368,-0.0456681092984835,1.9515894226654154,0.07770536018770612,1.7234907882395596,-1.6683338980817497,"(-0.10011140732049773, -1.0141222157120708, -0.008045408439847732)",-0.002573747726735149,1.3007520256679177,-0.09753757128685314,0.0231578949432969,0.13754043978122846,False,,
7,1128,0.05634729366683256,1.5052882213538659,-0.08796331909387926,1.5194107935214234,0.2006579064275444,1.4911656491863081,0.0982280249223483,1.9332438316097698,0.2425386376830601,1.9191212594422122,-0.046082587838363526,1.9473664037773275,0.07728765929459043,1.7192660264818178,-1.668348025044557,"(-0.10024821434776607, -1.0139428218580422, -0.0494222709551481)",-0.0025750871014752798,1.2965132447767889,-0.09755169824966048,0.022566618105507433,0.13694174055814684,False,,
7,1129,0.05592756477265469,1.5010707493193582,-0.08838260936554705,1.5151978028055562,0.20023773891085642,1.4869436958331606,0.09782158545586188,1.9290250588326463,0.24213175959406363,1.9148980053464484,-0.04648858868233982,1.943152112318844,0.07687457511425828,1.7150479040760023,-1.668379078377118,"(-0.09914020327971555, -1.0123493773957384, 0.05635689827466128)",-0.002605548499825005,1.2922815375333072,-0.0975827515822214,0.02198119393001164,0.13634000255484752,False,,
7,1130,0.05550790156847006,1.4968538501622983,-0.08880183892818029,1.5109853326673093,0.19981764206512043,1.4827223676572876,0.09741505658332976,1.924806873704089,0.24172479707998012,1.9106753911990781,-0.04689468391332059,1.9389383562090998,0.07646147907589991,1.7108303619331937,-1.6684097693903719,"(-0.09914304920600986, -1.0122101142740525, 0.014870880316017472)",-0.002601438263408767,1.2880504488621811,-0.09761344259547533,0.021395767073195907,0.13573845303230267,False,,
7,1131,0.05508757999191736,1.492639270460372,-0.08922166232885263,1.5067758393795003,0.19939682231268738,1.4785027015412433,0.09700981885553966,1.9205908166530001,0.2413190611763097,1.9064542477338717,-0.047299423465230334,1.9347273855721288,0.07604869942372851,1.706615043556686,-1.6684450159570907,"(-0.09906711652113621, -1.011676410361856, 0.03026469865788911)",-0.002588697766416415,1.2838216930697506,-0.09764868916219416,0.020810605123553094,0.1351347764443967,False,,
7,1132,0.054662222371096365,1.4884166901419902,-0.08964691671993748,1.5025543128135934,0.19897136146213024,1.474279067470387,0.09658758615585103,1.9163679302050562,0.24089672524688494,1.9022303075334528,-0.04772155293518281,1.9305055528766595,0.0756249042634737,1.7023923101735232,-1.6684523180039645,"(-0.1017108384611541, -1.0134560119590599, -0.013872322509096618)",-0.0025823695744179864,1.2795847733496006,-0.09765599120906798,0.020210981969552212,0.1345313169767147,False,,
7,1133,0.05424234098399494,1.4842080128510065,-0.09006635769840239,1.498350130252338,0.19855103966639231,1.4700658954496748,0.09618103396725428,1.9121579468746674,0.24048973264965162,1.8980158294733358,-0.048127664715143056,1.926300064275999,0.07521168747562461,1.698182979862837,-1.6684834645870215,"(-0.09917202908378185, -1.0102392745646958, -0.015817522054105547)",-0.0025761869322959287,1.2753620237286096,-0.0976871377921249,0.019625365207510563,0.13392934024514325,False,,
7,1134,0.05382182509763593,1.4799814972627359,-0.09048642887218537,1.4941281518560148,0.19813007906745722,1.465834842669457,0.09577397320184254,1.9079301124835855,0.2400822271716639,1.8937834578903063,-0.048534280767978735,1.9220767670768644,0.07479789914973924,1.6939558048731607,-1.6685149055117854,"(-0.09930919821249028, -1.0145219975223263, 0.005812030329655306)",-0.0025689205385348622,1.2711214702956366,-0.09771857871688883,0.019038927995430284,0.13332638932877533,False,,
7,1135,0.05340156507967665,1.4757556593057726,-0.09090628626608631,1.4899064204149555,0.1977094164254396,1.4616048981965895,0.09536589112759859,1.903703080538035,0.2396737424733616,1.8895523194288522,-0.04894196021816434,1.9178538416472182,0.07438372810363762,1.6897293699219038,-1.6685433621074368,"(-0.09940105106438801, -1.0143443883016354, -0.03558619317313897)",-0.0025605775894665373,1.2668816504384102,-0.09774703531254025,0.018452068579717616,0.13272458432123768,False,,
7,1136,0.05298087426930354,1.4715352130749098,-0.0913265183822511,1.485690651115113,0.1972882669208582,1.4573797750347066,0.0949590698368025,1.899481274041589,0.23926646248835715,1.8853258360013858,-0.049348322814752155,1.913636712081792,0.07396997205305302,1.6855082435582494,-1.6685757715599312,"(-0.09930145214030608, -1.0130703272770725, 0.04881323594678527)",-0.002545430632292593,1.262647245617832,-0.09777944476503464,0.017865637466143364,0.1321211325466892,False,,
7,1137,0.05256028516795973,1.4673154565797206,-0.09174665833652013,1.4814754726953492,0.19686722867243958,1.453155440464092,0.094552057097065,1.8952601855930056,0.23885900060154486,1.881100169477377,-0.04975488640741482,1.9094202017086341,0.07355617113251237,1.681287821086363,-1.6686074960784425,"(-0.09931222092975457, -1.0129013932526831, 0.007381968856792516)",-0.002536228692127852,1.2584135810341561,-0.09781116928354594,0.0172791699004231,0.13151800490093954,False,,
7,1138,0.05220015549357253,1.4631067352548512,-0.09210826690135468,1.477251671659348,0.19650857788849974,1.4489617988503545,0.0941472082793215,1.8910558499432562,0.23845563067424877,1.8769109135387594,-0.05016121411560567,1.905200786347753,0.07317368188644702,1.6770812925990537,-1.6685029991396114,"(-0.09179741905568375, -1.0095668369542536, -0.005546679001744676)",-0.0025261411561896124,1.254193504278596,-0.09770667234471486,0.016742437043214656,0.13103614762990454,False,,
7,1139,0.05177474035299731,1.458883965534529,-0.0925338711956891,1.4730269720356355,0.19608335190168372,1.4447409590334226,0.09371606997696788,1.886833641161668,0.23802468152565429,1.8726906346605614,-0.0505925415717185,1.9009766476627743,0.0727454051649826,1.6728588033480984,-1.668489625685079,"(-0.1027864131514614, -1.013397420229276, -0.02947791993495072)",-0.0025326191900053065,1.249956712493625,-0.09769329889018241,0.016137302991260448,0.13043803637027324,False,,
7,1140,0.051364321468058555,1.4546748534564489,-0.09294448242796144,1.468815897197985,0.19567312536407855,1.4405338097149127,0.0932998304946833,1.882625099492922,0.2376086343907033,1.8684840557513858,-0.051008973401336685,1.8967661432344582,0.07233207598137092,1.6686499764746854,-1.66847602456841,"(-0.09919900406680184, -1.0101184496191156, 0.022878876087126382)",-0.002536570819135357,1.2457342350383995,-0.09767969777351349,0.015553316983037265,0.12986119288319836,False,,
7,1141,0.050943779920825064,1.4504490178305949,-0.09336458633105514,1.464594527001819,0.19525214617270528,1.4363035086593707,0.09289253125617943,1.8783979660258259,0.23720089750805967,1.8642524568546017,-0.051415834995700765,1.89254347519705,0.07191815558850224,1.6644234919282104,-1.6685069681861113,"(-0.09934089428848221, -1.0143562911540018, 0.009273420642844463)",-0.0025470354102547377,1.2414946776162632,-0.09771064139121477,0.014966712993876016,0.1292583361645281,False,,
7,1142,0.05052341439707582,1.446223873852586,-0.09378454024733406,1.4603735814943344,0.19483136904148568,1.432074166210838,0.09248461636915657,1.8741716014187673,0.23679257101356643,1.860021893777019,-0.05182333827525326,1.8883213090605153,0.0715040153831162,1.6601977376356767,-1.6685360619706255,"(-0.09939364929265242, -1.0141810302080647, -0.03211797964570669)",-0.002554070229745087,1.237255867508994,-0.09773973517572898,0.014379871785876595,0.1286562145343691,False,,
7,1143,0.050102868310276466,1.4420081022604265,-0.09420463657273684,1.4561623961120846,0.1944103731932898,1.4278538084087686,0.0920776707669175,1.8699544960514316,0.23638517564993083,1.8558002021997735,-0.052229834116095816,1.8841087899030895,0.07109026953859698,1.655981299155929,-1.6685678427346704,"(-0.0992990026846115, -1.011945235139432, 0.034024195649318134)",-0.002582912979002582,1.2330264642124493,-0.09777151593977385,0.013793480372947038,0.1280531323997874,False,,
7,1144,0.04968226699946706,1.4377929268941283,-0.0946247676924796,1.4519520136732003,0.19398930169141373,1.4236338401150566,0.09167128296499047,1.8657379263254186,0.2359783176569372,1.8515788395463466,-0.05263575172695617,1.8798970131044903,0.07067677498222877,1.6517654266097734,-1.6686010560815825,"(-0.09923869352837258, -1.0118094110773272, -0.0074465814633148456)",-0.002583349720735399,1.2287977046631624,-0.09780472928668593,0.01320738655147869,0.12744959647673207,False,,
7,1145,0.04930921900613233,1.4335857254269404,-0.0949987730853659,1.4477350511536338,0.19361721109763058,1.419436399700247,0.09126928840253337,1.8615335640431077,0.23557728049403165,1.8473842383164143,-0.05303870368896485,1.875682889769801,0.07028925370433285,1.647559644735024,-1.6685334154428844,"(-0.09300510669502023, -1.0093876499398446, -0.02699965700454152)",-0.0025818979044114703,1.224578877225786,-0.0977370886479878,0.012662062328895938,0.12693979204788386,False,,
7,1146,0.048888555787196974,1.4293566102365105,-0.09541899979934522,1.4435103871401156,0.19319611137373918,1.4152028333329056,0.09086182522547356,1.857303154389705,0.23516938081201583,1.8431493774860999,-0.053445730361068616,1.8714569312933098,0.06987519050633527,1.6433298823131077,-1.6685642604680189,"(-0.09937516751942102, -1.0151429812599286, -0.012906117387936032)",-0.0025920032579815613,1.220336278988063,-0.09776793367312231,0.012075259605798486,0.12633678992398617,False,,
7,1147,0.04846818463293784,1.4251281436737606,-0.09583898530768176,1.4392858519533211,0.19277535457355743,1.4109704353942,0.0904531126343932,1.8530735441873223,0.2347602825750128,1.8389158359077618,-0.05385405730622636,1.8672312524668828,0.06946064863366552,1.6391008439305415,-1.6685915035405836,"(-0.0994900494407383, -1.014969211815909, -0.054292484107117525)",-0.0026002995043093884,1.2160943920887277,-0.09779517674568705,0.011487923785740596,0.12573514698077698,False,,
7,1148,0.04804725732055615,1.4209046386541377,-0.09625945074692653,1.435067053939898,0.19235396538803884,1.406742223368378,0.09004614403005132,1.8488486694749486,0.23435285209753404,1.8346862541891884,-0.05426056403743135,1.8630110847607084,0.06904670067530373,1.6348766540645432,-1.6686241215576487,"(-0.09934751000682857, -1.013805567839567, 0.04262268700325274)",-0.0025766835148673703,1.2118574927977859,-0.09782779476275216,0.010901212284414631,0.125131306666192,False,,
7,1149,0.04762651543891469,1.4166818703025414,-0.09667975731768969,1.430848720449857,0.19193278819551907,1.4025150201552259,0.08963855380681615,1.8446246102014372,0.23394482656342053,1.8304577600541216,-0.05466771894978821,1.8587914603487528,0.06863253462286542,1.6306532402519893,-1.6686548537966672,"(-0.0993998525851957, -1.0136193150129034, 0.0012085046807824673)",-0.002583912621259567,1.2076213897947041,-0.09785852700177067,0.010314267481083649,0.12452822413102299,False,,
7,1150,0.04720536502347816,1.4124637288384287,-0.0971004242431173,1.4266355030443962,0.19151115429007365,1.3982919546324615,0.08923200577220908,1.8404050349393672,0.2335377950388046,1.8262332607333998,-0.05507378349438638,1.8545768091453345,0.06821868539784362,1.626434381888898,-1.6686889761311032,"(-0.09932381400523081, -1.012526007141932, 0.039274669931241284)",-0.002573922722717125,1.2033899474646688,-0.09789264933620667,0.009727634468405593,0.12392367429720934,False,,
7,1151,0.046784198104569186,1.4082463128272131,-0.09752109250385879,1.422423163761646,0.1910894887129972,1.3940694618927802,0.08882589397909424,1.8361861401487585,0.23313118458752227,1.8220092892143256,-0.055479396629333724,1.8503629910831914,0.06780504604183171,1.6222162264879858,-1.6687241565439075,"(-0.09927344544285886, -1.0123572962189156, -0.002139120711759276)",-0.0025783218334886238,1.1991592835800835,-0.09792782974901093,0.009141255353479769,0.12331882388684993,False,,
7,1152,0.04642762769455319,1.4040547835762096,-0.0978801679425019,1.4182061127849426,0.1907354233316083,1.3899034543674766,0.08839363845148532,1.8320020396033385,0.2327014340885404,1.8178507103946056,-0.055914157185569774,1.8461533688120715,0.06741063307301925,1.618028411589774,-1.6685472988278183,"(-0.09465911251499079, -1.0050755755708134, -0.0021945288641733313)",-0.0025804555827921376,1.1949570497698119,-0.09775097203292171,0.008590562165474188,0.12286099406756266,False,,
7,1153,0.04600553797880856,1.3998292989570902,-0.098301941829509,1.4139838484508753,0.19031301778712612,1.385674749463305,0.08798109854658538,1.8277756183886527,0.23228857835490296,1.8136210688948675,-0.05632638126173216,1.8419301678824378,0.06699331826269697,1.6138024586728714,-1.668569614244403,"(-0.10015555447734666, -1.0142287000566563, -0.010640350115697132)",-0.0026037860976631396,1.190718384078049,-0.09777328744950653,0.007999502293300218,0.12225821435100181,False,,
7,1154,0.04558376381659618,1.3956044471105313,-0.09872345578131898,1.4097616492323872,0.18989098341451133,1.3814472449886757,0.08756719079865141,1.8235499948836593,0.2318744103965666,1.8093927927618034,-0.05674002879926371,1.837707197005515,0.0665754773076238,1.6095772209970953,-1.6685879960390657,"(-0.10028182921756278, -1.0140570421862607, -0.05202181438057054)",-0.002624381501664623,1.1864804189416511,-0.09779166924416915,0.0074078556526748105,0.12165691392313778,False,,
7,1155,0.045162724519226725,1.3913816449707233,-0.09914403863600563,1.4055434989333815,0.1894694876744591,1.377219791008065,0.08715994661538565,1.8193258391552056,0.2314667097706181,1.8051639851925474,-0.05714681653984667,1.8334876931178639,0.06616133556730619,1.6053537420629644,-1.6686202317662306,"(-0.09939401767622415, -1.0136349441914168, 0.05107594835451659)",-0.0026225877290974096,1.1822445866908131,-0.09782390497133409,0.006820885463205623,0.1210530155558478,False,,
7,1156,0.044741806243008435,1.387159550157165,-0.09956451465089047,1.4013259099601298,0.18904812713690733,1.3729931903542,0.08675239048628364,1.8151024328080376,0.2310587113801826,1.8009360730050727,-0.057553930407615236,1.8292687926110025,0.06574709836464604,1.6011309914826013,-1.6686514558551948,"(-0.09941692863843675, -1.0134601392871496, 0.009642130676520208)",-0.0026393643987054722,1.1780095227764953,-0.09785512906029825,0.006233820380693432,0.12044955438118299,False,,
7,1157,0.04432016782061514,1.382943029521763,-0.09998564158925717,1.397114598614902,0.18862597723048743,1.368771460428624,0.08634620030371702,1.810884395357936,0.23065200971358935,1.7967128262647971,-0.057959609106155247,1.825055964451075,0.06533318406216608,1.5969137124398496,-1.6686875547549054,"(-0.09933943259519037, -1.0121469702604236, 0.019977750150685425)",-0.002627006481952586,1.1737800593720014,-0.09789122796000882,0.005647016156835861,0.11984379546696396,False,,
7,1158,0.043893599229187036,1.3787298424930043,-0.10041164163428068,1.3929071997691882,0.18819884009265472,1.3645524852168207,0.08593679666890433,1.8066695222950122,0.23024203753237207,1.7924921650188284,-0.05836844419456333,1.8208468795711958,0.06491519794904568,1.5926996823940083,-1.6687276653677074,"(-0.10031666714889435, -1.011367211001904, -0.016349633495842154)",-0.0026402758147088513,1.1695538007235988,-0.09793133857281089,0.0050542921265528855,0.11923001173541808,False,,
7,1159,0.043487995128941165,1.3745248197585982,-0.10081768283109183,1.3886977273112227,0.18779367308897416,1.360351912205974,0.08551799683672365,1.8024657957780066,0.2298236747967567,1.7882928882253821,-0.058787681123309316,1.8166387033306308,0.0645029959828324,1.5884953077683024,-1.6686968299192275,"(-0.09892847189118704, -1.0090499101693895, -0.020512714752935778)",-0.002649292951084655,1.1653365443313493,-0.09790050312433096,0.0044725925033099944,0.11866450013242391,False,,
7,1160,0.04306427614735921,1.370300111086859,-0.10124124234068538,1.384474642257117,0.18736979463540382,1.3561255799166008,0.08509909272122822,1.798240614189336,0.2294046112092728,1.7840660830190778,-0.05920642576681637,1.812415145359594,0.06408168443429371,1.5842703626380974,-1.6687080811641812,"(-0.10111477164928767, -1.0139868312491986, -0.009216634782705416)",-0.0026626787271940813,1.1610989964978322,-0.09791175436928468,0.003876322634699365,0.11806232215314046,False,,
7,1161,0.042640896135023656,1.3660760723965153,-0.1016645212945345,1.3802516323671468,0.18694631356458183,1.3519005124258838,0.08467876363413769,1.7940162758083085,0.22898418106369584,1.779840715837677,-0.05962665379542045,1.80819183577894,0.06365982988458067,1.5800461741024119,-1.6687152104877465,"(-0.10124509193112773, -1.0138052485644995, -0.05059330218750149)",-0.002674283567194523,1.1568621919619255,-0.09791888369284996,0.0032794500649805302,0.1174617056248515,False,,
7,1162,0.04221969190973536,1.361855246487182,-0.10208525077660523,1.3760356384525665,0.18652463459607596,1.3476748545217976,0.08427188877259985,1.7897940420397784,0.22857683145894048,1.7756136500743938,-0.060033053913740725,1.8039744340051629,0.0632457903411676,1.5758246442634802,-1.6687486950428447,"(-0.0993694904191366, -1.0131671613436022, 0.053698201309956894)",-0.0026608023003025904,1.1526287395536343,-0.09795236824794817,0.002692572643315072,0.11685724800368671,False,,
7,1163,0.04179866602614167,1.3576351780947136,-0.10250582679748163,1.3718201472845588,0.18610315884976497,1.3434502089048685,0.08386443672706169,1.7855726395716653,0.228168929550685,1.77138767038182,-0.06044005609656157,1.7997576087615106,0.06283155137660168,1.5716039088331895,-1.6687804142030456,"(-0.09941735149582187, -1.01297650326981, 0.012300207988379623)",-0.002671283029481305,1.1483961121851858,-0.09798408740814901,0.002105483570415873,0.1162535064603176,False,,
7,1164,0.041376752090040006,1.3534208891190844,-0.10292722782142685,1.3676110752246635,0.18568073200150687,1.3392307030135056,0.08345799364451587,1.7813568295461932,0.22776197355598274,1.7671666434406141,-0.06084598626695097,1.795547015651772,0.062417372867277936,1.5673888593326388,-1.6688165664038728,"(-0.09940284223769931, -1.0116118801321612, 0.03203964458474138)",-0.002663765360691842,1.1441692904843226,-0.09802023960897621,0.001518301663579904,0.11564734595915896,False,,
7,1165,0.04095473574857131,1.3492073292437372,-0.10334869817253403,1.3634030665820085,0.18525816966967665,1.335011591905466,0.0830524395793067,1.777141650527015,0.22735587350041206,1.7629459131887437,-0.0612509943417986,1.7913373878652863,0.06200358766393901,1.563174489885376,-1.668855035496664,"(-0.09930844880134312, -1.0114486673430643, -0.00936700416161589)",-0.002671024592082948,1.1399432570890904,-0.09805870870176747,0.0009315824162928379,0.1150404331524089,False,,
7,1166,0.040552548389396134,1.3450077721842137,-0.10375156178079563,1.3591966335898777,0.1848566585595879,1.3308189107785497,0.08262986152343398,1.7729440988958172,0.22693397169362578,1.7587552374901532,-0.06167424864675777,1.7871329603014812,0.061591204956415055,1.5589759355400155,-1.6688073864816138,"(-0.09897184980574873, -1.0076530428865316, -0.018510264896726962)",-0.002675648224066561,1.1357319895553908,-0.0980110596867172,0.00035030361299961206,0.11448416473311543,False,,
7,1167,0.04013024954955051,1.3407821444907058,-0.10417335891264026,1.3549761074606004,0.1844338580117413,1.3265881815208111,0.08222269146027229,1.7687169833785819,0.2265262999224631,1.7545230204086872,-0.06208091700191848,1.7829109463484765,0.0611764705049114,1.5547495639346438,-1.668842739411565,"(-0.09953626836087673, -1.0143291852891796, -0.004463637483615758)",-0.0026841487500991047,1.1314940102483568,-0.09804641261666847,0.00023763282411917432,0.11387767009027584,False,,
7,1168,0.03970832729012502,1.3365571181308344,-0.10459484917791328,1.3507554723042656,0.18401150375816333,1.3223587639574035,0.08181379139064454,1.7644906759326036,0.2261169678586829,1.7502923217591724,-0.062489385077393725,1.7786890301060345,0.06076105934038478,1.550523897031719,-1.6688731697670895,"(-0.09969867948638908, -1.0141600567019338, -0.0458492140520171)",-0.0026928001961264397,1.1272567106331328,-0.09807684297219299,0.0008263290972490855,0.11327300041379758,False,,
7,1169,0.03928620590196831,1.3323364701790494,-0.10501649449768752,1.346539661981147,0.18358890630162414,1.318133278376952,0.08140601607370568,1.7602686161918217,0.2257087164733615,1.7460654243897242,-0.06289668432595014,1.7744718079939192,0.060346110987836994,1.5463025431854356,-1.668906693884606,"(-0.09958760461146879, -1.0131249231080448, 0.058403950178299)",-0.0026867149696665855,1.123023845814567,-0.09811036708970944,0.001414495515965732,0.11266723766187678,False,,
7,1170,0.03886423357303935,1.3281165188369675,-0.10543801077190201,1.3423243433366165,0.1831664779179807,1.3139086943373186,0.08099778208923966,1.7560473124116214,0.22530002643418107,1.7418394879119723,-0.06330446225570169,1.7702551369112702,0.059931007831139506,1.5420819156242944,-1.6689387979606825,"(-0.09962475760739731, -1.0129506146738536, 0.01697174864643425)",-0.0026927191232535984,1.1187917493203632,-0.0981424711657859,0.0020028242534251683,0.11206205883193698,False,,
7,1171,0.038520586949932586,1.3239075335688408,-0.10578345777160864,1.3380970605871536,0.1828246316714738,1.3097180065505278,0.08059987396975715,1.7518436661913421,0.2249039186912984,1.7376541391730294,-0.06370417075178406,1.7660331932096551,0.05956023045984487,1.5378755998800915,-1.668811999051548,"(-0.08898656911071232, -1.009515778608726, 0.01026981259656411)",-0.002696800780480034,1.114573384286735,-0.09801567225665142,0.002522084712286851,0.11160935027438719,False,,
7,1172,0.03809684699605751,1.319678733374579,-0.10620674619758369,1.3338728515720617,0.1824004401896987,1.3054846151770962,0.08018974923686839,1.747613526983308,0.2244933424305096,1.7334194087858252,-0.06411384395677278,1.7618076451807907,0.059143298116462954,1.5336461301789435,-1.668843815112984,"(-0.10006376241165961, -1.0150727282755005, -0.02594742169572546)",-0.0027224078195005213,1.110332500224528,-0.09804748831808752,0.0031129875062314107,0.11100174590273905,False,,
7,1173,0.037691131521771115,1.3154628855740027,-0.10661309017847737,1.3296506126465653,0.1819953532220196,1.3012751585014404,0.07976508077143919,1.7433995430299123,0.22406930247168771,1.7292118159573497,-0.06453914092880927,1.7575872701024746,0.058728106146605154,1.5294312143019575,-1.6687995257722983,"(-0.09964607276587245, -1.0115798104766554, -0.00920106571667604)",-0.0027442463857282593,1.1061052448917292,-0.09800319897740173,0.0036983742412546243,0.110439606399223,False,,
7,1174,0.037268437896752896,1.311236379421019,-0.10703530217359136,1.3254290043266004,0.18157217796709713,1.2970437545154376,0.07935691175468379,1.7391716085951432,0.22366065182502803,1.7249789836895617,-0.06494682831566043,1.7533642335007245,0.05831267482571834,1.525203994008081,-1.668833466852706,"(-0.0997035170128348, -1.0145328705303749, 0.020191388310673117)",-0.0027701375318807987,1.1018668249037986,-0.0980371400578095,0.0042872394097868746,0.10983292386723328,False,,
7,1175,0.03684594030036376,1.3070105461847061,-0.10745734944633961,1.3212077490176222,0.18114923004706715,1.29281334335179,0.07894799008073547,1.7349444399163094,0.2232512798274389,1.7207472370833934,-0.06535529966596787,1.7491416427492255,0.05789696519054962,1.5209774930505078,-1.6688651911481067,"(-0.09977031244049374, -1.0143602298175642, -0.021214828487582396)",-0.0027926321230841654,1.0976291549321588,-0.09806886435321016,0.00487640962648287,0.10922710083617436,False,,
7,1176,0.03642355565996097,1.3027929952423258,-0.10787924063920708,1.3169952126833033,0.180726351959129,1.2885907778013486,0.07854047634699715,1.7307254256467555,0.2228432726461652,1.716523208205778,-0.06576231995217087,1.7449276430877327,0.05748201600347906,1.5167592104445407,-1.6688999416838939,"(-0.09958780489693425, -1.012387825432086, 0.03906211489579161)",-0.0027964328372789373,1.0933998380545007,-0.09810361488899733,0.00546462637977407,0.10862064382956145,False,,
7,1177,0.03600122601099265,1.298576177379895,-0.10830107697353669,1.3127834062920045,0.180303528995522,1.2843689484677854,0.07813300830207637,1.726507144851258,0.22243531128660574,1.7122999159391483,-0.06616929468245294,1.7407143737633675,0.05706711715653451,1.5125416611155764,-1.6689346705999404,"(-0.09957572326669246, -1.0122118389514025, -0.002347505667655999)",-0.0028140937651065854,1.0891713282277125,-0.09813834380504383,0.006052771565304019,0.10801427079452745,False,,
7,1178,0.03561719389056521,1.2943597253442731,-0.10868526083831839,1.3085654129101212,0.1799196486194488,1.2801540377784253,0.07774440529273477,1.7222911428161352,0.22204686002161841,1.708085455250287,-0.06655804943614879,1.736496830381983,0.05668079959164999,1.5083254340802041,-1.6689239892357526,"(-0.09271621557228449, -1.0118944884893688, -0.030605801563373468)",-0.0028286496521268884,1.0849445139956908,-0.09812766244085602,0.006598672211578008,0.10747397498884845,False,,
7,1179,0.03519420925000498,1.2901312099148532,-0.10910776273476192,1.3043418003778684,0.17949618123477187,1.2759206194518382,0.07733596027825651,1.718061195800714,0.22163793226302347,1.7038506053376987,-0.06696601170651037,1.732271786263729,0.056265084764130745,1.5040962028577836,-1.6689579658259424,"(-0.0997715586046193, -1.01501549338092, -0.016652598287218684)",-0.002849697822157652,1.0807044290632188,-0.0981616390310458,0.007187941469584419,0.1068668734304563,False,,
7,1180,0.03477153116732781,1.2859033339339574,-0.10953001294356954,1.3001182685877204,0.17907307527822516,1.2716883992801946,0.0769261649681419,1.7138320509524807,0.22122770907903924,1.6996171162987177,-0.0673753791427554,1.7280469856062435,0.05584884806773486,1.499867692443219,-1.6689880707311513,"(-0.09989680713501241, -1.014842499495462, -0.05803366677387087)",-0.0028682690556271298,1.0764650683370665,-0.09819174393625474,0.00777779356495483,0.10626122178613501,False,,
7,1181,0.0343480729752869,1.2816836344558944,-0.10995298922920815,1.2959034602865591,0.178649135179782,1.2674638086252297,0.07651721164553399,1.7096109223726728,0.22081827385002906,1.695391096542008,-0.06778385055896108,1.7238307482033375,0.055432642310410445,1.4956472784142836,-1.6690219663148662,"(-0.09988938175786019, -1.0128993669445083, 0.04672293025236912)",-0.002902208862068123,1.0722339308554412,-0.09822563951996965,0.008367754732767886,0.10565347273184696,False,,
7,1182,0.033924666133157075,1.2774645277252654,-0.11037591647149243,1.2916892196361192,0.1782252487378066,1.2632398358144117,0.07610823524810266,1.705390393380433,0.22040881785275224,1.6911657014695793,-0.06819234735654683,1.7196150852912868,0.05501645069062987,1.4914274605528492,-1.6690556880921055,"(-0.0998859887473381, -1.0127562867442463, 0.005239773985804812)",-0.002913751192376181,1.0680034648464256,-0.09825936129720891,0.00895768938296318,0.10504584239949752,False,,
7,1183,0.03350084965655775,1.273246684400072,-0.1107991909657448,1.2874768733096347,0.1778008902788603,1.2590164954905094,0.07570072021595017,1.701170942797245,0.2200007608382527,1.6869407538876824,-0.06859932040635235,1.7154011317068076,0.05460078493625396,1.4872088135986585,-1.6690937822489835,"(-0.09975978105021717, -1.0124752690057903, 0.03329931682616224)",-0.002900251085841576,1.0637743270146436,-0.09829745545408697,0.009547056791346467,0.1044364862041665,False,,
7,1184,0.03307700299814158,1.2690295810792678,-0.11122247768517039,1.2832654468599807,0.1773764836814536,1.2547937152985549,0.07529370841680742,1.6969521789677102,0.21959318910011938,1.6827163131869973,-0.06900577226650455,1.7111880447484231,0.0541853557074745,1.482990880023489,-1.6691331230706448,"(-0.09970301490707054, -1.0123040580406837, -0.008109076836016691)",-0.002909488122133814,1.059546007367433,-0.0983367962757482,0.010136140490897236,0.10382676093300866,False,,
7,1185,0.03271495611167287,1.2648335754429079,-0.11158664137340134,1.2790479682634124,0.1770165535967471,1.2506191826224033,0.07486798309661731,1.6927624507434729,0.21916958058169156,1.6785480579229684,-0.06943361438845687,1.7069768435639774,0.05379146960414509,1.4787980130931904,-1.66898431586379,"(-0.09453266479905811, -1.0062880632716746, -0.012990203072010605)",-0.0029162390623929837,1.0553407697208792,-0.09818798906889348,0.01068718664392553,0.10335379426668272,False,,
7,1186,0.03229139258226997,1.2606052030583643,-0.11200970462407767,1.2748246736900086,0.1765924897886176,1.2463857324267198,0.074459477903698,1.68853259477374,0.21876057511004568,1.6743131241420957,-0.06984161930264962,1.7027520654053845,0.053375435242983986,1.4745688989160521,-1.6690195048016114,"(-0.09984824667866565, -1.0149874025131491, -0.008126421298885522)",-0.00294272199683632,1.0511013398945932,-0.09822317800671487,0.011276957384820482,0.10274555684680013,False,,
7,1187,0.03186812440361804,1.2563774720899241,-0.11243252539765541,1.2706014823166583,0.17616877420489152,1.24215346186319,0.07404967197255355,1.6843035370178385,0.21835032177382702,1.6700795267911044,-0.07025097782871989,1.6985275472445727,0.052958898188085794,1.4703405045538813,-1.6690509640366051,"(-0.09996889317556597, -1.0148146469210104, -0.0495131851483326)",-0.002966340604784352,1.0468626421122804,-0.09825463724170858,0.011867289492559404,0.10213871617191211,False,,
7,1188,0.03144435649707341,1.252158706562147,-0.11285580380488422,1.266387681817917,0.17574451679903105,1.237929731306377,0.07364062794521872,1.680083319871401,0.21794078824717641,1.6658543446156309,-0.07065953235673889,1.6943122951271707,0.05254249222114607,1.466121013216774,-1.6690853716256455,"(-0.09993743206553356, -1.0126779209057792, 0.05148860157062579)",-0.003011917158602928,1.0426329733989819,-0.09828904483074896,0.012457555274240466,0.10153039572711443,False,,
7,1189,0.031020636969629246,1.2479405153650576,-0.11327903620994502,1.2621744298044533,0.17532031014920352,1.2337066009256619,0.07323155565197507,1.6758636841044847,0.2175312288315494,1.661629769665089,-0.07106811752759919,1.6900975985438804,0.05212609631080216,1.4619020997347711,-1.6691196002221467,"(-0.09993501848253913, -1.0125392356806586, 0.009999325246675586)",-0.003027135775259095,1.0384039644349798,-0.09832327342725011,0.013047800110582982,0.10092219117381337,False,,
7,1190,0.03059621518105181,1.2437246621342524,-0.1137028907449517,1.2579643260683486,0.17489532110705533,1.2294849982001563,0.07282418408906126,1.6716461486734355,0.2171232900150648,1.6574064847393393,-0.07147492183694223,1.6858858126075316,0.051710199635056533,1.457685405403844,-1.6691594444288171,"(-0.09981520217895061, -1.0120066394225022, 0.028645510928529877)",-0.003013722762893902,1.034177356882261,-0.09836311763392058,0.013637565567625723,0.10031152094684954,False,,
7,1191,0.030171722843611044,1.239509555357189,-0.11412678952791036,1.2537552328547983,0.17447023521513244,1.2252638778595801,0.07241752507790006,1.6674292817003216,0.21671603744942144,1.6531836042027124,-0.07188098729362133,1.6816749591979305,0.05129462396075555,1.4534694185287553,-1.6692011188095517,"(-0.0997381618322355, -1.0118368500212944, -0.01275839206245626)",-0.0030265128782729213,1.0299515801391388,-0.09840479201465513,0.014226951450098922,0.09970027160307258,False,,
7,1192,0.029784943514533275,1.2353131993955868,-0.11451509346934875,1.2495434252002,0.1740849804984153,1.2210829735909736,0.07198492348683445,1.663237447002961,0.2162849604707165,1.6490072211983478,-0.07231511349704756,1.6774676728075741,0.05088493350068386,1.4492753231992739,-1.6690940379318713,"(-0.09832571041720471, -1.0065828790755578, -0.015954790919092444)",-0.0030364946473396947,1.025745728587245,-0.09829771113697472,0.01480202330205459,0.09918137672466285,False,,
7,1193,0.029359361628693008,1.2310878813498478,-0.11494031055024494,1.2453218059334272,0.17365903380763095,1.2168539567662684,0.07157031039379083,1.6590110471218709,0.21586998257272882,1.6447771225382912,-0.07272936178514709,1.6732449717054503,0.05046483601124192,1.4450494642358593,-1.6691196705215703,"(-0.100823397466066, -1.0142061512195018, -0.010920698495986744)",-0.003059627455041408,1.0215098793231348,-0.09832334372667373,0.015397156995060111,0.09857279348332139,False,,
7,1194,0.02893414438029944,1.2268631944992818,-0.11536522949454814,1.2411001428846258,0.173233518255147,1.2126262461139379,0.07115406028166435,1.6547854756453817,0.21545343415651194,1.6405485272600377,-0.07314531359318319,1.6690224240307256,0.050044102330981895,1.4408243350723318,-1.6691406255580177,"(-0.10097608326240656, -1.0140309992465926, -0.05229450049512446)",-0.003080139561738484,1.0172747618211633,-0.09834429876312112,0.015993002304746307,0.09796595320918051,False,,
7,1195,0.0285097383481408,1.2226433215865655,-0.11578910348906468,1.2368856614379087,0.17280858018534628,1.2084009817352226,0.07074564273488242,1.6505640249658646,0.2150444845720879,1.6363216851145215,-0.07355319910232305,1.6648063648172076,0.04962769054151161,1.436603673276215,-1.66917798868575,"(-0.09993882947286908, -1.0129588310680189, 0.05485523607431378)",-0.0030889810992880936,1.0130445705567706,-0.09838166189085351,0.016583396635995905,0.09735595642268098,False,,
7,1196,0.028085455081086733,1.2184241170829593,-0.11621287068092992,1.2326716846746189,0.17238378084310338,1.2041765494912997,0.0703368624218703,1.646343290032388,0.21463518818388702,1.6320957224407284,-0.07396146334014633,1.6605908576240476,0.049211158751478516,1.4323837035576736,-1.6692142173179254,"(-0.09996762960794214, -1.012792732449942, 0.013402621830785002)",-0.0031055661307535275,1.008815142977968,-0.09841789052302885,0.017173915524848905,0.0967464314260115,False,,
7,1197,0.027660498774416675,1.2142105162754036,-0.11663723615613987,1.2284640664966935,0.17195823370497326,1.1999569660541136,0.06992964770651786,1.6421279371039506,0.21422738263707441,1.6278743868826606,-0.0743680872240387,1.6563814873252405,0.048795073240467265,1.428169226689677,-1.6692556775486378,"(-0.09986052264270048, -1.011474448319182, 0.02472537812294462)",-0.003095166980297042,1.004591391656609,-0.09845935075374124,0.0177640147223378,0.09613458309454712,False,,
7,1198,0.027230583495743182,1.2100001923040486,-0.11706651947422315,1.2242601388142893,0.1715276864657095,1.1957402457938082,0.06951870073300846,1.6379157390425698,0.21381580370297482,1.623655792532329,-0.07477840223695784,1.6521756855528102,0.048374642114375824,1.4239579656733092,-1.6693000046682507,"(-0.10090347026194565, -1.0107026439282678, -0.011622305274534478)",-0.003109079124379649,1.0003708758683716,-0.09850367787335412,0.018360375878172984,0.0955149706305784,False,,
7,1199,0.02680598619827251,1.2057927505959287,-0.1174906243571554,1.2200576789944582,0.17110259675370043,1.1915278221973995,0.06910887731115244,1.6337068370706462,0.21340548786658037,1.6194419086721168,-0.07518773324427547,1.6479717654691755,0.047957431754712475,1.4197497938332875,-1.6693345299406643,"(-0.10013048631920404, -1.0099612416052057, -0.02345284880028651)",-0.003118549110174504,0.99615348367381,-0.09853820314576778,0.018951787486421953,0.09490545014138144,False,,
7,1200,0.026379357544127863,1.201568216428781,-0.11791684921214611,1.2158372288595918,0.17067556430040187,1.1872992039979704,0.0686943599251524,1.6294811054301452,0.2129905666814264,1.6152120929993345,-0.07560184683112159,1.643750117860956,0.04753685873464013,1.4155246609294632,-1.6693628330170824,"(-0.10093752481736284, -1.0140318969178455, -0.004471401562945447)",-0.0031269722140827958,0.9919190482777287,-0.09856650622218588,0.019547703972285477,0.09429468898555728,False,,
7,1201,0.02595308616368092,1.1973443327038895,-0.11834278111699473,1.211616777684258,0.1702489534443566,1.1830718877235213,0.06827826782960063,1.625256214984514,0.21257413511027626,1.6109837700041456,-0.076017599451075,1.6395286599648822,0.04711567699664077,1.4113002738442018,-1.6693866212626118,"(-0.10108361711984455, -1.0138529004627541, -0.04584527097124612)",-0.00313381350703937,0.987685371970198,-0.09859029446771528,0.020144299380623384,0.09368561727489988,False,,
7,1202,0.025527555137773255,1.1931245580823922,-0.1187677589904436,1.2074025943843212,0.16982286926599013,1.1788465217804631,0.06786931796418343,1.6210347999798629,0.21216463209240033,1.6067567636779339,-0.07642599616403342,1.635312836281792,0.04669843655097834,1.4070796790311275,-1.6694253703438051,"(-0.10013770695898268, -1.0129427551378325, 0.05959784561363517)",-0.0031240767032752704,0.9834559231485726,-0.09862904354890856,0.02073592532912875,0.09307367014334557,False,,
7,1203,0.025102170701187386,1.18890547765673,-0.11919261020269595,1.2031889017525237,0.1693969516050707,1.1746220535609364,0.06745991112319608,1.6168141382682462,0.21175469202707944,1.6025307141724525,-0.0768348697806872,1.6310975623640398,0.046281040912191734,1.402859807962488,-1.6694627090741132,"(-0.10017495330878663, -1.0127690564734428, 0.01815896639051578)",-0.003130133661586596,0.9792272734969458,-0.09866638227921665,0.021327714388420804,0.09246230073986686,False,,
7,1204,0.024720107913541383,1.1846959167229572,-0.11957580490637813,1.1989679012894485,0.16901602073346095,1.1704239321564658,0.06704392421417076,1.6126079340509945,0.21133983703409032,1.598335949484503,-0.07725198860574875,1.6268799186174858,0.04588201606385607,1.3986519253869758,-1.6693834305003745,"(-0.09576596360055965, -1.0098918181229388, 0.018189411937057084)",-0.003134609586299706,0.9750093403714977,-0.09858710370547796,0.021888813498332844,0.09194277351403338,False,,
7,1205,0.0242878796046659,1.180471503374664,-0.12000814330995968,1.1947423747924104,0.16858390251929148,1.1662006319569176,0.06660839484350012,1.6083838471904501,0.21090441775812568,1.5941129757727037,-0.07768762807112542,1.6226547186081965,0.04544813722408301,1.394427675282557,-1.6693757161562988,"(-0.10413092154553555, -1.0138200250605034, -0.024589179803635598)",-0.003153628509676794,0.9707753807951515,-0.0985793893614022,0.022502093742621,0.09133353790167831,False,,
7,1206,0.023863862885223856,1.1762662741652143,-0.12043166943183614,1.1905421052561282,0.16815939520228385,1.1619904430743007,0.06619908612034743,1.6041771631054613,0.2104946184374074,1.5899013320145474,-0.07809644619671252,1.618452994196375,0.04503147450278564,1.3902217186353378,-1.6694100877314675,"(-0.09999905311136849, -1.0094295953326087, 0.006279217113884683)",-0.003169171015047758,0.9665609119661989,-0.09861376093657093,0.02309272573279968,0.09072487991757937,False,,
7,1207,0.023437335457126434,1.1720393180156192,-0.12085763757949394,1.1863208010044752,0.16773230849374682,1.1577578350267632,0.06578931949304419,1.5999485484000797,0.21008429252966462,1.5856670654112237,-0.07850565354357616,1.6142300313889357,0.04461332747508531,1.3859939332078495,-1.6694492567119894,"(-0.10035528664807902, -1.014668502597213, 0.018051826580122332)",-0.003184551046380497,0.9623247674778446,-0.09865292991709285,0.023685651113543513,0.09011141396765718,False,,
7,1208,0.02301100723915848,1.1678130391405022,-0.12128343852635176,1.1820998484842369,0.16730545300466876,1.1535262297967679,0.06537878667230208,1.5957207058933949,0.20967323243781233,1.5814338965496602,-0.07891565909320815,1.6100075152371291,0.044194896955730284,1.3817668725169485,-1.66948616974158,"(-0.10042332464520697, -1.0144945658162512, -0.023349203963101223)",-0.0031978705751850678,0.9580894135735588,-0.09868984294668337,0.024278886875790145,0.08949882185064642,False,,
7,1209,0.022584621030228926,1.1635950584309274,-0.12170924417410425,1.1778877301333674,0.16687848623456208,1.1493023867284873,0.06496978538918916,1.5915010035196395,0.20926365059352234,1.5772083318171994,-0.07932407981514399,1.6057936752220796,0.04377720320970904,1.3775480309752834,-1.6695267975735604,"(-0.10024649904509719, -1.0125219699996209, 0.02170733111001094)",-0.0031780640400854835,0.9538624641796966,-0.09873047077866381,0.02487123141008211,0.08888517448254679,False,,
7,1210,0.022158275841194917,1.1593778222536315,-0.12213500581445313,1.173676384035986,0.16645155749684298,1.1450792604712772,0.06456090733369427,1.587282036818657,0.20885418898934235,1.5729834750363025,-0.07973237432195376,1.6015805986010114,0.043359591587444596,1.3733299295361443,-1.6695676176861511,"(-0.10022678934346635, -1.0123443453934065, -0.019696871563868353)",-0.0031907821635514884,0.9496363717630567,-0.09877129089125458,0.025463468253607575,0.08827153544554085,False,,
7,1211,0.021779209614231392,1.15517134070398,-0.12251553396531863,1.169455141854651,0.16607395319378143,1.1408875395533091,0.06413806819897976,1.583079890629542,0.2084328117785298,1.568796089478871,-0.08015667538057024,1.597363691780213,0.042958638906605576,1.369125615666761,-1.6694653221618752,"(-0.09622864340136418, -1.0090353286520004, -0.020879189288448854)",-0.0032014261051191988,0.945422232264283,-0.0986689953669786,0.026026360325901717,0.0877622767361283,False,,
7,1212,0.021342944039894143,1.1509552172970319,-0.12295263746336503,1.1652305512208425,0.1656385255431533,1.1366798833732215,0.06367669291740102,1.5788662520998005,0.20797227442066019,1.5645909181759898,-0.08061888858585811,1.593141586023611,0.042509818478647585,1.3649107346984162,-1.6694066422539078,"(-0.10771690270991861, -1.0115714324027625, -0.022896417112119455)",-0.0032280353554741594,0.9411972387437155,-0.09861031545901122,0.026658712554258435,0.08716069399722341,False,,
7,1213,0.020907062655818258,1.1467397280525713,-0.12338941823863309,1.1610059679733502,0.16520354355026962,1.1324734881317926,0.06321384311054173,1.5746534300154273,0.2075103240049931,1.5603871900946484,-0.08108263778390959,1.588919669936206,0.04206045288317999,1.3606965790339993,-1.6693436190165183,"(-0.10784774291222264, -1.0113973594600345, -0.06427250447233997)",-0.0032541111952790486,0.9369730110205414,-0.09854729222162173,0.02729166190942002,0.08656079503935456,False,,
7,1214,0.020481196059994565,1.1425164741633045,-0.1238147375135861,1.1567882488997834,0.16477712963357524,1.1282446994268258,0.06280439010610434,1.5704285530366817,0.20710032367968498,1.5561567783002028,-0.08149154346747631,1.5847003277731604,0.04164279308304945,1.356472513599993,-1.6693819763358508,"(-0.10023835203133154, -1.0137757041614956, 0.04233691225344058)",-0.003256089986966573,0.9327413649978267,-0.09858564954095428,0.027883864418265892,0.08594847533398578,False,,
7,1215,0.020055505415369223,1.138293941065773,-0.1242399071975415,1.1525709820361503,0.16435091802827995,1.124016900095396,0.062394316568901806,1.5662044750213016,0.20668972918181258,1.5519274340509241,-0.08190109604400889,1.5804815159916787,0.041224910992135516,1.3522492080435373,-1.6694184724676122,"(-0.10029170181934356, -1.0135933335493779, 0.0009207054592549869)",-0.003281220107614931,0.9285105623076622,-0.09862214567271566,0.02847630673566094,0.08533689310238288,False,,
7,1216,0.019629716371886322,1.1340773292294053,-0.1246651029250267,1.1483603654637364,0.16392453566879936,1.1197942929950742,0.06198630658404064,1.561986103696113,0.20628112588095365,1.5477030674617818,-0.08230851271287237,1.576269139930444,0.04080801147796348,1.348031716462759,-1.6694600210946278,"(-0.10005588340128921, -1.0121979793867517, 0.04890027511935649)",-0.003276683748634441,0.9242857978788765,-0.09866369429973121,0.02906756413128859,0.08472384763508965,False,,
7,1217,0.019203982141166344,1.1298614497177355,-0.1250902445393875,1.144150471610816,0.1634982088217202,1.1155724278246555,0.06157832292754221,1.5577684667704128,0.2058725496080961,1.5434794448773324,-0.08271590375301163,1.5720574886634928,0.040391152534354276,1.3438149582440742,-1.6695015033257221,"(-0.10004614646620913, -1.012021972484381, 0.007478224563276622)",-0.0032994005052772446,0.9200618890090451,-0.09870517653082556,0.029658762172414786,0.08411089784727496,False,,
7,1218,0.01885498193923627,1.1256714872247837,-0.12544196692017073,1.139932993101292,0.1631519307986433,1.1114099813482754,0.06114772350405384,1.5535865769457837,0.20544467236346087,1.5393250710692754,-0.08314922535535314,1.567848082822292,0.04000135272164505,1.3396290320852837,-1.6693108113100212,"(-0.09355195505021298, -1.0046222781097225, 0.011539240232624197)",-0.0033194752920828277,0.9158655921369556,-0.09851448451512468,0.029608651544145312,0.08366734162117448,False,,
7,1219,0.018422876717205598,1.1214481880288185,-0.1258742029538596,1.1357083702998223,0.16271995638827078,1.1071880057578145,0.06071169310707914,1.5493636656740464,0.2050087727781444,1.5351034834030424,-0.08358538656398601,1.5636238479450504,0.03956728491214237,1.3354059268514324,-1.6693016385249078,"(-0.10417627428064449, -1.0135452561242877, -0.013683581734108845)",-0.0033976827142641365,0.9116343575401017,-0.0985053117300112,0.028989611619635453,0.08305866279661757,False,,
7,1220,0.017990964996975712,1.117225485682222,-0.1263062744041562,1.1314840515712736,0.16228820439810762,1.1029669197931704,0.06027498797830126,1.5451414370097165,0.20457222737943315,1.5308828711206648,-0.08402225142283062,1.559400002898768,0.039132976487638485,1.3311834613459692,-1.669290436766277,"(-0.10423402188093317, -1.0133917213111805, -0.055091930068196425)",-0.003437935066399559,0.9074038553438407,-0.09849410997138053,0.028369085340185212,0.08245078976507966,False,,
7,1221,0.017564790860495078,1.1130039574538257,-0.1267318601844999,1.1272684762749756,0.16186144190549004,1.098739438632676,0.05986646736459442,1.5409181640010525,0.20416311840958945,1.5266536451799027,-0.08443018368040053,1.5551826828222022,0.038715629112544746,1.3269610607274391,-1.6693316915003125,"(-0.10016337002249792, -1.0133761484472341, 0.051267260795075986)",-0.003447145776393467,0.903174772153897,-0.0985353647054159,0.02780217445442671,0.0818372744321406,False,,
7,1222,0.017138724668766644,1.1087831324177642,-0.12715735098470707,1.1230534705709747,0.16143480032224036,1.0945127942645536,0.059457658502425445,1.5366956326315138,0.2037537341558992,1.5224252944783032,-0.08483841715104823,1.5509659707847243,0.038298191585596046,1.322739382524639,-1.6693720205281888,"(-0.10018500646768719, -1.0132027686720617, 0.009820408176797135)",-0.0034834684476960903,0.8989465251070055,-0.09857569373329222,0.027234612442530524,0.0812241552374619,False,,
7,1223,0.016711822920957582,1.1045671572645275,-0.12758360224585524,1.118844071354369,0.16100724808777042,1.090290243174686,0.05905025780807408,1.5324777284488689,0.20334568297488692,1.5182008143590273,-0.08524516735873872,1.5467546425387104,0.03788104036451583,1.3185224428566982,-1.6694175931567052,"(-0.10011629305925138, -1.012065520305792, 0.015687379802618306)",-0.0034723908183267836,0.8947232442949492,-0.09862126636180868,0.02667041603209856,0.08060848023667805,False,,
7,1224,0.016277876727135234,1.1003524994843865,-0.12801683470410638,1.1146366253930555,0.16057258815837688,1.0860683735757175,0.05863769838732605,1.5282609540735856,0.20293240981856767,1.5139768281649166,-0.08565701304391556,1.5425450799822547,0.03745778755723064,1.314306726778986,-1.6694675728192876,"(-0.10158067374844529, -1.0117718586508821, -0.0199278010085173)",-0.00350621139876749,0.8905012872583836,-0.09867124602439103,0.026100078591211426,0.07998168837449779,False,,
7,1225,0.015852458740679268,1.096142428845373,-0.1284417923222574,1.1104312045167246,0.1601467098036159,1.0818536531740213,0.05822606935227377,1.5240495182044262,0.2025203204152104,1.5097607425330746,-0.08606818171066284,1.538338293875778,0.03703926404647652,1.3100959735248996,-1.6694997969393097,"(-0.10044564258098965, -1.0105807809807572, -0.019292973001179596)",-0.0035337710203315873,0.8862842121171413,-0.09870347014441316,0.02552640107420107,0.07937161305910474,False,,
7,1226,0.015383500554100621,1.0919270293721561,-0.12891032706114386,1.1062200805559341,0.1596773281693451,1.0776339781883781,0.05776979027151112,1.5198328629897777,0.20206361788675564,1.5055398118059997,-0.08652403734373332,1.5341259141735557,0.03657664541280587,1.305879946180967,-1.6695294274940131,"(-0.11102847208095558, -1.0118465625438473, -0.010651824632835885)",-0.0035599627840430335,0.88206118678156,-0.09873310069911656,0.024888898505093113,0.07870064295415782,False,,
7,1227,0.014914864814139547,1.0877122965211394,-0.12937859375946428,1.102009072831471,0.15920832338774338,1.0734155202108078,0.05731220145857131,1.515617035739413,0.2016056600321752,1.5013202594290813,-0.08698125711503249,1.5299138120497446,0.03611353313635543,1.3016646661302762,-1.6695552437841392,"(-0.11114694634810504, -1.0116672121657642, -0.052029226309513794)",-0.0035725017608128065,0.8778390106715677,-0.09875891698924266,0.02424854345401997,0.07803112909862236,False,,
7,1228,0.014487276612962736,1.0834915346134313,-0.1298055503160138,1.0977946845058295,0.15878010354193928,1.069188384721033,0.05690351422490248,1.5113944006786721,0.20119634115387905,1.4970912507862737,-0.08738931270407402,1.5256975505710704,0.03569539541893261,1.2974429676460517,-1.6695994148510664,"(-0.10035305218147637, -1.013207636213859, 0.05204248230911873)",-0.0035484048520593487,0.8736116655728607,-0.09880308805616989,0.023682156571635492,0.07741485433714992,False,,
7,1229,0.014059877155319773,1.0792714979470373,-0.13023234640786746,1.0935807333980037,0.15835210071850703,1.0649622624960708,0.056494161596116574,1.5071725747206268,0.20078638515930383,1.4928633392696604,-0.08779806196707064,1.5214818101715932,0.03527701937571817,1.293222036333832,-1.6696415899987866,"(-0.10041025037146546, -1.013023514932737, 0.010623812052584912)",-0.0035510796127917283,0.8693851950020248,-0.09884526320389009,0.023114304696037348,0.07679937048183215,False,,
7,1230,0.013632057284266304,1.075057459669146,-0.13065950197831439,1.0893733922469822,0.157923616546847,1.0607415270913099,0.056086202170263055,1.5029565664478337,0.2003777614328438,1.4886406338699976,-0.08820535709231761,1.5172724990256699,0.03485912972726468,1.2890070130584899,-1.6696880037425041,"(-0.10029351562883723, -1.0116055860820994, 0.03528796344378613)",-0.0035315969724968323,0.8651648637774408,-0.09889167694760759,0.022549533177830934,0.07618218200133241,False,,
7,1231,0.013204175931774302,1.0708441547959435,-0.1310866945992829,1.0851670274613578,0.15749504646283152,1.0565212821305292,0.055678901767140916,1.4987412191294236,0.19996977229819818,1.4844183464640093,-0.08861196876391626,1.513064091794838,0.03444153884945761,1.2847926869626836,-1.6697361015257395,"(-0.10022181067369786, -1.0114382629935268, -0.006123279217342114)",-0.003535971545674809,0.8609454158704718,-0.09893977473084292,0.021986134031010306,0.07556446620052179,False,,
7,1232,0.012810712649958488,1.0666452010080019,-0.13148112696531028,1.0809583076044589,0.15710255226522726,1.0523320944115448,0.055256477039451746,1.4945451391774196,0.19954831665472056,1.4802320325809626,-0.08903536257581698,1.5088582457738766,0.03403359484470512,1.2805951700927107,-1.6696684185453654,"(-0.09790656114059833, -1.007404048793473, -0.02553174600811492)",-0.0035396909997231925,0.8567409846439237,-0.09887209175046885,0.02137100310681032,0.07502576765458156,False,,
7,1233,0.012382417775368977,1.0624175336867603,-0.1319087958119356,1.076736949928453,0.15667363136267357,1.0480981174450679,0.054846893526595115,1.4903156153594568,0.19913810711389968,1.4759961991177641,-0.08944432006070946,1.5046350316011492,0.033614655650982046,1.2763665745231085,-1.6697121469983323,"(-0.10054540649353677, -1.0148629367045086, 0.002996720559642896)",-0.0035566169549593736,0.8525074639008053,-0.0989158202034357,0.020803230509960483,0.07440861169063961,False,,
7,1234,0.011954409533275933,1.0581905233618438,-0.13233622928626784,1.0725157301334043,0.1562450483528197,1.0438653165902836,0.05443605720066197,1.486086900550836,0.19872669602020576,1.4717616937792755,-0.08985458161888177,1.5004121073223962,0.03319523336696895,1.2721387119563399,-1.669752277933932,"(-0.10066134816314172, -1.0146870160244552, -0.03839472594019073)",-0.0035728474613220228,0.8482747619893732,-0.09895595113903544,0.020232742601397666,0.07379280465280515,False,,
7,1235,0.011526129755261377,1.0539709673269695,-0.13276387851678007,1.068302523866795,0.15581613802730282,1.039639410787144,0.05402660776991611,1.4818654746164717,0.19831661604195755,1.4675339180766462,-0.09026340050212531,1.496197031156297,0.03277636876258874,1.2679182209717206,-1.6697962848230148,"(-0.10052750505125052, -1.0129178363086544, 0.0585495765590269)",-0.0035568348254424705,0.844049669959035,-0.09899995802811823,0.01966523097795246,0.07317559868612815,False,,
7,1236,0.011097996777391986,1.049752136048365,-0.13319140086820028,1.0640898390398543,0.15538739442298424,1.035414433056876,0.053616702200428676,1.4776448325146043,0.19790609984602095,1.463307129523115,-0.09067269544516357,1.4919825355060934,0.03235734948891033,1.2636984842814847,-1.6698388828153643,"(-0.10056462568281828, -1.0127368056566182, 0.017116819187674628)",-0.003574545574825175,0.8398254673027383,-0.09904255602046774,0.01909670428016932,0.07255897032302512,False,,
7,1237,0.010712168842222904,1.0455407893324145,-0.13357809245802485,1.05986979815739,0.15500243014247067,1.031211780507439,0.053205091564563885,1.473436046981425,0.19749535286481165,1.4591070381564495,-0.09108516973568384,1.4877650558064004,0.031958630203393394,1.2594884181569197,-1.6697786279343183,"(-0.09569262852406522, -1.0104158698955839, 0.00858021354539958)",-0.0035910491016859147,0.8356094549486253,-0.09898230113942175,0.018498816304672042,0.07202912027485857,False,,
7,1238,0.010276141649440372,1.0413161888352407,-0.1340142666108987,1.0556437177242244,0.15456654990977944,1.0269886599462572,0.05276467559608113,1.4692118822969362,0.1970550838564203,1.4548843534079525,-0.09152573266425792,1.4835394111859197,0.03152040862276075,1.2552640355660885,-1.6697683712806473,"(-0.10517317935183323, -1.0138518217995103, -0.032657035260823274)",-0.003623625540011894,0.8313796995998574,-0.0989720444857507,0.017873292108397963,0.07141517708454817,False,,
7,1239,0.009863241269301704,1.037101713681904,-0.1344276257478298,1.0514246217471142,0.1541541082864332,1.0227788056166938,0.052338072083373405,1.4649987675947767,0.19662893910050494,1.4506758595295666,-0.09195279493375805,1.479321675659987,0.031100656676337556,1.2510502406383404,-1.6697363468620952,"(-0.10074046714156686, -1.011310782659545, -0.011332770864869557)",-0.003651050860710422,0.8271605214853275,-0.0989400200671986,0.017261597323937967,0.0708396444968802,False,,
7,1240,0.00943382575053886,1.03287504824242,-0.13485638550534423,1.047204560995219,0.15372403700642198,1.0185455354896213,0.051928242879528554,1.4607701574840046,0.19621845413541167,1.4464406447312057,-0.09236196837635453,1.4750996702368033,0.030681034315033707,1.2468226028632123,-1.6697821203939358,"(-0.10070936671292408, -1.0146330660307221, 0.01947741734700098)",-0.0036847183026287545,0.8229291233686269,-0.09898579359903925,0.01669401185575893,0.07022036911507233,False,,
7,1241,0.009004631328705742,1.0286490291153314,-0.13528496269898238,1.0429847556516794,0.15329422535639387,1.0143133025789834,0.0515174755399446,1.4565423079560615,0.19580706956763272,1.4422065814197136,-0.09277211848774349,1.4708780344924095,0.030261053434325173,1.2425956685356965,-1.6698251849704198,"(-0.10079541137004797, -1.0144642386038116, -0.021929207601012888)",-0.0037175789744996403,0.8186985502960419,-0.0990288581755232,0.016124388950131796,0.06960211712477783,False,,
7,1242,0.008577104862918638,1.0244347625472567,-0.1357119218717433,1.0387761977600933,0.1528661315975806,1.0100933273344204,0.05110687825270978,1.4523263590707374,0.1953959049873718,1.4379849238579008,-0.09318214848195217,1.4666677942835737,0.02984199155781421,1.238380560808997,-1.6698647490689156,"(-0.10057485036263143, -1.0116258544078345, 0.040741010490305915)",-0.003796832995098378,0.8144799255802663,-0.09906842227401902,0.015554088595152763,0.06898714192030993,False,,
7,1243,0.008149594409719463,1.020221115258995,-0.13613886055796995,1.0345683018486043,0.1524380493774089,1.0058739286693859,0.05069642360649168,1.44811101619766,0.1949848785741811,1.4337638296080508,-0.09359203136119772,1.4624582027872695,0.029423009008105572,1.2341660657283275,-1.6699046092599326,"(-0.10055581193007312, -1.0114788193607, -0.0006576979684223735)",-0.0038217351369512825,0.8102621004962361,-0.099108282465036,0.014984066850808522,0.06837211247536089,False,,
7,1244,0.007768851092345437,1.0160104378062045,-0.13652005633926453,1.0303530732750534,0.15205775852395542,1.0016678023373555,0.050302183862035714,1.4439016805344271,0.19459109129364568,1.4295590450655782,-0.09398672356957424,1.458244316003276,0.029035517477190576,1.2299560591703158,-1.6698730674874112,"(-0.09299796741959898, -1.0104015739228422, -0.023905569385352987)",-0.0038460010622538535,0.8060478775481296,-0.0990767406925146,0.014418269711187903,0.06784192847750443,False,,
7,1245,0.007338538174101891,1.0117819839119813,-0.1369497375757281,1.026130972766288,0.15162681392393187,0.9974329950576747,0.04989071201790777,1.4396713533769945,0.1941789877677378,1.4253223645226878,-0.09439756373192217,1.4540203422313012,0.02861462509600483,1.2257266686444879,-1.6699170999738782,"(-0.10101417148457885, -1.015053726198706, -0.019399815049067855)",-0.0038906553323755783,0.8018155672399766,-0.0991207731789816,0.013847902341965118,0.06722184283842911,False,,
7,1246,0.006908579985525822,1.00755415948298,-0.1373791315068634,1.0219088211748852,0.15119629147791505,0.993199497791075,0.049477576727037745,1.4354418556328241,0.19376528821942698,1.4210871939409189,-0.09481013476535147,1.4497965173247291,0.028193078356281782,1.221498007557902,-1.66995641604901,"(-0.10117121753353174, -1.0148786607806155, -0.06074247176142533)",-0.003930393374025391,0.7975840806999718,-0.09916008925411335,0.013273946142589746,0.06660349522414456,False,,
7,1247,0.006478217786038239,1.003333330677204,-0.13780882290365196,1.0176947334294317,0.15076525847572841,0.9889719279249766,0.04906720525816123,1.4312190375500784,0.19335424594785142,1.4168576347978508,-0.09521983543152893,1.4455804403023058,0.027772711522099737,1.2172761841136412,-1.670003135730965,"(-0.10088804020369066, -1.0132376266226122, 0.045115827958719074)",-0.003938077797042846,0.7933597802189556,-0.09920680893606848,0.012705837218577109,0.06598263761140827,False,,
7,1248,0.006047977102811634,0.9991131898996386,-0.13823840964752754,1.013481161173675,0.1503343638531508,0.9847452186256023,0.04865644363960907,1.4269969575040928,0.1929428303899483,1.4126289862300565,-0.09562994311073007,1.4413649287781292,0.027352210371210352,1.2130550737018657,-1.6700486598241981,"(-0.10092027621345227, -1.0130664988261435, 0.003656516344243131)",-0.0039774476073656286,0.7891363662261544,-0.09925233302930159,0.01213686243408468,0.06536226595420776,False,,
7,1249,0.005617231164241902,0.9948957159150231,-0.1386684331282663,1.0092709404235172,0.14990289545675012,0.9805204914065292,0.04824720729287928,1.4227773410583235,0.19253287158538757,1.4084021165498295,-0.0960384569996289,1.4371525655668176,0.026932219228560587,1.2088365284866733,-1.6700989296575373,"(-0.10079787423594339, -1.01245085164617, 0.03162005456026504)",-0.003966206405009675,0.7849158159622657,-0.0993026028626407,0.011571286709875886,0.06473993775793671,False,,
7,1250,0.00518648438271041,0.9906790184961406,-0.13909844673422228,1.0050616000648986,0.1494714154996431,0.9762964369273827,0.04783827800040649,1.4185584693946307,0.1921232091173392,1.4041758878258728,-0.09644665311652617,1.4329410509633889,0.02651238119155845,1.2046187439453857,-1.6701499193313254,"(-0.1007611288805126, -1.0122682899090099, -0.009786348889070104)",-0.004007123204050878,0.7806962466544524,-0.09935359253642884,0.011006332627998881,0.06411742096757479,False,,
7,1251,0.0048285780172730615,0.9864795560615944,-0.13945828980870467,1.0008426954457545,0.14911544584325082,0.9721164166774343,0.04742271550133406,1.4143647503041492,0.19170958332731186,1.400001610919989,-0.09686415232464365,1.4287278896883093,0.026125646759303563,1.2004221531828718,-1.6700151716904286,"(-0.09281626374117308, -1.0071817830033567, -0.01390663538432372)",-0.00404616897255475,0.7764945692967078,-0.09921884489553201,0.010383353012120643,0.06364656084488239,False,,
7,1252,0.0043957649465418,0.9822533711748033,-0.1398905133519097,0.9966224315053123,0.1486820432449933,0.9678843108442943,0.04700746109908574,1.4101368171633146,0.19129373939753722,1.3957677568328055,-0.09727881719936574,1.4245058774938235,0.02570161302281377,1.196195094169059,-1.670056207708004,"(-0.10176809675755057, -1.0144941633151205, -0.008363562348306791)",-0.004113456428273965,0.7722658817015767,-0.09925988091310733,0.009806848731716307,0.0630237270229581,False,,
7,1253,0.003963296815819185,0.9780277615477633,-0.1403224590977499,0.9924020664161721,0.14824905272938826,0.9636534566793544,0.04659054573592829,1.4059096583948991,0.1908763016494974,1.3915353535264903,-0.09769521017764078,1.420283963263308,0.025276921275873738,1.1919687099713312,-1.6700925559141884,"(-0.10192601926560758, -1.014332207454657, -0.049746502835593634)",-0.0041779785933624665,0.7680379874913208,-0.09929622911929181,0.009226767019987064,0.06240260949782724,False,,
7,1254,0.0035321297762237747,0.9738066053896539,-0.14075291113095545,0.988188085508668,0.14781717068340303,0.9594251252706398,0.04618065702571378,1.4016863818730132,0.19046569793289309,1.3873049017539991,-0.09810438388146545,1.4160678619920273,0.024856393400968776,1.1877464936313336,-1.6701422854826877,"(-0.10092668997719109, -1.0133319215994578, 0.04542378070463855)",-0.00417735130720982,0.7638147722960211,-0.09934595868779117,0.008660126264022756,0.061779828225613564,False,,
7,1255,0.0031011876827241568,0.9695862281719172,-0.14118317617813744,0.9839744992725908,0.14738555154358576,0.9551979570712434,0.04576985370541163,1.3974639968627482,0.1900542175662733,1.3830757257620745,-0.09851451015544993,1.411852267963422,0.024435520694067896,1.1835251125173327,-1.6701893520222872,"(-0.10100944965621125, -1.0131314673601903, 0.004008362072980984)",-0.004242174429311642,0.7595925588060243,-0.09939302522739069,0.008091493633646675,0.06115806349571508,False,,
7,1256,0.002669507988025628,0.9653715075253301,-0.14161409696527325,0.9797673868552076,0.1469531129413245,0.9509756281954527,0.04536073634559339,1.3932470256626992,0.18964434129889227,1.3788511463328215,-0.09892286860770544,1.4076429049925765,0.02401512216680951,1.1793092665940146,-1.6702420829558924,"(-0.10089564654201211, -1.0118030215963363, 0.0368089633659614)",-0.004252508026892938,0.7553762245755342,-0.09944575616099582,0.007526727489972412,0.060533773461751796,False,,
7,1257,0.0022378291692275905,0.9611575612727683,-0.1420450076665294,0.9755611370311114,0.1465206660049846,0.9467539855144252,0.044951881418107006,1.3890308015443233,0.189234718253864,1.3746272257859804,-0.09933095541764995,1.4034343773026665,0.023594855293667297,1.1750941814085458,-1.6702954254611124,"(-0.10086404955413161, -1.0116204445124957, -0.004602711695646341)",-0.004317451273815972,0.7511608947067488,-0.09949909866621587,0.006962491380418033,0.05990932576781606,False,,
7,1258,0.0018632470681832908,0.9569665239520677,-0.14242152133724048,0.9713507377363946,0.14614801547360703,0.9425823101677409,0.044519881049290534,1.3848454923267728,0.1888046494547143,1.370461278542446,-0.09976488735613318,1.3992297061110996,0.023191564058736912,1.1709060081394203,-1.6701612317842376,"(-0.09678989638329183, -1.0051615845901616, -0.009470700930037962)",-0.0043797965373280155,0.7469688478073715,-0.09936490498934103,0.006316418767717096,0.059414728932679184,False,,
7,1259,0.0014293360274117983,0.9527406671286244,-0.142854687697962,0.9671323486709518,0.14571335975278563,0.938348985586297,0.044108115773624126,1.380617427141802,0.1883921394989979,1.3662257455994744,-0.10017590795174966,1.3950091086841292,0.022768725900517962,1.166679047135213,-1.670212988995707,"(-0.10148115797254825, -1.0144706410097237, -0.0056934595359064075)",-0.004464220411863915,0.7427420424401417,-0.09941666220081036,0.005747653588265046,0.058787537616332965,False,,
7,1260,0.0009957890411703765,0.9485153791648093,-0.14328756299404252,0.9629137931567325,0.1452791410763833,0.9341169651728861,0.04369453398273568,1.376390147269234,0.18797788601794865,1.3619917332773106,-0.1005888180524772,1.3907885612611572,0.022345161511953027,1.1624527632170216,-1.6702596501927796,"(-0.10165545325558466, -1.0143081403659273, -0.04706498548244244)",-0.004545756383985905,0.7385160505085564,-0.099463323397883,0.005174984019458923,0.05816219659980557,False,,
7,1261,0.000562912193944911,0.9442953642359517,-0.14371966236606443,0.9587015670089015,0.14484548675395426,0.9298891614630019,0.043284754899934,1.3721678267242552,0.1875673294599433,1.3577616239513053,-0.10099781966007532,1.386574029497205,0.021923833546939452,1.1582315954801035,-1.6703136328726935,"(-0.10111871160325801, -1.0130802568603359, 0.05473907955471953)",-0.004555757594616663,0.7342955800006883,-0.09951730607779696,0.0046096081477365655,0.05753588744730351,False,,
7,1262,0.00013021697936311735,0.9400761244300483,-0.14415160975780875,0.9544898149146086,0.144412043716535,0.925662433945488,0.04287426462323156,1.3679463692368339,0.18715609136040345,1.3535326787522737,-0.10140756211394028,1.3823600597213943,0.02150224080129734,1.1540112468334411,-1.670365529167421,"(-0.10118225895410711, -1.012883675198948, 0.013307516330487174)",-0.004638386475805949,0.7300761360428522,-0.09956920237252453,0.004042679041992701,0.0569103826161852,False,,
7,1263,-0.00030360496740310106,0.9358628481325898,-0.14458459511756877,0.9502849104430843,0.14397738518276257,0.9214407858220952,0.04246526947061516,1.3637306120261847,0.18674625962078087,1.34930854971569,-0.10181572067955047,1.3781526743366792,0.02108083225160603,1.1497967300793872,-1.6704235534549727,"(-0.10113805192591457, -1.0114840209729399, 0.016522614915588037)",-0.00465600886937283,0.7258629116266593,-0.09962722666007617,0.0034794672305599552,0.05628168147565347,False,,
7,1264,-0.0007483504836443694,0.9316506424235106,-0.14502839454370414,0.9460821664603959,0.1435316935764154,0.9172191183866253,0.042048582867119,1.3595156006705844,0.18632862692717883,1.345084076633699,-0.10223146119294074,1.37394712470747,0.020650116191737317,1.1455831215470476,-1.670489132138618,"(-0.10337185436849092, -1.0112660477615318, -0.016574605019372426)",-0.0047399191226788285,0.721637186176315,-0.09969280534372138,0.0029073537966031976,0.05563555634347012,False,,
7,1265,-0.001182314530108853,0.9274446899039528,-0.145461557832766,0.9418842173204804,0.1430969287725483,0.9130051624874251,0.04163835298097321,1.355307273491143,0.1859175962836304,1.3408677460746155,-0.1026408903216839,1.3697468009076708,0.020228019225432176,1.141375981697548,-1.6705446034402935,"(-0.10130327191323332, -1.0097135638799137, -0.02491198898136998)",-0.004815578554258371,0.7174210684863574,-0.09974827664539698,0.002341724541269711,0.05500732551076352,False,,
7,1266,-0.001624808368382375,0.923225485411323,-0.14590395053655114,0.9376660233243419,0.14265433379978637,0.9087849474983041,0.041198855787466654,1.3510877690824443,0.18547799795563547,1.3366472311694253,-0.10308028638070207,1.3655283069954631,0.01978702370954214,1.1371566272468836,-1.6705516071978834,"(-0.10583892381360825, -1.012645068159435, -0.006576050396253051)",-0.004889486703131721,0.7131974914440379,-0.09975528040298687,0.0017220202576743765,0.05437971653612844,False,,
7,1267,-0.002066920725798161,0.9190068670349567,-0.14634603330978202,0.9334477005281487,0.1422121918581857,0.9045660335417646,0.0407576199781509,1.3468690629736675,0.1850367325621348,1.3324282294804752,-0.10352149260583292,1.3613098964668597,0.01934534962617637,1.132937965004312,-1.6705536558668672,"(-0.1060017800077853, -1.0124789382171657, -0.04796388146759821)",-0.0049583247034803895,0.7089755161238286,-0.09975732907197066,0.0010985604402968027,0.05375394381669544,False,,
7,1268,-0.002502030033314971,0.9147899459647808,-0.14678029519895133,0.9292392435530489,0.14177623513232135,0.9003406483765128,0.04034761109051442,1.3426496288697713,0.18462587625615076,1.3282003312815032,-0.10393065407512188,1.3570989264580393,0.018922790528599725,1.128719787417276,-1.6706123207683818,"(-0.10141418341839431, -1.0123626208886352, 0.05912069699425024)",-0.004977994997980066,0.704748686872987,-0.09981599397348528,0.0005340778389283017,0.053123259225622436,False,,
7,1269,-0.0029369711432336923,0.9105737281898997,-0.1472144172331872,0.9250312020273498,0.14134047494671984,0.8961162543524497,0.039936916788514604,1.3384309821118308,0.18421436287846812,1.3239735082743809,-0.1043405293014389,1.3528884559492809,0.018499972822640456,1.1245023551508653,-1.6706689909284989,"(-0.10147624943022435, -1.0121837439385881, 0.017658660195560713)",-0.005047261341041273,0.7005231219201832,-0.0998726641336023,3.189751418772587e-05,0.05249333593140696,False,,
7,1270,-0.003367208872306425,0.906361234551161,-0.14764410654284332,0.9208241802596059,0.1409096887982305,0.8918982888427163,0.039522905987219595,1.3342168621258566,0.1837998036577565,1.3197539164174117,-0.10475399168331728,1.3486798078343014,0.018077848557456585,1.1202890483385088,-1.6707069170322812,"(-0.10130982364412898, -1.0111936349655408, 0.021130965306505975)",-0.0051098474441364835,0.6963051175482188,-0.09991059023738469,0.0006074684855081687,0.05187496960216836,False,,
7,1271,-0.0038128484039216294,0.9021408367919607,-0.14808954553982406,0.9166057828186511,0.1404638487319808,0.8876758907652702,0.039083198433850136,1.3299958696777403,0.18335989556975263,1.31553092365105,-0.10519349870205227,1.3444608157044309,0.01763517501496425,1.1160683532348505,-1.670720781480908,"(-0.1062416501981601, -1.012966824878009, -0.01550146288929323)",-0.0051841162689162295,0.6920799850632174,-0.09992445468601141,0.0012256758138072573,0.051241117496649245,False,,
7,1272,-0.004248509206731848,0.8979380154958673,-0.14852429117960925,0.9124120866617399,0.14002727276614554,0.8834639443299946,0.038674598388614534,1.3257903344499176,0.18295038036149192,1.3113162632840447,-0.10560118358426283,1.34026440561579,0.017213044590941345,1.1118641749728924,-1.6707840291730247,"(-0.10131130176549755, -1.0090027828699826, -0.010316239727939505)",-0.005252379408830379,0.6878672266003365,-0.09998770237812815,0.0017869714532086323,0.05060845841581213,False,,
7,1273,-0.004686889830340386,0.8937114651830518,-0.14896171569943212,0.9081950635081657,0.13958793603875136,0.8792278668579379,0.038264470719997355,1.3215609487948412,0.18253929658908916,1.3070773504697273,-0.10601035514909435,1.3360445471199551,0.016788790444828484,1.1076362069889465,-1.6708500637539883,"(-0.10182099506708657, -1.0147123161470326, 0.013789196165695974)",-0.005320105751341715,0.6836305505657163,-0.1000537369590917,0.002349700265208351,0.04997122571448271,False,,
7,1274,-0.0051249816591710864,0.8894855063374021,-0.14939890898479885,0.9039780524918726,0.1391489456664567,0.8749929601829316,0.0378529138333966,1.317332325303057,0.18212684115902444,1.3028397791485866,-0.10642101349223117,1.3318248714575276,0.016363966087112755,1.1034089158202296,-1.6709120832862487,"(-0.10195784585177538, -1.0145498804920299, -0.02761273356358678)",-0.005393066495985059,0.6793953680832279,-0.10011575649135218,0.0029155023097767714,0.04933545344383159,False,,
7,1275,-0.005562781439836514,0.8852686803830747,-0.14983578529874608,0.8997704167455614,0.13871022241907305,0.8707669440205882,0.03744236777305472,1.3131127607922548,0.18171537163196427,1.2986110244297682,-0.10683063608585482,1.3276144971547414,0.015939793166609106,1.0991907205876648,-1.670975783204839,"(-0.10180150092087552, -1.0123668558155692, 0.037123069388578914)",-0.005401031861914475,0.6751692233165371,-0.10017945640994252,0.0034794370706992136,0.04869965643228896,False,,
7,1276,-0.006000447273060285,0.8810526447742908,-0.1502725478672177,0.8955633646099614,0.13827165332109714,0.8665419249386203,0.0370313425844456,1.3088940465362748,0.181303443178603,1.2943833267006042,-0.10724075800971179,1.3234047663719455,0.015515447655692658,1.0949733456552828,-1.6710380505803202,"(-0.10184292261994753, -1.0121699837716873, -0.004290337654977829)",-0.005486777314555283,0.6709443712516401,-0.10024172378542362,0.0040444257913316555,0.048064425221125334,False,,
7,1277,-0.0063861698644396316,0.8768469600924232,-0.15065914304758554,0.891349001634746,0.13788680331870626,0.8623449185501005,0.03661988436451742,1.3046909495320973,0.18089285754766335,1.2901889079897746,-0.10765308881862842,1.31919299107442,0.015116857250038897,1.0907689548122603,-1.6709778984991799,"(-0.09566169735690275, -1.0090538023254065, -0.020707751287052562)",-0.0055755367210076475,0.6667583244981565,-0.10018157170428332,0.004642039655580038,0.04753466559197717,False,,
7,1278,-0.006828064488233256,0.8726200601527478,-0.15110015989059192,0.887130831607523,0.13744403091412544,0.8581092886979729,0.03620387844661702,1.3004614465183633,0.1804759738489757,1.285950675063588,-0.10806821695574165,1.3149722179731382,0.014687906979191883,1.0865407533355556,-1.6710384083702547,"(-0.10294806500328335, -1.0147683544091461, -0.019846124426823243)",-0.005693547854647617,0.6625228386482351,-0.10024208157535819,0.005214531812186182,0.04689391358904455,False,,
7,1279,-0.007249513925993869,0.8684120225846996,-0.151521776766242,0.8829211292062095,0.13702274891425428,0.8539029159631899,0.03577749191710402,1.2962539054902633,0.18004975475735224,1.2817447988687536,-0.10849477092314411,1.310763012111773,0.014263988995555076,1.0823329640374815,-1.6710268688393801,"(-0.10174031607283356, -1.0098694315377739, 0.03101434090784857)",-0.005812991815701512,0.6583207416646673,-0.10023054204448356,0.005820545176028793,0.04630091625106708,False,,
7,1280,-0.007690291948818619,0.8641851734119818,-0.15196150867953745,0.8787046783290906,0.1365809247819002,0.8496656684948729,0.035367550219159355,1.2920239540616998,0.1796387669498782,1.2775044491445908,-0.10890366651155943,1.3065434589788085,0.013838629135170366,1.0781045637368407,-1.6710989432152077,"(-0.10208636649233041, -1.0148160721537889, 0.01331260925919122)",-0.0059437405670673266,0.6540844872531926,-0.10030261642031113,0.00638143884080017,0.0456587209707879,False,,
7,1281,-0.008130798519677934,0.859958884081434,-0.1524010275705835,0.8744881996055469,0.13613943053122762,0.845429568557321,0.03495613717251901,1.2877947357496369,0.17922636622342464,1.2732654202255238,-0.10931409187838653,1.3023240512737497,0.013412669326420538,1.0738768099155354,-1.6711669445865442,"(-0.10223035409995873, -1.014660917113267, -0.028081341427157663)",-0.006079983413800424,0.6498497373564985,-0.10037061779164769,0.006945480388637716,0.04501797666341947,False,,
7,1282,-0.008570269939759331,0.8557471755734394,-0.15283951848694374,0.8702862238101954,0.13569897860742508,0.8412081273366835,0.034545528279585874,1.283580119540952,0.17881477682677033,1.269041071304196,-0.10972372026759852,1.298119167777708,0.012987629169913271,1.0696636475571957,-1.6712344065000428,"(-0.10200963756174398, -1.0111589660015057, 0.030580819796173025)",-0.006167377354416561,0.6456298574345686,-0.10043807970514629,0.007508527733751949,0.0443788393227497,False,,
7,1283,-0.009009678581194936,0.8515362600214997,-0.1532779546844035,0.8660849544718059,0.1352585975220136,0.8369875655711937,0.03413472565074745,1.2793663201896357,0.17840300175395604,1.2648176257393295,-0.11013355045246108,1.2939150146399419,0.012562523534776254,1.0654512901055677,-1.671301269301048,"(-0.10202535243288444, -1.0109657883907257, -0.010789378503094013)",-0.006317959150768829,0.6414111751322346,-0.1005049425061515,0.008072007649401233,0.04373994935115632,False,,
7,1284,-0.009413077453228745,0.8473280633382555,-0.1536815027609153,0.8618752781658594,0.13485534785445785,0.8327808485106517,0.033726938932079335,1.2751585659748432,0.17799536423976592,1.2606113511472394,-0.11054148637560722,1.2897057808024472,0.012156930739425295,1.0612433146565494,-1.671291013256011,"(-0.09734227088423009, -1.009914107764414, -0.025021218412140004)",-0.0064742018435298195,0.6372142105419449,-0.10049468646111448,0.008651380104487452,0.043172142564405505,False,,
7,1285,-0.009866185423738476,0.8431062901962618,-0.15413477371639683,0.8576518885697709,0.13440240286891988,0.8285606918227528,0.03326903733908162,1.2709372761675937,0.17753762563174,1.2563916777940844,-0.1109995509535767,1.2854828745411027,0.01170142595767157,1.0570217831819277,-1.671279808772575,"(-0.1093211476208938, -1.0131675539092215, -0.019258984781503924)",-0.0066599336342069455,0.6329939457571313,-0.10048348197767853,0.009301873644076525,0.04253428444603968,False,,
7,1286,-0.010318907122271865,0.8388850391240827,-0.15458773596687325,0.853428251417352,0.1339499217223295,0.8243418268308134,0.03280923967845792,1.266716738456349,0.17707806852305935,1.2521735261630795,-0.11145958916614343,1.2812599507496183,0.011245166278093029,1.0528008887902158,-1.6712632696334688,"(-0.1095023230988501, -1.0130146540108722, -0.06065801262827238)",-0.006836023057510131,0.6287753666638344,-0.10046694283857227,0.009956443093315616,0.04189836706391365,False,,
7,1287,-0.010761733111980799,0.8346650698922594,-0.15502942158634542,0.8492195902300679,0.13350595536238383,0.820110549554451,0.03239994788979601,1.2624933874369269,0.17666763636416066,1.2479388670991185,-0.11186774058456858,1.2770479077747354,0.010819107388907609,1.0485792286645932,-1.6713416517019737,"(-0.10225413340450078, -1.0131984301494377, 0.04557840870006874)",-0.006870003415956034,0.6245468139337972,-0.10054532490707713,0.010514776569271743,0.041251634443315206,False,,
7,1288,-0.010956472531800683,0.8306315382761498,-0.15525857465511622,0.8448408071803616,0.13334562959151486,0.8164222693719378,0.03118135939103455,1.25856191009012,0.1754834615143501,1.244352641185908,-0.11312074273228095,1.272771178994332,0.010112443429616933,1.0445967241831349,-1.6689488075435637,"(-0.16959935022976222, -0.9558010755500187, 0.1295509250771245)",-0.06618311717292873,0.6207282421425339,-0.09815248074866711,0.012864749363777546,0.04160287014971302,False,,
7,1289,-0.011192546425636165,0.8265827054782564,-0.15552447505325487,0.8404857403495343,0.13313938220198254,0.8126796706069785,0.030037143192635972,1.2546015283049878,0.1743690718202547,1.24069849343371,-0.1142947854349827,1.2685045631762657,0.009422298383499903,1.0405921168916221,-1.6668268545830547,"(-0.16563481106808728, -0.9611057499630653, 0.06686074247746862)",-0.11956479315644546,0.6166842837225353,-0.09603052778815813,0.01504070120181363,0.04182680744180656,False,,
7,1290,-0.011432561693384616,0.822522769659009,-0.15579168922222755,0.8361404896998692,0.1329265658354583,0.8089050496181487,0.02895102187606316,1.2506222512962675,0.17331014940490613,1.2370045312554072,-0.11540810565277974,1.2642399713371277,0.008759230091339271,1.0365725104776382,-1.6648502451146305,"(-0.15913639011855155, -0.9647055393561307, 0.013117240710775272)",-0.16760824099537217,0.6126294531098031,-0.09405391831973398,0.017098060196590294,0.04200873651605487,False,,
7,1291,-0.011675551977768471,0.8184515442386173,-0.1560596881085684,0.8318014968139124,0.13270858415303144,0.8051015916633224,0.02791396255586482,1.2466251893161622,0.1722980986866648,1.233275236740867,-0.11647017357493507,1.259975141891457,0.008119205289048173,1.0325383667773897,-1.6629955359490365,"(-0.15360595254986362, -0.9681944880596421, -0.040465008518338376)",-0.210847323042538,0.6085635547749666,-0.09219920915413993,0.01905543442759769,0.04215585765840335,False,,
7,1292,-0.012013393277450862,0.8143689969428266,-0.1564164290771849,0.8275129404842726,0.13238964252228316,0.8012250534013805,0.02696519791442351,1.2425986893144518,0.17136823371415758,1.2294547457730056,-0.1174378378853105,1.2557426328558978,0.007475902318486324,1.0284838431286392,-1.6615688174592431,"(-0.15439271293484394, -0.9730856757001534, -0.10596788954259163)",-0.24976259037624446,0.604488383745889,-0.09077249066434656,0.020775716235888697,0.04205661431805276,False,,
7,1293,-0.012286346802235566,0.8104344561413044,-0.15670119652474251,0.8234479560404757,0.13212850292027142,0.7974209562421333,0.026305411519444474,1.238699182904601,0.17072026124195144,1.2256856830054297,-0.11810943820306248,1.2517126828037721,0.007009532358604454,1.0245668195229527,-1.660665524138821,"(-0.11192879037164866, -0.9400856653647344, -0.06036820787146199)",-0.28478634494733335,0.6005601472287757,-0.08986919734392451,0.021948906713214505,0.04191072177348085,False,,
7,1294,-0.012440485369805843,0.8067031458687047,-0.1568642604407395,0.8196172154929695,0.13198328970112783,0.7937890762444402,0.025856410757323856,1.234994340906646,0.17028018582825752,1.2220802712823813,-0.11856736431360981,1.2479084105309106,0.006707962693759006,1.0208487433876754,-1.6599770409344017,"(-0.07237671956290762, -0.892338272466554, 0.020158238865891756)",-0.31629227822551575,0.5968328157581863,-0.08918071413950512,0.022767138323226757,0.04187599598631624,False,,
7,1295,-0.012569614026782909,0.803030948809139,-0.15700087573619592,0.8158610166588056,0.1318616476826301,0.7902008809594723,0.025478173389469887,1.2313443456025706,0.1699094350988829,1.2185142777529039,-0.11895308831994308,1.2441744134522372,0.00645427968134349,1.0171876472058548,-1.659395422049259,"(-0.0608839229797239, -0.8786630836369729, 0.010916590732011268)",-0.34466265737777285,0.5931641437597606,-0.08859909525436249,0.0234570120688326,0.04184835624146507,False,,
7,1296,-0.012676133814975218,0.7994171188877983,-0.1571137115893725,0.8121758855470382,0.13176144395942208,0.7866583522285585,0.02516020869173613,1.2277492460808386,0.1695977864661334,1.2149904794215987,-0.11927736908266114,1.2405080127400785,0.006242037438380457,1.0135831824843184,-1.6589017641725134,"(-0.05093813831112785, -0.8650715331687395, 0.0005439652284907441)",-0.3701961226552729,0.5895534109870693,-0.08810543737761689,0.024038325939223133,0.04182936881786198,False,,
7,1297,-0.01276923559463758,0.7958707770049195,-0.1572115373157116,0.8085759520732998,0.13167306612643648,0.7831656019365392,0.024908180125386883,1.2242169131432772,0.16935048184646098,1.2115117380748968,-0.11953412159568715,1.2369220882116574,0.0060694722653746504,1.0100438450740983,-1.6585307338997348,"(-0.04141564152139346, -0.8494409784528555, -0.0072524676903079205)",-0.3931765405946225,0.586009915211355,-0.08773440710483826,0.02449375930797396,0.041796724593590434,False,,
7,1298,-0.01285062360577539,0.7923818888342067,-0.1572964340178486,0.8050471110746338,0.13159518680629784,0.7797166665937798,0.02470831131411144,1.220738430056217,0.16915412172618466,1.2080732078157899,-0.11973749909796172,1.2334036522966438,0.005928843854168024,1.0065601594452118,-1.6582541366565762,"(-0.03375081868959022, -0.8360845509327727, -0.020408147501430333)",-0.41385893620234876,0.5825236501371902,-0.08745780986167961,0.02485026527426443,0.0417554837702814,False,,
7,1299,-0.01298913422328141,0.7890191700621977,-0.15743303001554732,0.8017062094470591,0.13145476156898453,0.7763321306773363,0.024634499814583304,1.2173700334461586,0.16907839560684923,1.2046829940612973,-0.1198093959776826,1.23005707283102,0.005822682795650948,1.0031946017541782,-1.6584051779981288,"(-0.02547865404409834, -0.8077338458480721, -0.002271998005138838)",-0.43247304677340154,0.5791648443296491,-0.08760885120323225,0.024914310957573314,0.04151927105932982,False,,
7,1300,-0.012991671183902855,0.7857769458061907,-0.15743820932808983,0.7984338655799716,0.13145486696028416,0.7731200260324097,0.0245426426279994,1.2141356451303313,0.1689891807721864,1.2014787253565504,-0.11990389551618759,1.2267925649041125,0.005775485722048271,0.999956295468261,-1.6581966587296932,"(-0.011327297664642466, -0.777193508620117, 0.022035641732237987)",-0.44922544720283597,0.5759234973866371,-0.08740033193479668,0.025099896156163367,0.04157137319804797,False,,
7,1301,-0.012973738071112895,0.7826001067274151,-0.15742300173615145,0.7952258830056554,0.13147552559392564,0.7699743304491748,0.02446821916780668,1.2109668886306328,0.16891748283284522,1.1983411123523924,-0.11998104449723183,1.223592664908873,0.005747240548346894,0.996783497679024,-1.6579810550745,"(-0.006778841688330663, -0.761471469416896, 0.0146084021271684)",-0.46430254849773034,0.5727470646836919,-0.08718472827960344,0.02526273812657094,0.04165433617640354,False,,
7,1302,-0.012939134519505131,0.7794825195510919,-0.15739121544288223,0.7920760225151646,0.131512946403872,0.7668890165870192,0.02440711564981378,1.207857656082486,0.1688591965731909,1.1952641531184134,-0.12004496527356333,1.2204511590465588,0.005733990565154325,0.993670087816789,-1.6577576340718778,"(-0.0031799959662166043, -0.7472183669363984, 0.0033061814648384646)",-0.47787199585978085,0.569629494738794,-0.08696130727698126,0.025408852539965422,0.04176298440139546,False,,
7,1303,-0.012894617724760344,0.776430227482581,-0.15734918253147437,0.7889952068499678,0.1315599470819537,0.7638652481151942,0.024367045226800513,1.2048127300128364,0.16882161003351456,1.1922477506454494,-0.1200875195799135,1.2173777093802232,0.005736213751020085,0.9906214787477087,-1.657560175155548,"(0.0005335646077823772, -0.7316661765792835, -0.006637704403545566)",-0.49008484693620447,0.5665769795643273,-0.08676384836065143,0.025518301669248167,0.04187873207341959,False,,
7,1304,-0.0128278531632775,0.7734447702330965,-0.15728513828692478,0.7859784358862587,0.1316294319603698,0.7609111045799344,0.024340948428858523,1.2018353399101196,0.16879823355250587,1.1893016742569575,-0.12011633669478874,1.2143690055632819,0.005756547632790511,0.9876400550716081,-1.6573434051330682,"(0.004880131624902101, -0.7155416822641218, -0.01352254955165983)",-0.501076393054302,0.5635907761131348,-0.08654707833817166,0.02561317107473713,0.04203112480526825,False,,
7,1305,-0.012746711503608309,0.7705226506562771,-0.15720683710529887,0.7830235350707404,0.1317134140980823,0.7580217662418139,0.024324876759972358,1.1989216438199115,0.168785002361663,1.186420759405448,-0.12013524884171821,1.2114225282343747,0.005789082628182025,0.9847221472380943,-1.6571164805010363,"(0.0078083988939633055, -0.7002978800433151, -0.023591778214647585)",-0.5109688032625136,0.5606675668815658,-0.08632015370613977,0.025696600246505063,0.04220658726418748,False,,
7,1306,-0.012715423379960542,0.767731810811621,-0.15717569669245757,0.7802309881636973,0.1317448499325365,0.7552326334595447,0.024351102560679513,1.1961312420141983,0.16881137587317652,1.1836320646621221,-0.1201091707518175,1.2086304193662747,0.005817839590359486,0.9819315264129097,-1.6571046636657187,"(0.006901670922590786, -0.6697489980442825, -0.003580120337234566)",-0.5198685431362643,0.5578767379833484,-0.08630833687082218,0.02566266745786362,0.04225400187114999,False,,
7,1307,-0.012555009254095804,0.7650791413151756,-0.1570210902286721,0.777511013573494,0.1319110717204805,0.7526472690568573,0.024311922270572377,1.1934957952397813,0.16877800324514874,1.181063922981463,-0.1201541587040039,1.2059276674980997,0.005878456508238287,0.9792874682774785,-1.6566387657540755,"(0.014548060290912294, -0.6345739525035051, 0.02824574053298285)",-0.527881283460358,0.5552211103520499,-0.08584243895917898,0.025842779052162763,0.04260557442402556,False,,
7,1308,-0.012377447786431059,0.7624856988837101,-0.15685003905451675,0.7748416841655339,0.13209514348165466,0.7501297136018863,0.024264439601046503,1.1909216591959642,0.1687370308691322,1.1785656739141404,-0.12020815166703919,1.203277644477788,0.005943495907307723,0.9767036790398371,-1.656113484910493,"(0.015609455776664578, -0.620109417033929, 0.016330624469729275)",-0.5350927614755433,0.5526243287123066,-0.08531715811559648,0.026050640312507034,0.04299740530877795,False,,
7,1309,-0.012182374647279849,0.7599536553936226,-0.15666221490329435,0.772224586882166,0.13229746560873462,0.7476827239050792,0.024207284249779998,1.1884111127045622,0.1686871245057945,1.1761401812160188,-0.12027255600623445,1.2006820441931056,0.006012454801250075,0.9741823840490924,-1.6555247804626687,"(0.0165501345461646, -0.6051107977787271, 0.005645202286020532)",-0.541582699571543,0.550088568625866,-0.08472845366777215,0.026289313707542967,0.04343113433390941,False,,
7,1310,-0.011979717159416644,0.7574812085491542,-0.15646695372408984,0.7696647412841273,0.13250751940525654,0.7452976758141814,0.024150759227054838,1.185960599740944,0.16863799579172806,1.1737770670059708,-0.12033647733761832,1.1981441324759168,0.006085521033819096,0.9717209041450491,-1.6549198759049102,"(0.01753589581656503, -0.5907551769703915, -0.007685305211280906)",-0.5474244652020466,0.5476122600322807,-0.08412354911001363,0.02653159623209109,0.04388008979660878,False,,
7,1311,-0.011774763019419354,0.7550637114929797,-0.1562693664729621,0.7671595608969458,0.1327198404341234,0.7429678620890137,0.024095686937169833,1.1835649493207272,0.1685902903907126,1.171469099916761,-0.12039891651637291,1.1956607987246932,0.00616046195887524,0.9693143304068534,-1.6543130327322704,"(0.01798582201347457, -0.5775776971669413, -0.022912506499129324)",-0.5526820574786515,0.5451908790787551,-0.08351670593737381,0.0267725042347527,0.04433297316857613,False,,
7,1312,-0.01154477133392648,0.75271870923633,-0.1560476200255493,0.7647156555146946,0.13295807735769632,0.7407217629579654,0.024032379698464945,1.1812443984597631,0.16853522839008775,1.1692474521813985,-0.12047046899315784,1.1932413447381276,0.006243804182269231,0.9669815538480465,-1.6536285760285434,"(0.020002133614557844, -0.55986637411366, -0.02638162634830618)",-0.557413895151176,0.5428414861635953,-0.08283224923364685,0.02704610107315964,0.04484230783646414,False,,
7,1313,-0.011367363229175967,0.7505067682870509,-0.15587642831923698,0.7624286014848655,0.13314170186088503,0.7385849350892363,0.02398703866779138,1.1790508923472318,0.1684961037578524,1.167129059149417,-0.12052202642226958,1.1909727255450462,0.006309837719307708,0.9647788303171413,-1.6531087837620175,"(0.015848048889234276, -0.5286536474172479, -0.0055977142913573655)",-0.5616666361681562,0.5406262882166347,-0.08231245696712097,0.027250142047339183,0.04523313028221663,False,,
7,1314,-0.011072497174692678,0.7484362752999631,-0.15559282857592954,0.7602207486304375,0.13344783422654416,0.7366518019694888,0.023874561667403774,1.1770138098001828,0.16839489306864067,1.1652293364697084,-0.12064576973383304,1.1887982831306572,0.006401032246355547,0.962725042550073,-1.6521582931983143,"(0.021886686491481507, -0.4929090640963944, 0.026268991419330028)",-0.5653749123107128,0.538550111644758,-0.08136196640341775,0.02766537192226658,0.04590630765541828,False,,
7,1315,-0.010760149629991103,0.7464293486953412,-0.15529252134072924,0.7580652211451845,0.13377222208074704,0.734793476245498,0.023746230738509545,1.1750425889409783,0.1682786024492477,1.163406716491135,-0.12078614097222856,1.1866784613908217,0.006493040554259222,0.9607359688181598,-1.6511301009971011,"(0.02208199389688208, -0.4773776956591466, 0.016543868791059534)",-0.5688369891407697,0.5365372558935378,-0.08033377420220456,0.028124405140494236,0.04662559009183986,False,,
7,1316,-0.010435001916756306,0.74448768115537,-0.1549799074209535,0.7559668053720814,0.1341099035874409,0.7330085569386586,0.023606538863835996,1.17313809058161,0.16815144436803323,1.1616589663648986,-0.1209383666403612,1.1846172147983214,0.006585768473539844,0.95881288586849,-1.6500456282271923,"(0.022254700627349303, -0.4615399079207658, 0.007789417721894315)",-0.5718096075138491,0.5345895346636026,-0.0792493014322957,0.028615193866497204,0.04737866340444802,False,,
7,1317,-0.010103805679125626,0.7426058717047741,-0.1546614038988595,0.7539240339646988,0.13445379254060824,0.7312877094448496,0.02346039964340943,1.1712939215977782,0.16801799786314334,1.1599757593378535,-0.12109719857632442,1.1826120838577028,0.006678296982141901,0.9569498966512762,-1.6489320997168446,"(0.022206842064493745, -0.4471174121313165, -0.005758798514039536)",-0.5746286854551689,0.5327017002634813,-0.07813577292194807,0.029123486931122697,0.04814867703717991,False,,
7,1318,-0.009763812667070755,0.7407848078474941,-0.15433433520558315,0.7519366692590017,0.1348067098714417,0.7296329464359866,0.023307224622227472,1.169511185030669,0.1678777471607399,1.1583593236191614,-0.12126329791628494,1.1806630464421763,0.00677170597757836,0.9551479964390815,-1.647781738903502,"(0.02241815890474999, -0.43245605092670675, -0.01769940897767068)",-0.5771658433782585,0.5308746031592573,-0.07698541210860554,0.029652270368793556,0.048941671435875946,False,,
7,1319,-0.009468921512259122,0.7390876905611325,-0.1540507878630744,0.7500915045596961,0.13511294483855618,0.7280838765625691,0.023163078621411905,1.1678477080152745,0.1677449449722272,1.156843894016711,-0.12141878772940337,1.178851522013838,0.00684707855457639,0.9534676992882035,-1.6467577293798326,"(0.018089418479527282, -0.40327131621072515, -0.0005337057371643528)",-0.5794492592270307,0.5291724149820342,-0.075961402584936,0.030134478879977774,0.04963707621301407,False,,
7,1320,-0.009140133948382716,0.7374667476206825,-0.15373471513480383,0.748302202919076,0.13545444723803837,0.7266312923222893,0.02299259555719755,1.1662644711390349,0.16758717674361864,1.1554290158406413,-0.12160198562922352,1.177099926437428,0.006926230804407416,0.9518656093798586,-1.6455933283189452,"(0.018996539959446227, -0.38450157800277335, -0.005227813402851361)",-0.5815043437232112,0.5275459334447904,-0.07479700152404867,0.03069264728056153,0.05041913140878864,False,,
7,1321,-0.008729037217122175,0.735975163377195,-0.1533394403044048,0.7465973721368473,0.13588136587016042,0.7253529546175428,0.02277130600115706,1.1648198070153435,0.1673817090884397,1.1541975982556911,-0.12183909708612552,1.1754420157749959,0.007021134392017443,0.9503974851962693,-1.64411861998617,"(0.022776861026406414, -0.3523498040614451, 0.02093441220440688)",-0.5833543903942822,0.5260475915546092,-0.07332229319127337,0.03140800578841764,0.051402928222934074,False,,
7,1322,-0.008301423454220221,0.7345372944450106,-0.15292814059217333,0.7449350196721211,0.1363252936837329,0.7241395692179002,0.022533209977900176,1.1634303176816994,0.1671599271158533,1.153032592454589,-0.1220935071600529,1.1738280429088097,0.007115893261839978,0.948983806063355,-1.6425663746361032,"(0.022742128757408442, -0.339282991899437, 0.005451573634290861)",-0.5850189617509824,0.5246029802575067,-0.07177004784120666,0.0321693034921059,0.05243225490926953,False,,
7,1323,-0.00786978377349563,0.7331678325109221,-0.15251273784946598,0.74333719021811,0.13677317030247468,0.7229984748037344,0.02228762184092323,1.162109006667248,0.16693057591689356,1.1519396489600602,-0.12235533223504706,1.1722783643744357,0.007208919033713801,0.947638419589085,-1.6409874502260822,"(0.022326185249717388, -0.3228927538247811, -0.0017330082051891724)",-0.5864182931330991,0.523227020012172,-0.07019112343118561,0.03294955923017106,0.053475637688807164,False,,
7,1324,-0.007425735729263552,0.7318657722209595,-0.15208515094200378,0.74179822359552,0.13723367948347667,0.7219333208463989,0.022029120071157225,1.1608557621621893,0.16668853528389752,1.1509233107876287,-0.12263029514158297,1.1707882135367498,0.007301692170946837,0.9463607671915744,-1.6393496739420164,"(0.022265552935928648, -0.306636575402553, -0.009739801364140571)",-0.5877759491283336,0.5219186007098227,-0.0685533471471198,0.03376534882814005,0.05455383976965128,False,,
7,1325,-0.0069798845480462165,0.7306349644328531,-0.1516555555535559,0.7403277565540906,0.13769578645746344,0.7209421723116158,0.021764257604588624,1.159673161207813,0.16643992861009832,1.1499803690865757,-0.12291141340092099,1.1693659533290504,0.007392186528271203,0.9451540628203331,-1.637693053573946,"(0.021718645757847925, -0.2896090490978924, -0.017111484182098395)",-0.5889983852915824,0.5206817501874849,-0.06689672677904945,0.03459648731237929,0.05564094537393392,False,,
7,1326,-0.006589171643251598,0.7295267057906464,-0.15127932253744397,0.7390008935772503,0.1381009792509408,0.7200525180040425,0.02150669558598758,1.158607842925148,0.16619684648017996,1.149133655138544,-0.12318345530820479,1.1680820307117519,0.007458761971367992,0.9440672743578972,-1.6361821336483584,"(0.01597810634322923, -0.260829230984636, -0.001467632560449017)",-0.5900985515637936,0.5195684894339004,-0.06538580685346185,0.03537817357376935,0.05661094584964489,False,,
7,1327,-0.006100766025183318,0.7285486267344126,-0.1508081617161963,0.7377556692739354,0.13860662966582968,0.7193415841948898,0.021202877367884416,1.15768090361121,0.16591027305889744,1.148473861071687,-0.12350451832312855,1.1668879461507327,0.007551055671350549,0.9431147651728112,-1.6343359177812744,"(0.022150487995813872, -0.22860220442062767, 0.022572046910041325)",-0.5910883605576893,0.5185845134924868,-0.06353959098637785,0.03631924289084557,0.05781307159649226,False,,
7,1328,-0.005603151573821426,0.7276382744981528,-0.1503276772579466,0.7365720119861803,0.13912137411030379,0.7187045370101254,0.020890000976880756,1.1568213506648688,0.16561452666100596,1.1478876131768414,-0.12383452470724442,1.1657550881528964,0.0076434247015296644,0.9422298125815108,-1.6324473564300277,"(0.022168567242987727, -0.21238862191210095, 0.014689993218005647)",-0.5919791885249887,0.5176685991375024,-0.06165102963513114,0.03728636383657579,0.0590414620380381,False,,
7,1329,-0.005099481147948022,0.7267944056650397,-0.14984088062189296,0.7354504600967016,0.1396419183259969,0.718138351233378,0.02057019751146292,1.1560275213463937,0.16531159698540784,1.147371466914732,-0.12417120196248198,1.1646835757780556,0.007735358181757448,0.9414109635057167,-1.6305287681123515,"(0.022064035254667994, -0.1965237781905878, 0.006136211291229439)",-0.5927806351550857,0.5168195646786796,-0.05973244131745492,0.03827318619898076,0.060288321975035364,False,,
7,1330,-0.004595366164257283,0.7260087251868983,-0.14935321370303237,0.7343852146628511,0.14016248137451784,0.7176322357109455,0.02024525779891296,1.1552906178880933,0.16500310533768806,1.1469141284121405,-0.12451258973986212,1.163667107364046,0.007824945817327837,0.9406496715374958,-1.6285973995738048,"(0.02150103253689342, -0.1827100723730283, -0.00810443931922606)",-0.5935026013855963,0.5160291870225865,-0.057801072778908225,0.039272422668685115,0.061540960968745846,False,,
7,1331,-0.004083159966968496,0.7252872915016142,-0.1488572631224931,0.7333779685754765,0.1406909431885561,0.7171966144277518,0.01990988239000268,1.1546173905145491,0.16468398554552727,1.1465267134406867,-0.12486422076552192,1.1627080675884116,0.007913361211517093,0.9399523410080817,-1.6266230937428499,"(0.021219694605421287, -0.16735932705940115, -0.017800344206630105)",-0.5941523794397384,0.515303468820447,-0.0558267669479533,0.04030006227056542,0.06281868749538631,False,,
7,1332,-0.0035579320898490065,0.7246350108594575,-0.14834823532874372,0.7324303997521887,0.1412323711490457,0.7168396219667262,0.01955942807480217,1.1540131514989382,0.16434973131369687,1.1462177626062071,-0.1252308751640925,1.1618085403916694,0.008000747992476583,0.9393240811791979,-1.62458356075985,"(0.020972827430277716, -0.15078235893212624, -0.024342022692022187)",-0.5947372029923059,0.5146473096044222,-0.05378723396495344,0.04136905385315805,0.06413485664525241,False,,
7,1333,-0.003090079955419439,0.724113276635675,-0.14789500897452848,0.7316320884946574,0.14171484906368964,0.7165944647766926,0.01920708624708016,1.1535347902785502,0.16401201526618928,1.1460159784195678,-0.12559784277202887,1.1610536021375326,0.00805850314583036,0.9388240334571126,-1.6226734675065713,"(0.01386123680490653, -0.12001145330046098, -0.004004539203572147)",-0.5952576855263552,0.5141225630209212,-0.05187714071167471,0.04240593147929078,0.06533510093946147,False,,
7,1334,-0.0025341157879489318,0.7237378129054008,-0.14735522089221453,0.7309383348572636,0.1422869893163167,0.7165372909535384,0.018819156207229692,1.1532072970077059,0.16364026131149528,1.1460067750558431,-0.12600194889703592,1.1604078189595683,0.00814252020964038,0.9384725549565534,-1.6204755312613228,"(0.02016409531440471, -0.08435484013423196, 0.02736683143846562)",-0.5956041225760162,0.5137440628870094,-0.04967920446642626,0.0435762227951328,0.06674303882333499,False,,
7,1335,-0.0019720252551942413,0.7234275852627715,-0.14680879821901197,0.7303057534366038,0.1428647477086235,0.7165494170889393,0.01842530105341171,1.1529435326727138,0.16326207401722945,1.1460653644988814,-0.126411471910406,1.159821700846546,0.008226637899108734,0.9381855589677426,-1.6182497768844533,"(0.02018824547240485, -0.06887903731458796, 0.01781584406817196)",-0.5960431537104156,0.5134313724270924,-0.047453450089556704,0.04476485264910622,0.0681695998577547,False,,
7,1336,-0.001408381346903756,0.7231849972229965,-0.14626017002728536,0.7297393328944471,0.14344340733347788,0.7166306615515459,0.01802861409257067,1.1527454739993008,0.16288040277295235,1.14619113832785,-0.12682317458781092,1.1592998096707514,0.008310116372833458,0.9379652356111486,-1.6160140492074306,"(0.02003483369393386, -0.0528776055825418, 0.009519149671781212)",-0.5964383234496023,0.5131869297953575,-0.04521772241253408,0.04596243261403175,0.06960330302805172,False,,
7,1337,-0.0008433427763344416,0.7229963662178018,-0.14570958626203426,0.7292230425657371,0.14402290070936538,0.7167696898698667,0.01762197328995611,1.1525997089684978,0.16248821677565592,1.1463730326205626,-0.1272442701957437,1.158826385316433,0.008389315256810834,0.9377980375931498,-1.613752131429195,"(0.0190077321545704, -0.04012752431969989, -0.007282744584676065)",-0.5970135236561049,0.512997059425985,-0.04295580463429838,0.04718370053755773,0.07104858964929817,False,,
7,1338,-0.0002831663647086622,0.7228634458169749,-0.1451631328188929,0.728762201637861,0.14459680008947556,0.7169646899960889,0.017209695724815587,1.1525074842673144,0.16208966217899987,1.1466087284464284,-0.12767027072936862,1.1584062400882005,0.008463264680053463,0.9376854650421447,-1.611488630642693,"(0.01774786157823102, -0.02701741224124484, -0.022896901415434035)",-0.597312198809557,0.5128635239890348,-0.04069230384779643,0.048415557721505825,0.07248961781390745,False,,
7,1339,0.0002421941561588821,0.7228526734709234,-0.14465048477134182,0.7284304501975588,0.1451348730836596,0.717274896744288,0.016783187207560384,1.1525344109800635,0.1616758661350611,1.1469566342534279,-0.1281094917199403,1.1581121877066987,0.008512690681859633,0.9376935422254934,-1.6092732458015924,"(0.011862240433480793, 0.001938524003695461, -0.0033482619620659668)",-0.5975809945899628,0.5128527306588928,-0.03847691900669581,0.04965584287299021,0.07386971123574362,False,,
7,1340,0.0007838755766312426,0.7229256944568045,-0.1441213888026285,0.7281663389951061,0.14568913995589103,0.7176850499185031,0.016325097310904556,1.1526447543401266,0.16123036169016433,1.147404109801825,-0.12858016706835518,1.1578853988784281,0.0085544864437679,0.9377852243984656,-1.6069465761751531,"(0.010030982857983822, 0.022003721513332523, -0.006298134678125074)",-0.5978228738874627,0.5129262934329989,-0.03615024938025657,0.050975022136891604,0.07530711719257431,False,,
7,1341,0.0013844918400048433,0.7231281326822729,-0.14353346364433933,0.7280052402510726,0.146302447324349,0.7182510251134734,0.015847638423341644,1.152884828256535,0.1607655939076858,1.1480077206877353,-0.1290703170610025,1.1577619358253346,0.008616065131673244,0.9380064804694039,-1.604437896718664,"(0.014778885097282967, 0.05310145702521134, 0.01853305945126782)",-0.598142377672655,0.5131300004556851,-0.033641569923767545,0.052376663629383535,0.0768829399425656,False,,
7,1342,0.001973709140128824,0.723400482320472,-0.14295573605058723,0.7279233040847285,0.1469031543308449,0.7188776605562157,0.015386215061716743,1.1531912508170783,0.1603156602524328,1.148668429052822,-0.1295432301289993,1.1577140725813346,0.008679962100922783,0.9382958665687752,-1.601993261180953,"(0.015335272619889297, 0.06945266384910984, 0.0116191135423536)",-0.5982654229864973,0.5134042761554126,-0.03119693438605653,0.05373962641878994,0.07842664107938127,False,,
7,1343,0.0025576678161129797,0.7237375287311896,-0.14238231173517424,0.7279091384531609,0.1474976473674002,0.7195659190092185,0.014928648370923968,1.1535595370556966,0.15986862792221118,1.1493879273337253,-0.13001133118036323,1.1577311467776676,0.008743158093518473,0.9386485328934431,-1.5995700192627336,"(0.01516703822296577, 0.0846399179202882, 0.001806157110452955)",-0.5984386189330321,0.5137438954298994,-0.02877369246783701,0.055093391690901744,0.07995916203759383,False,,
7,1344,0.003134294059523891,0.7241409513343875,-0.14181538612971467,0.727960665072021,0.14808397424876243,0.720321237596754,0.014461721005609204,1.1539917270679914,0.15941140119484776,1.150172013330358,-0.13048795918362932,1.1578114408056248,0.008798007532566548,0.9390663392011894,-1.5971422278623222,"(0.013163865371537894, 0.10027351385912114, -0.008645737217243904)",-0.5987893366960148,0.5141505048507495,-0.026345901067425626,0.05646418726299646,0.08148510567741007,False,,
7,1345,0.00371303152695141,0.7246053709023119,-0.14124561589489643,0.7280681064724068,0.1486716789487992,0.721142635332217,0.013981833562405356,1.1544827391188262,0.1589404809842532,1.1510200035487312,-0.13097681385944243,1.157945474688921,0.008847432544678383,0.939544055010569,-1.5946795322229026,"(0.011862002906840368, 0.11465179425109544, -0.019614931632786395)",-0.5989103657227379,0.5146187660439776,-0.023883205428006038,0.05786604255616575,0.08302676644209125,False,,
7,1346,0.00424051634639787,0.7251955022824119,-0.14072588966148805,0.7283165804866194,0.14920692235428376,0.7220744240782047,0.013496127572668002,1.1550958787195909,0.15846253358055393,1.1519748005153834,-0.13147027843521789,1.1582169569237981,0.008868321959532936,0.9401456905010014,-1.5923226665178372,"(0.005013459565092574, 0.14439251770375988, -0.0004503149946366719)",-0.5990191380664709,0.5152129535938618,-0.0215263397229406,0.05924741832408415,0.08446723682429126,False,,
7,1347,0.004791526659481667,0.7258657380767075,-0.14018218643925565,0.7286266274922776,0.14976523975821893,0.7231048486611376,0.012978991822896111,1.1557877838177906,0.1579527049216334,1.1530268944022204,-0.13199472127584116,1.1585486732333605,0.00888525924118889,0.940826760947249,-1.5898380941553985,"(0.004064947597428741, 0.16345690709942592, -0.0038442874026154567)",-0.5991172366282309,0.5158879902160495,-0.019041767360501893,0.060713378738484126,0.08598111353230625,False,,
7,1348,0.0053862788132239044,0.7266480841799874,-0.1395940890638451,0.7290340703974117,0.1503666466902929,0.7242620979625631,0.012461962078689002,1.1565898647809507,0.157442329955758,1.1542038785635262,-0.13251840579837998,1.158975850998375,0.008924120445956453,0.941618974480469,-1.5872521468359793,"(0.009326689144215078, 0.19013124797279712, 0.015048758263482544)",-0.5993016957203168,0.5166761605554345,-0.016455820041082703,0.06221188945151126,0.08758955075783119,False,,
7,1349,0.005941190136960734,0.7274952988688244,-0.13904443052817647,0.7295373077681511,0.15092681080209794,0.7254532899694976,0.011996802734964163,1.1574526567033692,0.1569824234001014,1.1554106478040425,-0.132988817930173,1.1594946656026959,0.008968996435962448,0.9424739777860968,-1.584879612329604,"(0.010770237601439001, 0.205200793350648, 0.00885750069643517)",-0.5993102569626941,0.5175294021517787,-0.014083285534707501,0.06357616013480419,0.08908076033541282,False,,
7,1350,0.0064841670447506345,0.728396001756756,-0.13850578091880453,0.7301033357971676,0.15147411500830585,0.7266886677163444,0.0115472955783849,1.158366192269368,0.15653724354194012,1.1566588582289565,-0.13344265238517025,1.1600735263097797,0.009015731311567767,0.943381097013062,-1.5825713164142219,"(0.011216370145276327, 0.21770861447168202, -0.000302871580954836)",-0.5993354167929639,0.5184365525883132,-0.011774989619325327,0.06490140628848141,0.09053820310590271,False,,
7,1351,0.007027444112978969,0.729314533361404,-0.1379659898607377,0.7306944262954653,0.1520208780866956,0.7279346404273426,0.011119540400195303,1.1592950616972533,0.15611297437391194,1.157915168763192,-0.13387389357352134,1.1606749546313146,0.009073492256587136,0.9443047975293286,-1.5803129734361026,"(0.013862626804648333, 0.22168812390398626, -0.010986028775107771)",-0.5994257271186836,0.5193620794119781,-0.009516646641205995,0.06618310129570644,0.09198328116382332,False,,
7,1352,0.007594148308261174,0.7302809760477728,-0.13740225062909553,0.7313028836751487,0.1525905472456179,0.7292590684203968,0.010624632996341721,1.160270297034417,0.15562103193369847,1.159248389407041,-0.13437176594101494,1.1612922046617928,0.009109390652301447,0.9452756365410948,-1.577844023947469,"(0.008615614971434926, 0.23300136282388076, -0.017639836755908127)",-0.5992535835615188,0.5203363961186561,-0.007047697152572363,0.0676252869076781,0.09352701319909304,False,,
7,1353,0.008100132373186448,0.7312865881145587,-0.136898121845858,0.7319981170523729,0.1530983865922309,0.7305750591767445,0.01021018370601503,1.1612814109710354,0.1552084379250595,1.160569882033221,-0.1347880705130294,1.1619929399088498,0.00915515803960074,0.9462839995427971,-1.5757034426114462,"(0.010984172951830193, 0.2420071204085502, 0.0006088055049017146)",-0.5992576333458776,0.5213495172075838,-0.004907115816549679,0.06885699812503718,0.09488818456331585,False,,
7,1354,0.008640651811969862,0.7322879848083598,-0.1363587872044137,0.7326913270130364,0.15364009082835337,0.7318846426036831,0.00983677007411446,1.162286321201773,0.154836209090498,1.1618829789970964,-0.13516266894226905,1.1626896634064496,0.00923871094304216,0.9472871530050664,-1.5735780007592735,"(0.020052696825941282, 0.24075683094462297, 0.020519565742051465)",-0.599332533032628,0.5223594547233861,-0.002781673964376896,0.07002797617834235,0.09629549634233667,False,,
7,1355,0.009186510396089123,0.733309184475603,-0.13581346143717163,0.7333995634200103,0.15418648222934983,0.7332188055311957,0.009454530713986749,1.163309100946652,0.1544545025472475,1.1632187220022447,-0.13554544111927397,1.1633994798910594,0.009320520555037936,0.9483091427111275,-1.5714196299001344,"(0.019634306878986298, 0.24527752945467352, 0.015425348305667733)",-0.5994093290924671,0.5233898112590445,-0.0006233031052378379,0.07122329585339082,0.09772221897036253,False,,
7,1356,0.009721480845498282,0.7343342772758699,-0.13527835627958237,0.7341169441212909,0.15472131797057892,0.7345516104304488,0.009076975628470879,1.1643337942674883,0.15407681275355153,1.1645511274220672,-0.13592286149660976,1.1641164611129093,0.00939922823698458,0.9493340357716791,-1.5692974768917654,"(0.018889843667194647, 0.24597433453236717, 0.006043150504105525)",-0.5994689822916793,0.5244243906572598,0.0014988499031312053,0.07057993161543258,0.09730148410236458,False,,
7,1357,0.010267416460342743,0.735365667674414,-0.13473154475248347,0.7348168077639633,0.15526637767316903,0.7359145275848646,0.008639762932799432,1.1653625871331401,0.1536387241456257,1.1659114470435907,-0.13635919828002677,1.1648137272226895,0.009453589696571087,0.9503641274037771,-1.5670110769939247,"(0.0130467503007617, 0.2472219917035111, -0.007066103183253798)",-0.5993741242798215,0.5254659880636928,0.003785249800971835,0.06911514295267193,0.09599046329392849,False,,
7,1358,0.01082049690559503,0.7364041821472863,-0.13417675900737774,0.7355121184119604,0.15581775281856777,0.7372962458826123,0.008175066518076627,1.166396044509895,0.1531723224310494,1.1672881082452211,-0.13682218939489613,1.1655039807745693,0.009497781711835828,0.9514001133285908,-1.5646441242933373,"(0.010606083663537953, 0.24863662195528072, -0.014842079382350673)",-0.5994367847207858,0.526515380720675,0.006152202501559234,0.06761810975389705,0.09461843441738778,False,,
7,1359,0.011369909924055972,0.7374433895864839,-0.13362481067794915,0.7362060547302449,0.15636463052606112,0.7386807244427229,0.007700572074519731,1.1674277334407062,0.15269529267652487,1.168665068296945,-0.13729414852748537,1.166190398584467,0.00953524099928785,0.952435561513595,-1.562262879391928,"(0.008990228988485555, 0.24850756440100347, -0.025009645812924898)",-0.5994931665728275,0.5275659239091932,0.008533447402968575,0.06612427571531365,0.09323056167114249,False,,
7,1360,0.011868300141143706,0.7385771060624796,-0.1331230224678865,0.7369907996342886,0.15685962275017393,0.7401634124906706,0.007164081078232638,1.1685513731099486,0.15215540368726285,1.1701376795381395,-0.13782724153079753,1.1669650666817577,0.009516190609688172,0.9535642395862141,-1.559856064225041,"(-0.004572093503922689, 0.27088273742857927, -0.0035638770906026365)",-0.5994622833023721,0.5287103305228924,0.010940262569855586,0.06469727923342478,0.09174969297828081,False,,
7,1361,0.012380066604806608,0.7397063945870086,-0.132607474895047,0.7378056553023586,0.15736760810466027,0.7416071338716587,0.006743391484810112,1.169669448690023,0.1517309329846638,1.171570187974673,-0.13824415001504348,1.167768709405373,0.00956172904480836,0.9546879216385158,-1.5576874045595057,"(0.010929224428844874, 0.26968369255240804, 0.027221219621693285)",-0.5995612650065778,0.5298510455925393,0.01310892223539084,0.06332487502086091,0.09050610133861019,False,,
7,1362,0.012878335478968762,0.7408337828118945,-0.13210489024878969,0.7386282766174304,0.15786156120672729,0.7430392890063586,0.006337868833316432,1.1707840384183508,0.15132109456107495,1.172989544612815,-0.13864535689444202,1.1685785322238866,0.009608102156142597,0.9558089106151226,-1.5555853526836756,"(0.011129546720217194, 0.2690373543856411, 0.01460443503927267)",-0.5995968911330455,0.5309899777765061,0.015210974111220965,0.06199334042189556,0.08930574013345499,False,,
7,1363,0.013371164928149954,0.7419648876656832,-0.13160710650372107,0.7394547457121802,0.15834943636002094,0.7444750296191863,0.005927295686727007,1.1719004512222662,0.150905567118598,1.1744105931757693,-0.139050975745144,1.169390309268763,0.009649230307438481,0.9569326694439747,-1.553484138212514,"(0.009870756311012021, 0.26970211892450974, 0.0036463933721107462)",-0.5996372698700212,0.5321329061058889,0.017312188582382593,0.06067157936429536,0.08810031748249707,False,,
7,1364,0.013873665774392308,0.743098109682947,-0.13109865421533826,0.7402650130034902,0.15884598576412293,0.7459312063624037,0.0054720687249687795,1.1730160241352516,0.15044438871469942,1.1758491208147084,-0.13950025126476176,1.1701829274557949,0.009672867249680544,0.9580570669090993,-1.5512564856264872,"(0.005672866138094871, 0.2698553916299094, -0.007218879748523567)",-0.599624336388262,0.5332786074366297,0.019539841168409344,0.059300547515168306,0.08679615142995274,False,,
7,1365,0.01437954453790748,0.7442345323703928,-0.130585875807372,0.7410680036532619,0.15934496488318697,0.7474010610875239,0.004989149031932801,1.1741319858081183,0.14995456937721233,1.1772985145252493,-0.13997627131334664,1.1709654570909873,0.009684346784920141,0.9591832590892556,-1.5489564615571962,"(0.0027550884575033756, 0.27028612323750123, -0.01760316393625685)",-0.5996619502042514,0.5344280184254284,0.021839865237700318,0.057905450224283075,0.08543353359599057,False,,
7,1366,0.014844273281836807,0.7454013715870627,-0.13011347032805942,0.7419010048166266,0.15980201689173307,0.7489017383574987,0.004463875272957421,1.1752760595336516,0.14942161888285369,1.1787764263040876,-0.14049386833693878,1.1717756927632155,0.009654074277397114,0.9603387155603571,-1.5466535210042076,"(-0.007265401805526388, 0.2773095530643675, -0.007536324441205548)",-0.5996921160405461,0.535607114540662,0.024142805790688948,0.05656989440472961,0.08401236462316962,False,,
7,1367,0.01529706517583329,0.7465955884189466,-0.12965240288021668,0.7427678331670868,0.16024653323188326,0.7504233436708064,0.003945790980662835,1.1764457350679225,0.14889525903671283,1.1802734903197822,-0.14100367707538708,1.1726179798160627,0.009621428078248062,0.9615206617434345,-1.54439494771539,"(-0.0078350877957726, 0.2836670839385703, -0.002990228281121908)",-0.599722865483787,0.536813585626956,0.02640137907950657,0.05526643790261566,0.08261658115408009,False,,
7,1368,0.01565727249717651,0.747599503317929,-0.12929178638025532,0.7437562845436709,0.16060633137460828,0.7514427220921871,0.0042601409597213535,1.1774484365406577,0.1492091998371532,1.1812916553149158,-0.14068891791771043,1.1736052177663996,0.009958706728448933,0.9625239699292933,-1.544288265404533,"(0.08094687604820885, 0.24079396460610264, 0.06343677488851587)",-0.5436706357033568,0.5378274594604991,0.026508061390363657,0.05472575338688019,0.08302987514946078,False,,
7,1369,0.0159626570095125,0.7485787750110651,-0.12898522276254631,0.7446913401775569,0.1609105367815713,0.7524662098445732,0.0044344019860055464,1.178424211576481,0.1493822817580644,1.182311646409989,-0.14051347778605325,1.1745367767429729,0.010198529497759023,0.963501493293773,-1.5439832186585194,"(0.05755746463442178, 0.2346056074751131, 0.02391193147636101)",-0.4932777213138007,0.538815277540664,0.02681310813637716,0.054204485444236325,0.08318693886102835,False,,
7,1370,0.01628698401585404,0.7495552825827556,-0.12865910798168126,0.7456017506628119,0.16123307601338938,0.7535088145026995,0.0045627169429174165,1.1793954174719985,0.14950880894045276,1.1833489493919422,-0.14038337505461784,1.1754418855520548,0.010424850479385728,0.964475350027377,-1.5435272099675712,"(0.05431703559040939, 0.23372561606498116, -0.01922448023096274)",-0.44798466934665887,0.5398010455818791,0.027269116827325357,0.053612267202626115,0.08323486345118608,False,,
7,1371,0.01651230780964056,0.7504399098110904,-0.12843207578610472,0.7464242325270641,0.16145669140538582,0.7544555870951168,0.00460374758804521,1.1802749784053694,0.1495481311837905,1.184290655689396,-0.14034063600770008,1.1762593011213431,0.010558027698842884,0.96535744410823,-1.5430984593299146,"(0.03196253266971748, 0.2117025794046971, 0.005383283431225808)",-0.4072947332796276,0.540692105015248,0.02769786746498193,0.053168122660952784,0.08316741139793199,False,,
7,1372,0.016755342105319086,0.7513173653649254,-0.12818688230042885,0.7472244954288274,0.16169756651106695,0.7554102353010234,0.004617865743097449,1.1811460308440398,0.1495600901488454,1.1852389007801378,-0.14032435866265044,1.1770531609079418,0.010686603924208267,0.9662316981044826,-1.5425658879856963,"(0.030858294087691748, 0.2098209591006398, -0.039381216620440834)",-0.3707328416502132,0.5415766164954784,0.028230438809200287,0.05266865348849552,0.08303162113747678,False,,
7,1373,0.01709055461955176,0.7521228794482261,-0.1278519179111566,0.7480388059076492,0.16203302715026013,0.7562069529888031,0.004979164119909694,1.1819522807461889,0.14992163665061808,1.1860363542867658,-0.13996330841079863,1.177868207205612,0.011034859369730728,0.9670375800972075,-1.5426265769120955,"(0.08358130692539067, 0.1934116782539833, -0.03422000234785871)",-0.3378952240929257,0.5423922044779403,0.028169749882801076,0.052212329359774025,0.08356032258586535,False,,
7,1374,0.017115333377917905,0.7527577394014203,-0.1278299370879926,0.7487742020834018,0.1620606038438284,0.7567412767194388,0.00530208477965629,1.1825954380244652,0.15024735524556682,1.1865789753424838,-0.13964318568625417,1.1786119007064468,0.011208709078787097,0.9676765887129428,-1.5433201986395166,"(0.04172393017352859, 0.15336206777648217, 0.008153010354693901)",-0.30838011469661075,0.5430275299805503,0.02747612815537992,0.05238018557607777,0.08421991046361987,False,,
7,1375,0.01715234579408739,0.7533912705812758,-0.12779525087175786,0.7494932940811619,0.16209994245993262,0.7572892470813897,0.005592829276508275,1.1832358675903343,0.15054042594235353,1.187133844090448,-0.13935476738933694,1.1793378910902204,0.011372587535297832,0.968313569085805,-1.5439104912967088,"(0.039330829562576365, 0.1528752894869332, -0.03389774849009865)",-0.28176898692836966,0.5436619132422035,0.026885835498187793,0.052500672570869836,0.08480392615876754,False,,
7,1376,0.01708118332947195,0.7538116466465706,-0.12787120985453626,0.7500963121759351,0.16203357651348013,0.7575269811172063,0.0060632948993112655,1.1836704678129397,0.15101568808331953,1.1873858022835753,-0.1388890982846969,1.1799551333423042,0.011572239114391607,0.9687410572297552,-1.5451705258721362,"(0.04791637898250606, 0.10259715454804677, 0.049533453821235196)",-0.25779204224615526,0.5440798414317422,0.025625800922760344,0.05297072805254408,0.08583869201112082,False,,
7,1377,0.01701955415560476,0.7542311623762088,-0.12793711756098886,0.7506866842978887,0.1619762258721984,0.757775640454529,0.006508343302655314,1.184102671604728,0.15146501501924894,1.187647149683048,-0.1384483284139383,1.1805581935264078,0.011763948729130037,0.9691669169904684,-1.5463492152835416,"(0.04601030753722322, 0.10220634257116493, 0.007693511428372922)",-0.23610051439287047,0.5444972206770342,0.024447111511354924,0.05340405276664422,0.08681426382856616,False,,
7,1378,0.016963028423441,0.7545837261462465,-0.12799849426360385,0.7512435255155394,0.16192455111048584,0.7579239267769536,0.007057605863412963,1.1844696210112762,0.15201912855045785,1.1878098216419832,-0.13790391682363187,1.181129420380569,0.012010317143426982,0.9695266735787613,-1.5477584225547694,"(0.05912841943126654, 0.08634158119030481, 0.03718770166792243)",-0.2164849883802017,0.5448478495108744,0.023037904240127194,0.05389862288446474,0.08800567948108194,False,,
7,1379,0.01689305918303855,0.7549158892869581,-0.12807286801918236,0.7517726504477396,0.1618589863852595,0.7580591281261768,0.007571730211562596,1.1848148458176824,0.15253765741378358,1.187958084656901,-0.13739419699065827,1.1816716069784636,0.012232394697300574,0.9698653675523202,-1.549117119437479,"(0.05329861292966221, 0.08128655365412667, -0.011584399849868685)",-0.19872143924349894,0.545177679152364,0.021679207357417463,0.054398127287408976,0.08913332449028923,False,,
7,1380,0.01683900610613079,0.7552305417490821,-0.12813119525030664,0.7522910318113573,0.16180920746256822,0.758170051686807,0.008121838704601972,1.1851421733578276,0.1530920400610394,1.1880816832955523,-0.13684836265183542,1.1822026634201028,0.012480422405366379,0.9701863575534548,-1.5505224556332593,"(0.05952664993579326, 0.07703760027231008, -0.015052195356627614)",-0.18262682696843174,0.5454905093424082,0.020273871161637258,0.05488968175809326,0.0903264176873177,False,,
7,1381,0.01661956474105099,0.7552905290365982,-0.12835484727328028,0.752566586838437,0.16159397675538223,0.7580144712347595,0.008541667187883187,1.1852146474239253,0.15351607920221444,1.1879385896220866,-0.13643274482644807,1.182490705225764,0.01258061596446709,0.9702525882302618,-1.5520094134169433,"(0.024046454184170486, 0.015895362433675182, -0.0030969480979460354)",-0.16803310953070755,0.5455437388415297,0.01878691337795324,0.05564013548524355,0.09136027202398811,False,,
7,1382,0.016405885887399396,0.755349916994061,-0.12857228330834694,0.7528338771196655,0.1613840550831457,0.7578659568684565,0.008944526259881815,1.1852851773676536,0.15392269545562817,1.187801217242049,-0.13603364293586448,1.182769137493258,0.012675206073640605,0.9703175471808573,-1.5534434567854776,"(0.02270162620164405, 0.015590148142911507, -0.04464671619476841)",-0.15476315554584394,0.5455966321901002,0.017352870009418986,0.05636764851886535,0.09235533671743648,False,,
7,1383,0.016174057726171254,0.7552175353187291,-0.12880848599529734,0.7529676428651989,0.1611566014476398,0.7574674277722595,0.00950196286397794,1.185165768423774,0.15448450658544652,1.187415660877304,-0.13548058085749062,1.1829158759702436,0.012838010295074597,0.9701916518712516,-1.5552792044179422,"(0.03907301314415791, -0.03021487430536773, 0.046048062813296584)",-0.14268972193231982,0.5454573869353675,0.015517122376954351,0.057241218755464215,0.09368939725934228,False,,
7,1384,0.0159464116955748,0.7550845758424442,-0.12903994072329983,0.753095200998458,0.1609327641144494,0.7570739506864305,0.010046886296167252,1.1850441037053137,0.15503323871504188,1.1870334785493,-0.13493946612270735,1.1830547288613276,0.012996648995871026,0.970064339773879,-1.5570760698260373,"(0.038073288191142904, -0.03055490336941619, 0.0045360865131063195)",-0.1316611048194359,0.5453177815432961,0.013720256968859257,0.058098669608534395,0.09499555654623211,False,,
7,1385,0.01579481682451366,0.7549660533568814,-0.12919505903716477,0.7532526072342788,0.16078469268619214,0.756679499479484,0.010713562805761072,1.1849360300501348,0.15570343866743958,1.1866494761727373,-0.13427631305591733,1.1832225839275323,0.013254189815137365,0.9699510417035081,-1.5589791819517387,"(0.06180979662392133, -0.027191536889012092, 0.006185509891342207)",-0.12157701419508495,0.5451948968487281,0.011817144843157878,0.05888169083806023,0.09650702364422531,False,,
7,1386,0.015528573964710097,0.7547320150225529,-0.1294636807889585,0.7532333284484996,0.16052082871837872,0.7562307015966063,0.011084193089931062,1.1847090463610186,0.15607644784359975,1.186207732935072,-0.1339080616637375,1.1832103597869652,0.01330638352732058,0.9697205306917858,-1.5604603732846638,"(0.012526490923971567, -0.05532264281335725, -0.021161691174585225)",-0.11234691297660744,0.5449533051555044,0.010335953510232754,0.05970181816329055,0.09747478751033341,False,,
7,1387,0.015368496458938497,0.7544391377075597,-0.12962606203927818,0.7531829506565142,0.16036305495715517,0.7556953247586051,0.011643252100665778,1.1844230008402024,0.1566378105988825,1.1856791878912478,-0.13335130639755088,1.183166813789157,0.013505874279802137,0.969431069273881,-1.5621328594488568,"(0.04787778059557414, -0.06947074029712866, 0.0027276108213514436)",-0.10389709551370072,0.544656006439991,0.008663467346039733,0.0604301865424313,0.09876741137459896,False,,
7,1388,0.01509758442236817,0.7539085867734144,-0.12989848689997446,0.7528412062948037,0.16009365574471082,0.7549759672520252,0.011932249209936257,1.1838969362120857,0.15692832053227893,1.1849643166906965,-0.13306382211240633,1.1828295557334751,0.013514916816152214,0.9689027614927501,-1.563435015631441,"(0.0021702087240184423, -0.12679386747142346, 0.016543385604629986)",-0.09615193471072517,0.5441180826082179,0.007361311163455619,0.06120494492524583,0.0995677563422451,False,,
7,1389,0.014829465770483047,0.7533775649285038,-0.13016784859119127,0.7524950526612817,0.15982678013215731,0.754260077195726,0.012212360426307094,1.183369600621745,0.1572096747879814,1.184252112888967,-0.13278495393536718,1.1824870883545227,0.01352091309839507,0.9683735827751243,-1.564709997720494,"(0.001439107738285653, -0.12700289223018718, -0.024900971649464764)",-0.08905354694796429,0.5435798847664144,0.006086329074402652,0.06196825743561585,0.10034803932977339,False,,
7,1390,0.014603163477919812,0.7526736023380978,-0.13039521533898085,0.7519879344370133,0.15960154229482043,0.7533592702391823,0.01256980349539327,1.1826687946916652,0.15756818231229391,1.1833544625927497,-0.13242857532150737,1.1819831267905807,0.013586483486656541,0.9676711985148815,-1.5660675650260507,"(0.01573689318275296, -0.16857222245826955, 0.03841554047237729)",-0.08253993402634258,0.542870049881342,0.004728761768845846,0.06269805104165861,0.10126330443044254,False,,
7,1391,0.01437885916352584,0.7519691056141896,-0.13062030747287007,0.7514775013519275,0.15937802579992177,0.7524607098764517,0.012920998247851936,1.1819666342600534,0.15792016488424793,1.1824582385223157,-0.13207816838854397,1.1814750299977914,0.013649928705688888,0.9669678699371216,-1.5674059460771785,"(0.015226852567763079, -0.16879885866236854, -0.0030219377019792886)",-0.0765518237906924,0.5421598131834277,0.0033903807177180223,0.06341997051272369,0.10216468450991417,False,,
7,1392,0.014201230437142717,0.751272200025336,-0.1307984925958754,0.7509887915779963,0.15920095347016086,0.7515556084726758,0.013360777800204279,1.181271378674976,0.15836050083322245,1.1815547871223158,-0.1316389452328138,1.1809879702276362,0.013781004118673498,0.966271789350156,-1.5688417845342923,"(0.031458099116306135, -0.1670593408717303, -0.01831937421622702)",-0.07103873177935079,0.541458465134858,0.0019545422606042084,0.06410616958465182,0.10322163126534764,False,,
7,1393,0.013948456249014689,0.7504106335569464,-0.13105147059112668,0.7502649752113296,0.15894838308915604,0.7505562919025632,0.01351650391373722,1.1804104166001244,0.15851643075387858,1.180556074945741,-0.13148342292640414,1.1802647582545074,0.013732480081375955,0.9654105250785353,-1.5697917863113506,"(-0.011645768951410236, -0.20670342518896778, -0.014861402198742789)",-0.06595228253561974,0.540590614322105,0.0010045404835459237,0.0647519174140114,0.10373014282151745,False,,
7,1394,0.013697573558704506,0.7495486385227597,-0.13130242604939008,0.7495379777277787,0.15869757316679917,0.7495592993177407,0.013665958787381709,1.1795486373605577,0.15866595839547637,1.1795592981555385,-0.13133404082071284,1.1795379765655767,0.013681766173043107,0.9645486379416587,-1.5707228040708239,"(-0.01217133799988331, -0.20685291285038448, -0.05627281782060426)",-0.06127520089428498,0.5397224813301367,7.352272407268323e-05,0.06538958896887298,0.10422438421262582,False,,
7,1395,0.01349708273573842,0.7484054560534835,-0.13150286768071756,0.7485253694610152,0.1584970331521944,0.7482855426459518,0.013852688013246206,1.178405309012629,0.1588526384297022,1.1782853956050972,-0.13114726240320976,1.1785252224201606,0.013674885374492313,0.9634053825330562,-1.571623315906621,"(-0.0016513916521905935, -0.2743812980645986, 0.044141517140366265)",-0.05696854808913321,0.5385746061137073,-0.0008269891117245187,0.06494126151863013,0.10375660535537164,False,,
7,1396,0.013298032163529516,0.7472618568750449,-0.1317017550542203,0.7475102654241428,0.15829781938127938,0.7470134483259471,0.014034691998785277,1.1772612258656134,0.15903447921653516,1.1770128173165155,-0.13096509521896452,1.1775096344147113,0.013666362081157396,0.9622615413703292,-1.57250949004047,"(-0.002045590400380072, -0.27452187905447556, 0.0027156746279149778)",-0.05300387898040404,0.5374264047404477,-0.001713163245573357,0.06441487861163657,0.10320612536463945,False,,
7,1397,0.01315404173994638,0.7459962783503107,-0.1318454424797783,0.7463830289337554,0.15815352595967108,0.745609527766866,0.014300957263265274,1.1759947487950115,0.15930044148299,1.1756079982115668,-0.13069852695645942,1.1763814993784563,0.013727499501605827,0.9609955135726611,-1.573463575360526,"(0.014672980907623298, -0.3038466714403268, 0.022943030352314812)",-0.04934927321590893,0.53615766265109,-0.0026672485656293876,0.0637490793559151,0.10271325927764571,False,,
7,1398,0.013010256882345717,0.7447303564946912,-0.13198879788605838,0.7452539176366282,0.1580093116507498,0.7442067953527542,0.014562886475676077,1.1747275533940964,0.1595619412440802,1.1742039922521594,-0.130436168292728,1.1752511145360334,0.013786571679010897,0.9597289549443938,-1.5744071011370355,"(0.014177322577216867, -0.30397407078415745, -0.01798051089866726)",-0.04597532546129923,0.5348886061051256,-0.003610774342138967,0.06309298127650124,0.10222425297758901,False,,
7,1399,0.012933736977655926,0.7434780608827056,-0.13206468747277625,0.7441540097656101,0.15793216142808814,0.7428021119998012,0.014938275044200127,1.1734733885632977,0.15993669949463235,1.1727974396803933,-0.130060149406232,1.1741493374462022,0.013936006010928027,0.9584757247230017,-1.5754580601133117,"(0.03586423966011097, -0.3007752531340997, -0.01877104520561252)",-0.04285538209710631,0.5336348217605172,-0.004661733318415129,0.062244331197633264,0.10179827744702297,False,,
7,1400,0.012739780015378906,0.7419986749593311,-0.13225830620310494,0.7427436534671571,0.15773786623386274,0.7412536964515053,0.014949026624793683,1.171992999607249,0.15994711284327753,1.171248021099423,-0.13004905959369015,1.1727379781150746,0.013844403320086294,0.95699583728329,-1.5759341322112723,"(-0.02198464580201561, -0.3551729855308263, 0.00022541468768239037)",-0.039965314978094975,0.5321511929455053,-0.0051378054163757625,0.06208532629527373,0.1013801914397984,False,,
7,1401,0.012547022353084102,0.7405189363020226,-0.1324507025855745,0.7413311940278078,0.1575447472917427,0.7397066785762374,0.014955786643343481,1.1705121895683894,0.1599535115820021,1.1696999318426042,-0.1300419382953151,1.1713244472941746,0.013751404498213791,0.955515562935206,-1.5763981335117303,"(-0.02231971724940048, -0.3552658435401494, -0.041175764887244684)",-0.03730814125090553,0.530667287049954,-0.005601806716833746,0.061935701996881865,0.1009675371817367,False,,
7,1402,0.012392336446122818,0.738772081226744,-0.13260494000856243,0.7396607998118815,0.15738961290080808,0.7378833626416064,0.01502784673308249,1.1687640045061554,0.16002512318776776,1.1678752859210177,-0.12996942972160272,1.169652723091293,0.013710091589602654,0.9537680428664497,-1.5769254588601898,"(-0.009915098066673084, -0.4194048165015143, 0.05043972419924725)",-0.03462622342563843,0.5289172750888897,-0.006129132065293197,0.06167472277579782,0.10058971784009083,False,,
7,1403,0.012238881575518785,0.7370252748160406,-0.1327579195239351,0.7379884315662133,0.15723568267497268,0.736062118065868,0.015095139524306526,1.1670157884213177,0.16009194062376045,1.166052631671145,-0.12990166157514732,1.1679789451714904,0.013667010549912656,0.9520205316186792,-1.577438835988633,"(-0.01033944952559945, -0.4194026994649192, 0.009021490316557933)",-0.032393812611834626,0.5271673648066074,-0.0066425091937365455,0.06142480299939997,0.10021795691329989,False,,
7,1404,0.012131125165329798,0.7351746121532186,-0.13286509068526942,0.7362221755195257,0.15712734101592904,0.7341270487869113,0.015237692389551406,1.1651633901929266,0.16023390824015066,1.1641158268266194,-0.12975852346104777,1.166210953559234,0.013684408777440602,0.9501690011730726,-1.578020964583582,"(0.004175574606706971, -0.4443673069455857, 0.03676891625427216)",-0.030332249766784496,0.525314703247549,-0.0072246377886855395,0.06104785701408951,0.09989023097755274,False,,
7,1405,0.012023818548120917,0.7333236387724777,-0.13297176767396182,0.734454999066352,0.15701940477020368,0.7321922784786035,0.01537888700581703,1.1633105496379645,0.1603744732278998,1.1621791893440903,-0.1296166992162657,1.1644419099318388,0.013701352776968974,0.9483170942052211,-1.5785988907500166,"(0.00406655988680909, -0.44445767228434874, -0.004643058372626739)",-0.02842517439564943,0.5234617494244875,-0.007802563955120023,0.06067423588608733,0.09956454514839128,False,,
7,1406,0.011955459287765308,0.7314684963687097,-0.13303933351833988,0.7326973409946145,0.15695025209387053,0.730239651742805,0.015599619212862023,1.1614530543454356,0.16059441201896726,1.1602242097195308,-0.12939517359324315,1.1626818989713403,0.013777539250313666,0.9464607753570726,-1.5792712187678288,"(0.018284753602726002, -0.4455165235556554, -0.031030432943922492)",-0.02665791372564634,0.5216055269184027,-0.008474891972932275,0.060159893249536286,0.09926570083063244,False,,
7,1407,0.01180578870098913,0.729396928887369,-0.1331886545088619,0.730666353270816,0.1568002319108401,0.7281275045039222,0.015570288596728236,1.1593804501303755,0.16056473180657924,1.1581110257469285,-0.12942415461312276,1.1606498745138223,0.013688038648858683,0.9443886895088722,-1.5795510895508609,"(-0.021480144349195613, -0.4973006035680967, 0.0013606001032993725)",-0.02501503471445021,0.5195310831745132,-0.008754762755964318,0.06011726286473049,0.09896993494810778,False,,
7,1408,0.011656904518760693,0.7273251646484413,-0.1333371886846982,0.7286339564984604,0.15665099772221955,0.7260163727984223,0.015538149315368788,1.1573076479414575,0.1605322425188277,1.1559988560914383,-0.1294559438880901,1.1586164397914764,0.01359752691706474,0.9423164062949494,-1.5798226000513598,"(-0.021722815630546177, -0.49734797134148395, -0.04003469074514398)",-0.02350171212616604,0.5174564806836383,-0.009026273256463213,0.060081147790451025,0.09867782446770432,False,,
7,1409,0.011543829815609249,0.7249864101535758,-0.13344983254464238,0.7263420927717938,0.15653749217586088,0.7236307275353578,0.01556412999377289,1.1549676157736324,0.16055779235402454,1.1536119331554144,-0.12942953236647872,1.1563232983918503,0.01355397990469107,0.9399770129636041,-1.5801459983113941,"(-0.010451282969680991, -0.5614543995228533, 0.05408010953603612)",-0.022106032833291336,0.5151157759666062,-0.00934967151649757,0.05994729142949633,0.09842080898701233,False,,
7,1410,0.011431282442465931,0.7226475507808201,-0.13356194182780046,0.7240493052929278,0.15642450671273236,0.7212457962687124,0.015588209616302516,1.1526274572374724,0.16058143388656898,1.1512257027253647,-0.12940501465396384,1.15402921174958,0.013509746029384224,0.9376375040091462,-1.5804637498762142,"(-0.010616130073642776, -0.5614821490698816, 0.0126625502718489)",-0.020817020078403872,0.512774985290676,-0.009667423081317628,0.05981786119246163,0.09816627688856135,False,,
7,1411,0.011387648994296989,0.7202717026675751,-0.13360488197558804,0.7217434237508353,0.15638017996418205,0.7187999815843149,0.01575206324120666,1.150249553129993,0.16074459421109175,1.1487778320467328,-0.12924046772867834,1.1517212742132532,0.013569856117751824,0.9352606278987841,-1.5809463016466412,"(0.014426421208224058, -0.5704502664869138, 0.013228304099497476)",-0.019625661433342687,0.5103987549875916,-0.010149974851744625,0.059441376868175,0.09795982000009093,False,,
7,1412,0.011299245303379515,0.7178686537869634,-0.13369281209329895,0.7193863137878523,0.15629130270005795,0.7163509937860746,0.01579989220256722,1.147845099859872,0.16079194959924567,1.146327439858983,-0.12919216519411122,1.1493627598607608,0.013549568752973367,0.9328568768234177,-1.5812631386034126,"(-0.004868967546829615, -0.5769002580879408, -0.021004884235642046)",-0.018518903531105115,0.5079943330823765,-0.010466811808516052,0.05927873919828521,0.09773981142885076,False,,
7,1413,0.01127131957649748,0.7154189935157906,-0.1337200452593172,0.7170014356309048,0.1562626844123121,0.7138365514006766,0.015964078952353085,1.145393385787517,0.16095544378816773,1.1438109436724027,-0.12902728588346155,1.146975827902631,0.013617699264425282,0.9304061896516538,-1.581709937338656,"(0.016351322748459775, -0.5881649212233331, -0.03727854552934856)",-0.01749401574487787,0.5055446584145761,-0.0109136105437595,0.05891265315359984,0.09756643800232957,False,,
7,1414,0.011145657591591952,0.7127463007761975,-0.13384551316866194,0.7143464262621776,0.15613682835184584,0.7111461752902175,0.015890857308636305,1.1427201175135022,0.16088202806889024,1.1411199920275221,-0.12910031345161757,1.1443202429994823,0.013518257450114129,0.9277332091448499,-1.5818318989651223,"(-0.02386603543467699, -0.6415153216329211, 0.011329306952186008)",-0.016543242354595027,0.5028698326876448,-0.011035572170225771,0.05897966646342595,0.09735219781884698,False,,
7,1415,0.011020563942665857,0.7100736115734064,-0.133970420524564,0.7116905293893421,0.15601154840989576,0.7084566937574708,0.015815561603716354,1.1400468758555364,0.16080654607094627,1.138429958039601,-0.1291754228635135,1.1416637936714722,0.013418062773191106,0.9250602437144715,-1.5819477152637054,"(-0.024046722461525543, -0.6415117032908194, -0.030066479609120973)",-0.01566860716890142,0.5001950317842877,-0.01115138846880881,0.05905145938317434,0.09714060782832622,False,,
7,1416,0.010924264572508429,0.707144587612333,-0.13406639019204786,0.7087908047745682,0.15591491933706472,0.7054983704500978,0.01580614995017146,1.1371168741555,0.1607968047147278,1.1354706569932649,-0.1291845048143848,1.1387630913177353,0.013365207261339945,0.9221307308839165,-1.582149792514372,"(-0.012685322844278556, -0.7030830793331824, 0.05900454117804575)",-0.014863336469944682,0.4972645981252706,-0.011353465719475375,0.05900425737775529,0.09694391829126223,False,,
7,1417,0.010828317525885325,0.7042156763944563,-0.13416200833300213,0.7058906114181612,0.15581864338477275,0.7025407413707514,0.01579536621687229,1.1341869875621915,0.16078569207575977,1.1325120525384866,-0.1291949596420151,1.1358619225858964,0.013311841871378807,0.9192013319783239,-1.5823478597208078,"(-0.012807693590673203, -0.7030557373422422, 0.017586191913064347)",-0.014118229359406705,0.4943342869501076,-0.011551532925911268,0.05896021286893354,0.09674894409779115,False,,
7,1418,0.010800118355833336,0.7012939920760768,-0.13418968069069906,0.703013925925432,0.1557899174023657,0.6995740582267216,0.015900611840128046,1.13126374097269,0.16089041088666042,1.1295438071233348,-0.12908918720640433,1.1329836748220452,0.01335036509798069,0.9162788665243834,-1.5826582177172654,"(0.009245574384451935, -0.70139170894572, 0.012969423865579387)",-0.013428114119205147,0.49141268726656645,-0.01186189092236889,0.0587184976729868,0.0966161994728093,False,,
7,1419,0.010713594611986559,0.6983122956582876,-0.13427599025045173,0.700050191344973,0.15570317947442486,0.6965743999716021,0.015867354234571075,1.128281409388277,0.16085693909700938,1.1265435137015916,-0.1291222306278672,1.1300193050749625,0.013290474423278817,0.9132968525232823,-1.5827821012641934,"(-0.014373761928449634, -0.7156833602642587, -0.03734486317516683)",-0.01278912218982449,0.4884298099016653,-0.011985774469296828,0.05872846624588673,0.09645678206884674,False,,
7,1420,0.010696164740254446,0.6952732938296442,-0.13429302329510862,0.6970439865884656,0.15568535277561746,0.6935026010708228,0.015947184645724696,1.1252412307621,0.16093637268108774,1.1234705380032786,-0.12904200338963834,1.1270119235209215,0.01332167469298957,0.9102572622958721,-1.5830083045249927,"(0.007488064730580859, -0.7295016545784532, -0.02105174660942495)",-0.01220111570034059,0.4853911594213711,-0.01221197773009619,0.058547912246009505,0.09636448619017449,False,,
7,1421,0.010582726811752947,0.6920163305920289,-0.13440636018263938,0.6937952776211784,0.15557181380614532,0.6902373835628796,0.015858224898196015,1.1219839678857442,0.1608473118925884,1.1202050208565948,-0.12913086209619629,1.1237629149148938,0.01322047585497448,0.9070001492388866,-1.5830652347920962,"(-0.02428772112362173, -0.7817071336765241, 0.013728209711630718)",-0.011670288606608847,0.4821324891190972,-0.012268907997199596,0.05865669168591728,0.09618704252377543,False,,
7,1422,0.010469121758039544,0.6887602278846627,-0.134519856672046,0.6905480013043643,0.15545810018812503,0.6869724544649614,0.015770794657843895,1.1187275432290544,0.1607597730879294,1.1169397698093528,-0.12921818377224162,1.1205153166487558,0.013119958207941719,0.9037438855568586,-1.5831261110555226,"(-0.024124235287863085, -0.7815032836867272, -0.027662249697807673)",-0.01117290262864079,0.47887467913281745,-0.012329784260626031,0.05876212965478418,0.09600818408545901,False,,
7,1423,0.010387562889624743,0.6852735322287152,-0.13460113031286908,0.6870842899245762,0.15537625609211855,0.6834627745328543,0.015757396056660464,1.1152400017257658,0.1607460892591543,1.113429244029905,-0.12923129714583334,1.1170507594216268,0.013072479473142603,0.9002567669772406,-1.5832846355100565,"(-0.011394896351787696, -0.83690845910833, 0.051757361965043755)",-0.010714103625595002,0.47538703379451314,-0.012488308715159935,0.05873368255538914,0.09584545727698142,False,,
7,1424,0.010306169685153735,0.6817871746524655,-0.13468223824336648,0.6836206321384808,0.1552945776136739,0.6799537171664503,0.015743319471267926,1.1117527981646287,0.1607317273997881,1.1099193406786134,-0.12924508845725224,1.113586255650644,0.01302474457821083,0.8967699864085471,-1.5834411981491026,"(-0.01145637478362576, -0.8368273364864154, 0.010337923216376246)",-0.010287494542000791,0.47189973013356895,-0.012644871354206,0.05870679095078636,0.09568356143310065,False,,
7,1425,0.010278774677031718,0.6783146405200295,-0.13470928778173824,0.6801752168962648,0.15526683713580172,0.6764540641437944,0.015796345999660455,1.1082792395356924,0.16078440845843045,1.106418663159457,-0.1291917164591095,1.1101398159119276,0.013037560338346086,0.893296940027861,-1.5836282401536124,"(0.0030757824324613384, -0.8335311313646612, 0.0030223644914763766)",-0.009890678193242299,0.46842742846065893,-0.012831913358715807,0.05857590489578358,0.09558893425410468,False,,
7,1426,0.010182575203641334,0.6747588625310895,-0.13480543684121224,0.6766233633440105,0.15517058724849495,0.6728943617181685,0.015711784510924393,1.1047233120434141,0.160699796555778,1.102858811230493,-0.12927622753392914,1.1065878128563351,0.012947179857282864,0.8897410872872518,-1.5836553074673019,"(-0.021691315455173117, -0.8534046577462213, -0.03332875570326763)",-0.009529696601275228,0.4648703960664413,-0.012858980672405318,0.058687400452465746,0.09544480563908801,False,,
7,1427,0.010086651657662631,0.6712034455186398,-0.13490131535267907,0.6730714450389947,0.1550746186680044,0.6693354459982848,0.015626236442163707,1.101167761480343,0.1606142034525055,1.0992997619599878,-0.12936173056817798,1.103035761000698,0.012856444049913169,0.8861856034994914,-1.5836794384828792,"(-0.021776593768726753, -0.8533161090624957, -0.07472085421610004)",-0.009195322536046739,0.4613137313151734,-0.012883111687982618,0.0588011687561258,0.09530194475655789,False,,
7,1428,0.01000430046873648,0.6673145505716693,-0.13498343485932485,0.6692004467618236,0.1549920357967978,0.6654286543815151,0.015596958136090222,1.0972781794755753,0.16058469346415155,1.095392283285421,-0.1293907771919711,1.0991640756657295,0.01280062930241335,0.8822963650236223,-1.583802874133743,"(-0.013395539399956394, -0.933417234208585, 0.04383167531878915)",-0.008696819977367919,0.45742396547670816,-0.013006547338846541,0.05880569589260106,0.09514861437987572,False,,
7,1429,0.009922411185004202,0.6634264525764147,-0.13506510238283198,0.6653293213098064,0.15490992475284038,0.6615235838430233,0.015565401221958302,1.0933894238465496,0.1605529147897945,1.091486555113158,-0.12942211234587786,1.095292292579941,0.012743906203481252,0.8784079382114822,-1.5839199361470189,"(-0.013613543743703544, -0.933222434913609, 0.0024175813507763804)",-0.00843027030989199,0.45353500652072715,-0.013123609352122312,0.058815355239001034,0.09499784700736044,False,,
7,1430,0.009851071039124314,0.6594117292235445,-0.13513617365735964,0.6613349752613341,0.1548383157356083,0.657488483185755,0.015554490323603638,1.0893739031510488,0.16054173502008762,1.0874506571132592,-0.12943275437288027,1.0912971491888384,0.012702780681363976,0.8743928161872967,-1.5840604815137016,"(-0.009870125308146408, -0.963629285804524, 0.031064679321711988)",-0.008181368200837173,0.44951968362276906,-0.013264154718805043,0.05878881038923089,0.09485499204809043,False,,
7,1431,0.009779643291277963,0.6553975817973551,-0.13520732723061218,0.6573413870562608,0.1547666138131681,0.6534537765384494,0.01554403130044669,1.0853589426553742,0.16053100182233687,1.0834151373964684,-0.12944293922144343,1.0873027479142798,0.012661837295862326,0.8703782622263646,-1.5842022818531991,"(-0.009826412520395927, -0.9634929506236931, -0.01034407883411802)",-0.007948520360172252,0.44550493520704826,-0.013405955058302554,0.058761260023109795,0.09471164673268535,False,,
7,1432,0.00977934405916634,0.651408139240633,-0.13520762196408292,0.6533522800208135,0.1547663100824156,0.6494639984604526,0.015544727062460122,1.081369486757855,0.16053169308570941,1.0794253459776744,-0.12944223896078916,1.0833136275380355,0.012662035560813231,0.866388812999244,-1.5842045960010065,"(4.758358821728079e-05, -0.9574678145089602, -0.008270485924065686)",-0.007730140425521978,0.4415164560445122,-0.013408269206109935,0.05875957948112107,0.09471053740158152,False,,
7,1433,0.009686604734195504,0.6472731311762999,-0.13530038042130796,0.6492158446183189,0.15467358988969904,0.6453304177342809,0.015447754941562256,1.0772345354305517,0.1604347400970658,1.0752918219885328,-0.1295392302139412,1.0791772488725708,0.01256717983787888,0.8622538333034259,-1.584194751405272,"(-0.022765373504244048, -0.9923951269963511, -0.004788367030564969)",-0.007545113772055435,0.4373804082946585,-0.013398424610375548,0.058899651951096296,0.09458232780486357,False,,
7,1434,0.009594204564201929,0.6431387567392597,-0.13539280772700582,0.6450794439549579,0.15458121685540965,0.6411980695235616,0.015349345962478956,1.0731002414649102,0.16033635825368672,1.071159554249212,-0.12963766632872875,1.0750409286806084,0.012471775263340442,0.858119499102085,-1.5841807761775706,"(-0.02289709788922529, -0.992240208321824, -0.046174999864527624)",-0.007377255489512532,0.4332450015301404,-0.013384449382674024,0.05904298963899096,0.09445583103937251,False,,
7,1435,0.009518756634430268,0.6389188953628605,-0.13546809241676058,0.640871740007777,0.15450560568562116,0.636966050717944,0.01530995109866554,1.0688798959974266,0.16029680014985648,1.06692705135251,-0.12967689795252532,1.0708327406423432,0.012414353866547904,0.8538993956801436,-1.5842646280748076,"(-0.013781135230209341, -1.0128248212659139, 0.048705332387710715)",-0.007445824829337391,0.42902450457655916,-0.013468301279911055,0.05907366499128792,0.09432410458857618,False,,
7,1436,0.009443158133985545,0.6346995357655544,-0.13554352239643785,0.6366648522207156,0.15442983866440896,0.6327342193103932,0.015271337966532544,1.0646600366488792,0.16025801849695598,1.0626947201937178,-0.12971534256389086,1.0666253531040404,0.012357248050259045,0.8496797862072167,-1.584350648410905,"(-0.013705395909326151, -1.0127062735024446, 0.007391222324011685)",-0.00728217094917224,0.4248045067028137,-0.013554321616008336,0.05910259050675303,0.09419152089747655,False,,
7,1437,0.00936536678961447,0.6304649214873532,-0.13562112551209923,0.6324440753583542,0.1543518590913282,0.6284857676163523,0.015234581717410446,1.060424864175194,0.1602210740191242,1.058445710304193,-0.12975191058430324,1.062404018046195,0.012299974253512458,0.8454448928312737,-1.584446087693747,"(-0.01374571121918092, -1.0163744102263332, 0.026730624255447213)",-0.007119287226965367,0.42056920987688834,-0.013649760898850394,0.059126082145990064,0.09405302820973772,False,,
7,1438,0.009287071726696315,0.6262310975922423,-0.13569923053385854,0.62822412463948,0.15427337398725116,0.6242380705450047,0.015197427797814925,1.0561904767097499,0.1601837300583698,1.0541974496625122,-0.1297888744627399,1.0581835037569876,0.01224224976225562,0.8412107871509961,-1.5845417737476546,"(-0.013853877901641165, -1.0161853632666116, -0.01441847807877493)",-0.006977785987918303,0.4163346926501556,-0.013745446952758034,0.05915006631508296,0.09391375329534887,False,,
7,1439,0.009253822830182853,0.6220205829298601,-0.13573260653089073,0.6240043422717166,0.15424025219125648,0.6200368235880035,0.015136695361205791,1.0519803389661475,0.16012312472227946,1.0499965796242907,-0.12984973399986777,1.053964098308004,0.012195259095694322,0.8370004609480037,-1.5844778525277101,"(-0.01127775997471147, -1.0104782887181665, -0.025890534938461465)",-0.006844657634031034,0.4121244884677858,-0.01368152573281356,0.059255023509406354,0.09388581124718341,False,,
7,1440,0.009177486545152238,0.6177741407587941,-0.13580877293980076,0.6197702771674257,0.15416374603010524,0.6157780043501624,0.015097063481094346,1.047733393024517,0.16008332296604738,1.0457372566158851,-0.12988919600385865,1.0497295294331486,0.012137275013123292,0.8327537668916555,-1.5845632196484332,"(-0.013916179817047337, -1.0192065735235831, 0.0033438762725147148)",-0.006736925106073374,0.4078774033099398,-0.013766892853536605,0.05928559225595952,0.093752386675284,False,,
7,1441,0.009101454512730181,0.6135283630658556,-0.13588464326993796,0.6155362101104743,0.15408755229539833,0.6115205160212369,0.015055759541599581,1.0434871358006645,0.16004185732426773,1.0414792887560458,-0.12993033824106853,1.0454949828452835,0.012078607027164881,0.8285077494332601,-1.5846439903542417,"(-0.014080316630018366, -1.0190441900148752, -0.03802675777082893)",-0.0066352683713022794,0.40363099022852084,-0.013847663559345191,0.059319899995892704,0.0936207667259449,False,,
7,1442,0.009024644355193859,0.6092856943113718,-0.13596128164821228,0.6113059074028123,0.15401057035860002,0.6072654812199314,0.015015621109120834,1.0392439576318178,0.16000154711252704,1.0372237445403771,-0.12997030489428527,1.0412641707232582,0.012020132732157346,0.8242648259715948,-1.5847292816637466,"(-0.014033830801808339, -1.018301630799668, 0.06022237482873033)",-0.006490256605116775,0.39938766867224634,-0.013932954868850045,0.059351213606343274,0.09348670048793431,False,,
7,1443,0.008947971707640258,0.6050437643197077,-0.13603778573691452,0.607076038471668,0.15393372915219503,0.6030114901677475,0.014974715744488071,1.0350015277759737,0.15996047318904286,1.0329692536240134,-0.1300110417000667,1.037033801927934,0.011961343726064165,0.8200226460478407,-1.5848124695141563,"(-0.014109361462363553, -1.0181231817009713, 0.01877069313910449)",-0.006404518647262143,0.39514508971460793,-0.014016142719259772,0.05938424225092947,0.09335345914676005,False,,
7,1444,0.008878022313959138,0.6008093057451338,-0.1361076349880319,0.6028487117149206,0.15386367961595018,0.5987698997753471,0.014925915879533755,1.0307667722269005,0.15991157318152482,1.0287273662571137,-0.13005974142245727,1.0328061781966873,0.011901969096746446,0.8157880389860171,-1.5848616593133045,"(-0.014249911036252458, -1.0163056948376483, 0.016324406139479865)",-0.006321718355325295,0.39091013383794576,-0.014065332518407914,0.05943857820738157,0.09323986872491039,False,,
7,1445,0.008790618240577613,0.5965623350738574,-0.13619504859989984,0.5986010628198009,0.15377628508105504,0.5945236073279141,0.014836500521651069,1.0265198298421698,0.1598221673621285,1.0244811020962263,-0.13014916631882634,1.028558557588113,0.011813559381114341,0.8115410824580136,-1.5848569814449296,"(-0.021218331751705205, -1.019269566720851, -0.02586257643345654)",-0.006247633320843969,0.38666227365338446,-0.014060654650033033,0.05956642008782004,0.09311766060141784,False,,
7,1446,0.008727954677425431,0.5923302791556063,-0.13625769679672312,0.594370099396886,0.15371360615157392,0.5902904589143267,0.014777076772254774,1.0222877283548053,0.1597627282464033,1.0202479081135256,-0.13020857470189373,1.024327548596085,0.011752515724840103,0.8073090037552059,-1.5848645166407733,"(-0.01465047750581718, -1.0156988886738667, -0.019492133239621713)",-0.006179794009613808,0.38242988841362163,-0.014068189845876766,0.05964820478285902,0.09302679819718278,False,,
7,1447,0.008634109895565031,0.5880864902416467,-0.1363515088667238,0.5901286342415281,0.15361972865785378,0.5860443462417655,0.014690123136592183,1.0180438424332618,0.15967574189888098,1.0160016984333806,-0.1302954956256966,1.020085986433143,0.011662116516078607,0.8030651663374543,-1.584880544149979,"(-0.021695810102758964, -1.0185209802603896, -0.0030823105231553988)",-0.006122313438489763,0.3781850631065901,-0.014084217355082362,0.05976638979487671,0.09288930606908131,False,,
7,1448,0.008540592488641627,0.5838433937710891,-0.13644500278205052,0.5858872049177061,0.1535261877593338,0.5817995826244721,0.0146015496820577,1.0138006762979694,0.1595871449527499,1.0117568651513522,-0.13038404558863442,1.0158444874445864,0.011571071085349664,0.7988220350345292,-1.584892042855058,"(-0.021850903374946388, -1.0183515127020086, -0.04446152524715118)",-0.006067823728463221,0.37394093756413277,-0.014095716060161356,0.05988821637162633,0.09275362771404223,False,,
7,1449,0.008464545151438895,0.5796029879798977,-0.13652089077441007,0.5816580717717489,0.15344998107728788,0.5775479041880467,0.014558931568652513,1.0095597979668982,0.15954436749450152,1.007504714175047,-0.1304265043571964,1.0116148817587494,0.011511738360045704,0.794581392973398,-1.584969793002594,"(-0.014239854072950316, -1.0177540946714831, 0.06357427541139814)",-0.005967450286986245,0.36969990160708616,-0.01417346620769755,0.05992529440392836,0.09262289789085043,False,,
7,1450,0.008388627390161229,0.5753633261148875,-0.1365966525877613,0.577429382678347,0.15337390736808376,0.573297269551428,0.014515553750765159,1.0053196736356234,0.1595008337286877,1.0032536170721638,-0.13046972622715736,1.0073857301990827,0.011452090570463194,0.7903414998752554,-1.5850454749318463,"(-0.014315469499802563, -1.0175743435542335, 0.02212661545700297)",-0.005922332355422696,0.36545961355425394,-0.014249148136949774,0.059964066028697784,0.09249297052384618,False,,
7,1451,0.008383824588574288,0.5711321397666268,-0.13660152325844335,0.5731934281208606,0.1533691724355919,0.5690708514123931,0.01449661074250878,1.0010886885543342,0.15948195858952643,0.9990274002001005,-0.1304887371045088,1.0031499769085679,0.011440217665541534,0.7861104141604806,-1.5850125873993326,"(-0.0028494971811984966, -1.0154605715459648, 0.005040616517346226)",-0.005878170438388243,0.3612294435496011,-0.014216260604436037,0.06000065641462279,0.09249598969772554,False,,
7,1452,0.008300114029149222,0.5668858045758265,-0.13668520617595165,0.5689490362701273,0.1532854342342501,0.5648225728815258,0.014418663191558236,0.9968422713909533,0.15940398339665912,0.9947790396966525,-0.13056665701354261,0.9989055030852539,0.01135938861035373,0.7818640379833899,-1.5850259911003346,"(-0.019398973245073028, -1.0191302825017485, -0.0308861442875144)",-0.0058537913686779585,0.3569823096466153,-0.014229664305438039,0.06010688827241885,0.09237361289771688,False,,
7,1453,0.008229877631987945,0.5626628053976136,-0.13675534997941693,0.5647325335123915,0.15321510524339285,0.5605930772828358,0.014367692041329233,0.9926189976245386,0.15935291965273415,0.9905492695097606,-0.13061753557007563,0.9946887257393164,0.011298784836658589,0.7776409015110761,-1.5850707985507808,"(-0.014544905686833708, -1.0135527533552902, 0.0060494098067485486)",-0.005829746507806419,0.3527588201544401,-0.014274471755884255,0.060165605925260275,0.09226092762760471,False,,
7,1454,0.008153594365775011,0.5584145819610165,-0.1368314804140943,0.5604949884298838,0.1531386691456443,0.5563341754921491,0.014323075618278135,0.9883703209633874,0.1593081503981474,0.9862899144945201,-0.13066199916159116,0.9904507274322547,0.011238334992026573,0.7733924514622019,-1.5851444499143623,"(-0.014507962711683777, -1.0196280117298049, 0.02193144925435106)",-0.005809807228212768,0.3485099740669576,-0.014348123119465761,0.06020673776209995,0.09213109191869981,False,,
7,1455,0.00807747515550623,0.5541670248836059,-0.13690745164369228,0.5562577187949753,0.15306240195470477,0.5520763309722365,0.014277463996118952,0.9841223250467463,0.1592623907953175,0.982031631135377,-0.13070746280307954,0.9862130189581158,0.011177469575812591,0.7691446749651761,-1.585215405133466,"(-0.014607699891355722, -1.0194663592861943, -0.01947309370865777)",-0.005788512913074457,0.34426179953942093,-0.014419078338569369,0.060250083019616596,0.09200229421660899,False,,
7,1456,0.008000669536854826,0.5499289442838482,-0.13698410716246315,0.5520300214953974,0.15298544623617286,0.547827867072299,0.014231450233173085,0.979883799323205,0.15921622693249113,0.9777827221116558,-0.13075332646614485,0.9819848765347543,0.011116059885013956,0.7649063718035266,-1.5852870215820125,"(-0.01473832579167262, -1.0171927587958989, 0.020535430025298534)",-0.005760067267252455,0.3400230843265933,-0.014490694787115954,0.06029380197638365,0.09187233077284163,False,,
7,1457,0.007923725959043441,0.5456916118578085,-0.13706089615517952,0.547803329262188,0.1529083480732664,0.5435798944534288,0.014186060330652023,0.9756460084724007,0.159170682444875,0.973534291068021,-0.1307985617835709,0.9777577258767803,0.011054893144847732,0.7606688101651046,-1.5853604099662297,"(-0.014680017639893564, -1.017014793221278, -0.02087340406897674)",-0.005737953206919253,0.33578511537107714,-0.014564083171333175,0.06033611265939513,0.09174164622354901,False,,
7,1458,0.007890980163530766,0.5414704780446344,-0.13709380182802314,0.5435711900338358,0.1528757621550847,0.5393697660554331,0.014120677786679756,0.9714253487782081,0.15910545977823373,0.9693246367890067,-0.13086410420487413,0.9735260607674096,0.011005828975105261,0.7564479134114213,-1.5852845025427766,"(-0.011775400738193168, -1.0130152208839815, -0.023642845953888443)",-0.005714956325128679,0.33156439100584933,-0.014488175747880083,0.06045119725677018,0.0917179668271573,False,,
7,1459,0.007801437595082533,0.5372323184924204,-0.13718344375813868,0.5393261616079295,0.15278631894830375,0.5351384753769114,0.014010765454867902,0.9671874838847316,0.15899564680808914,0.9650936407692225,-0.13097411589835328,0.9692813270002406,0.010906101524975217,0.752209901188576,-1.5852371260440639,"(-0.023934588031210388, -1.0171229334828567, -0.020779217117202473)",-0.005708367438162344,0.3273253010301447,-0.014440799249167302,0.0606207535796463,0.09160546175986137,False,,
7,1460,0.007712243585791234,0.5329948375132627,-0.13727274637469342,0.5350811467324705,0.15269723354627593,0.530908528294055,0.013899229546200447,0.9629503249822864,0.15888421950668516,0.9608640157630786,-0.13108576041428419,0.9650366342014941,0.01080573656599584,0.7479725812477745,-1.585185162739977,"(-0.024087590155050534, -1.0169567857923567, -0.062151885363543956)",-0.005704599279051744,0.323086898157981,-0.014388835945080336,0.06079397434699427,0.09149481798978719,False,,
7,1461,0.007636403970452458,0.5287509894148996,-0.1373484383720364,0.5308475320268313,0.15262124631294133,0.526654446802968,0.013853737233422255,0.9587060391202116,0.15883857957591113,0.9566094965082799,-0.13113110510906656,0.9608025817321432,0.010745070601937357,0.7437285142675556,-1.5852557452046312,"(-0.014559831374035917, -1.0185760752525568, 0.04489105278579979)",-0.0056411387720283835,0.31884244999462885,-0.014459418409734637,0.060837263187626514,0.09136652800712829,False,,
7,1462,0.00756074172769069,0.5245079349389994,-0.13742395834250393,0.5266142933025502,0.15254544179788532,0.5224015765754486,0.013807183771323955,0.9544625627333696,0.1587918838415186,0.9523562043698188,-0.13117751629887064,0.9565689210969204,0.010683962749507322,0.7394852488361845,-1.5853234471538336,"(-0.014665884583208373, -1.018383703529066, 0.003475911920834109)",-0.00564402104405693,0.3145988015791966,-0.014527120358936996,0.06088291336713388,0.09123934951435979,False,,
7,1463,0.0074840505943459985,0.52027142905242,-0.1375004957411232,0.5223883428197211,0.15246859692981515,0.518154515285119,0.013761794869790497,0.9502256009438115,0.15874634120525968,0.9481086871765103,-0.13122275146567866,0.9523425147111124,0.010622922732068248,0.7352485149981157,-1.5853962507623298,"(-0.014649604185378045, -1.0168161211364954, 0.04421121868733127)",-0.005594952805454492,0.31036167724048924,-0.01459992396743326,0.060925398025576866,0.09110919736692702,False,,
7,1464,0.007407351846149426,0.5160356844470763,-0.13757704033106563,0.5181631300993768,0.1523917440233645,0.5139082387947759,0.013716328608143936,0.9459893991795073,0.15870072078535902,0.9438619535272068,-0.1312680635690711,0.9481168448318078,0.010561840227146681,0.7310125418132918,-1.5854688922324736,"(-0.014659801181175922, -1.0166335643577362, 0.002789336970516024)",-0.005597645319597863,0.30612531586976455,-0.014672565437577001,0.06096804260281827,0.0909790849656162,False,,
7,1465,0.007406919169588022,0.5118282552570753,-0.13757779187898383,0.5139338578221646,0.1523916302181599,0.5097226526919861,0.013651119879852635,0.9417829156080127,0.15863583092842454,0.9396773130429235,-0.1313335911687192,0.9438885181731019,0.010529019524720329,0.726805585432544,-1.585318234200794,"(-0.007876968582324426, -1.0096695313794617, 0.002966196661619791)",-0.005597439101000468,0.30191912513637664,-0.014521907405897538,0.061105157602640556,0.09102337943572954,False,,
7,1466,0.0073256856963344365,0.5075822914966696,-0.1376589558041092,0.50969267747744,0.15231032719677806,0.5054719055158992,0.013584071708274258,0.9375367456014335,0.1585687132087179,0.9354263596206631,-0.13140056979216935,0.9396471315822039,0.010454878702304347,0.7225595185490515,-1.5853512267611367,"(-0.01779379737983544, -1.0190560520381942, -0.0045035684049363756)",-0.005620901246675945,0.29767244730295467,-0.014554899966240153,0.0611901384756796,0.09089866883095468,False,,
7,1467,0.00724471755097948,0.5033369397034483,-0.13773986275484457,0.505451525607133,0.15222929785680347,0.5012223537997635,0.013515558506734032,0.9332912123345126,0.1585001388125581,0.9311766264308279,-0.13146902179908995,0.9354057982381974,0.010380138028856756,0.7183140760189805,-1.5853801948211799,"(-0.017937761627421736, -1.0189062072170525, -0.04590709775953744)",-0.005642780716993606,0.29342638962264106,-0.014583868026283309,0.061278391134256566,0.09077553337686062,False,,
7,1468,0.007167648912730183,0.49909420133552207,-0.1378167792002999,0.5012191965678955,0.15215207702576028,0.4969692061031487,0.013469358912182268,0.929048022636232,0.15845378702521237,0.9269230274038586,-0.13151506920084782,0.9311730178686053,0.010318503912456225,0.714071111985877,-1.5854519909675404,"(-0.014792187936127441, -1.0183113679448257, 0.04730903592844472)",-0.005586388490397186,0.28918304313489673,-0.014655664172643856,0.061322324233823146,0.09064514930529162,False,,
7,1469,0.007090676234356981,0.49485225379124653,-0.13789360257538202,0.4969874114013234,0.15207495504409596,0.49271709618116977,0.013422522940102094,0.9248056323304725,0.15840680174984112,0.9226704747203957,-0.13156175586963686,0.9269407899405493,0.010256599587229537,0.7098289430608595,-1.5855220838945128,"(-0.014857038054405025, -1.018120542004199, 0.005874231073399191)",-0.005608930753318926,0.2849404923478115,-0.01472575709961621,0.0613676669749276,0.0905154106093588,False,,
7,1470,0.0070125045604768,0.49061618775060506,-0.1379716166638731,0.49276201924515867,0.15199662578482664,0.4884703562560515,0.01337600485467006,0.9205690989676427,0.15836012607901995,0.918423267473089,-0.13160811636967978,0.9227149304621962,0.01019425470757343,0.7055926433591239,-1.5855957049130143,"(-0.014962771117465723, -1.016711928416564, 0.019089120177979084)",-0.005563063143588172,0.2807037941458817,-0.014799378118117712,0.06141151098388565,0.0903829271052528,False,,
7,1471,0.006928031493157582,0.48638401566564193,-0.13805590863127248,0.48854204856522043,0.15191197161758768,0.48422598276606355,0.013327715264321239,0.9163363898277451,0.15831165538875136,0.9141783569281666,-0.1316562248601088,0.9184944227273235,0.01012787337873941,0.7013602027466935,-1.5856798618023003,"(-0.015931518920164683, -1.015785746983271, -0.015803656117892525)",-0.0055835192096077785,0.276470833427029,-0.014883535007403692,0.06145472367317702,0.09023839547920917,False,,
7,1472,0.006864748316480011,0.4821584657860416,-0.13811916516189296,0.4843182881156937,0.15184866179485293,0.4799986434563896,0.013269738673379215,0.9121107609288028,0.1582536521517522,0.9099509385991507,-0.13171417480499373,0.9142705832584548,0.010067243494929613,0.6971346133574222,-1.5856922040674952,"(-0.014551172114351503, -1.0141414534251134, -0.02371775402066975)",-0.005597655459017134,0.272245027995849,-0.014895877272598668,0.061533032247575295,0.09014522728145695,False,,
7,1473,0.0067747108166133115,0.4779147676443892,-0.13820922230720492,0.48007327081746776,0.15175864394043156,0.4757562644713108,0.013175789191949616,0.9078671210460573,0.1581597223157679,0.9057086178729787,-0.1318081439318686,0.9100256242191358,0.009975250004281464,0.6928909443452232,-1.585683105427153,"(-0.022078437755555742, -1.0184805629277487, -0.009505489579176303)",-0.005614652997726226,0.26800040938139597,-0.014886778632256403,0.06166860175069731,0.09002061033618838,False,,
7,1474,0.00668498695209885,0.47367176444276293,-0.13829897526460347,0.47582831259799285,0.15166894916880116,0.471515216287533,0.013080267688297948,0.9036242041198802,0.15806422990500033,0.9014676559646502,-0.13190369452840434,0.9057807522751101,0.009882627320198399,0.6886479842813216,-1.5856696210526413,"(-0.02222944417993546, -1.018310415336409, -0.05088012004458456)",-0.005629954312010372,0.26375649454546063,-0.014873294257744751,0.06180770106864156,0.0898977435780355,False,,
7,1475,0.006607075844474213,0.4694308500992207,-0.1383767306089148,0.4715978448583803,0.15159088229786324,0.46726385534006104,0.013033336164740766,0.8993828278575468,0.15801714261812982,0.897215833098387,-0.13195047028864823,0.9015498226167065,0.00982020600460749,0.6844068389783837,-1.5857416746051662,"(-0.014981115741818027, -1.0178748727050912, 0.054116327787257335)",-0.005562552458589883,0.2595149695767452,-0.014945347810269682,0.06185260120591232,0.08976610000912809,False,,
7,1476,0.0065293598316674886,0.4651907630058223,-0.1384542969742032,0.46736774697395356,0.1515130166375382,0.4630137790376912,0.012985243323366822,0.8951422969818528,0.15796890012923753,0.8929653130137215,-0.13199841348250385,0.8973192809499839,0.009757301577517155,0.6801665299938375,-1.5858105734316434,"(-0.015097062501680358, -1.0176741562910872, 0.012698268563222358)",-0.005581464357554456,0.2552742800661774,-0.015014246636746886,0.06190008552489129,0.08963567417633117,False,,
7,1477,0.006450239883836904,0.4609575315805153,-0.13853325654081497,0.4631451706007742,0.15143373630848875,0.45876989256025646,0.012937721116328738,0.890908589943276,0.15792121754098062,0.8887209509230171,-0.1320457753083231,0.8930962289635348,0.00969398050008282,0.6759330607618956,-1.5858840648737202,"(-0.015197058584240525, -1.0160326156660582, 0.02565723411667368)",-0.005546639392594509,0.25104041159053325,-0.015087738078823687,0.061945396972968546,0.0895018970075693,False,,
7,1478,0.006364410401012507,0.45672831137099207,-0.13861890146540184,0.45892814778446045,0.15134772226742688,0.45452847495752374,0.012888063213366928,0.8866788224231175,0.15787137507978133,0.8844789860096491,-0.1320952486530474,0.8888786588365859,0.009626236807189718,0.6717035668970548,-1.5859681944558208,"(-0.016258486294344492, -1.0150785275617984, -0.008863567398329306)",-0.005563460337270053,0.24681038339529748,-0.015171867660924265,0.06199056294130896,0.08935546531361606,False,,
7,1479,0.006314427866714593,0.4525169799776465,-0.13866895406682334,0.4547121936606078,0.15129780980025254,0.4503217662946852,0.012824371892048096,0.8824676988150348,0.15780775382558604,0.8802724851320736,-0.13215901004148983,0.8846629124979961,0.009569399879381345,0.6674923393963407,-1.585936309893866,"(-0.013640862674009595, -1.0106946001713935, -0.026376097549905067)",-0.005574497523092665,0.2425991706019667,-0.015139983098969356,0.0620901257164196,0.08929427941671333,False,,
7,1480,0.006235175607999471,0.4482683380489325,-0.13874804989635636,0.450473858929155,0.1512184011123553,0.44606281716871005,0.012775685804521231,0.8782185929928843,0.1577589113088771,0.8760130721126618,-0.13220753969983462,0.8804241138731068,0.009505430706260351,0.6632434655209084,-1.5860074021989274,"(-0.015352601549038426, -1.0197297301037487, 0.006311643400192246)",-0.005595720018657192,0.23834990734519487,-0.015211075404030883,0.06213780139131295,0.08916103338356211,False,,
7,1481,0.006156189940712537,0.44402037991832066,-0.13882688790338574,0.4462355861958772,0.15113926778481085,0.4418051736407642,0.012725422350018103,0.873970196973233,0.15770850019411645,0.8717549906956764,-0.13225765549408014,0.8761854032507894,0.00944080614536532,0.6589952884457768,-1.5860742058048543,"(-0.015509894614807571, -1.019562498031576, -0.035045201622735694)",-0.005611938102567237,0.23410133893615662,-0.015277879009957696,0.06218898687301465,0.08902944344073317,False,,
7,1482,0.006076430012252679,0.4397803421156238,-0.13890648946874157,0.44200588896247345,0.15105934949324698,0.43755479526877417,0.0126763275580827,0.8697296895420207,0.15765924703907702,0.867504142695171,-0.13230659192291153,0.8719552363888703,0.009376378785167689,0.6547550158288222,-1.586145528438433,"(-0.015462566447431292, -1.0176654280691013, 0.06049802084344895)",-0.005562257913424147,0.2298606722005026,-0.01534920164353637,0.062237176033741896,0.08889541494480271,False,,
7,1483,0.005996793126467311,0.4355410780429064,-0.1389859719132825,0.4377766632970806,0.1509795581662172,0.43330549278873226,0.012626459742294155,0.8654899674711302,0.15760922478204403,0.8632543822169559,-0.13235630529745565,0.8677255527253044,0.009311626434380733,0.6505155227570183,-1.5862147670266962,"(-0.015540564188869718, -1.0174783372329348, 0.019060274983662626)",-0.005579012168054064,0.22562078674749375,-0.015418440231799613,0.06228708093712007,0.08876218297939631,False,,
7,1484,0.005980225652506196,0.43130916603211517,-0.1390025967377238,0.4335410288780372,0.15096304804273625,0.4290773031861932,0.012598853402481843,0.8612582255341767,0.15758167579271193,0.8590263626882546,-0.13238396898774812,0.8634900883800987,0.00928953952749402,0.6462836957831459,-1.5861890921989696,"(-0.0053008576528108566, -1.0156384737293715, -0.0008561297825310857)",-0.005592673592069725,0.22138995024319694,-0.015392765404073083,0.062333759889769406,0.08874640116214924,False,,
7,1485,0.005889319472826405,0.4270643506766658,-0.1390935422507253,0.42929365694756966,0.15087218119637807,0.42483504440576203,0.012500365655506598,0.8570135268223709,0.1574832273790583,0.8547842205514671,-0.13248249606804507,0.8592428330932746,0.009194842564166502,0.6420389387495183,-1.5861714585605204,"(-0.022727271198604355, -1.0187416880706246, -0.034952531099837376)",-0.005622813862663171,0.2171442295308249,-0.015375131765623884,0.06247828657052492,0.08862309481991304,False,,
7,1486,0.005813592540918537,0.4228418954968439,-0.13916916176651695,0.42507817665756464,0.150796346848354,0.4206056143361232,0.012445322879607578,0.8527907530982043,0.15742807718704305,0.8505544719374836,-0.1325374314278279,0.855027034258925,0.009129457710263057,0.6378163242975241,-1.5862195669528951,"(-0.015692364936826794, -1.0134274684786135, 0.017411739533913853)",-0.0056487791646140095,0.21292127732314883,-0.015423240157998563,0.06254180096924412,0.08850168336109034,False,,
7,1487,0.005732832069503306,0.4185935568011202,-0.1392497606421677,0.4208402901190109,0.1507154247811743,0.41634682348322954,0.012395558460489398,0.8485419351874549,0.15737815117216042,0.8462952018695642,-0.1325870342511816,0.8507886685053456,0.009064195264996352,0.6335677459942876,-1.5862916594099619,"(-0.015662986864009187, -1.0196587927767649, 0.014022120373317772)",-0.005674791225209929,0.2086723204032564,-0.015495332615065305,0.06259071227542085,0.08836601503370493,False,,
7,1488,0.005652240194252707,0.41434586669073276,-0.13933019668442273,0.41660263356413185,0.1506346770729282,0.4120890998173337,0.012344721267091394,0.8442937829516326,0.1573271581457669,0.8420370160782333,-0.13263771561158402,0.8465505498250316,0.00899848073067205,0.6293198248211826,-1.586360864689775,"(-0.015771488237832466, -1.019501081545169, -0.027374578963205727)",-0.005697417872036865,0.20442402269009446,-0.01556453789487855,0.06264200219523035,0.08823144661907029,False,,
7,1489,0.005570876643098405,0.41010723874320576,-0.13941140205511796,0.41237414488875057,0.15055315534131475,0.40784033259766095,0.012293425902300337,0.8400546859172268,0.1572757046005167,0.8377877797716818,-0.132688852795916,0.8423215920627716,0.008932151272699371,0.6250809623302163,-1.586430799213508,"(-0.015919069913443214, -1.017326997831936, 0.02712957590520995)",-0.0057295098247803185,0.20018476881122343,-0.01563447241861149,0.06269372502551156,0.08809557184825176,False,,
7,1490,0.005489329280802415,0.4058693712235283,-0.13949278520604325,0.408146755451799,0.15047144376764804,0.4035919869952578,0.01224295147498424,0.8358163314258983,0.1572250659618299,0.8335389471976276,-0.1327391630118614,0.8380937156541688,0.008866140377893328,0.6208428513247133,-1.5865030707266143,"(-0.015842614753450276, -1.0171466413207237, -0.01427293254557078)",-0.005744683502185354,0.19594627661543715,-0.01570674393171778,0.0627435934681251,0.08795874372253829,False,,
7,1491,0.00546039437193436,0.40164804084359024,-0.13952187243454134,0.40391570740988536,0.15044266117841007,0.3993803742772952,0.012185198671981779,0.8315954527524492,0.1571674654784575,0.8293277861861541,-0.13279706813449388,0.8338631193187442,0.00882279652195807,0.6166217467980197,-1.5864360441357719,"(-0.010402525424461816, -1.0130650864064397, -0.029878381950050478)",-0.005757170429421737,0.19172581324872112,-0.015639717340875325,0.062845209014685,0.08793777476842231,False,,
7,1492,0.005378225274536915,0.3973993539014219,-0.13960388418570063,0.3996770581095449,0.15036033473477442,0.395121649693299,0.012132796374487678,0.8273462991972987,0.15711490583472523,0.8250685949891757,-0.13284931308574985,0.8296240034054216,0.008755510824512296,0.6123728265493603,-1.5865052777564883,"(-0.016148567386985575, -1.0197408596782673, -0.012752751006190916)",-0.005785759878121567,0.18747651359510087,-0.01570895096159175,0.06289870803651247,0.08780097153570018,False,,
7,1493,0.005299393373418394,0.39318062063733716,-0.13968257957116842,0.3954669979235904,0.1502813663180052,0.390894243351084,0.012079684636100235,0.8231271610936981,0.15706165758068708,0.8208407838074449,-0.13290228830848655,0.8254135383799512,0.008689539004759314,0.6081538908655176,-1.5865650994975518,"(-0.015833236740715923, -1.0125445641222421, 0.057044050164892335)",-0.005808422108346127,0.1832572600122742,-0.015768772702655198,0.0629560128458694,0.08767169029788374,False,,
7,1494,0.005216003499936126,0.38892886088240647,-0.13976582981481808,0.39122407518456265,0.15019783681469032,0.38663364658025035,0.01202250108564064,0.8188749872640915,0.15700433440039485,0.8165797729619352,-0.13295933222911352,0.8211702015662475,0.008619252292788383,0.6039019240732489,-1.5866260520420383,"(-0.016868810873023506, -1.020472030144492, -0.008614478878836394)",-0.0058374238872560815,0.1790048713001602,-0.015829725247141768,0.06301874110788926,0.0875356281546117,False,,
7,1495,0.005132695776577285,0.3846777637477292,-0.13984900106015702,0.38698158282509876,0.1501143926133116,0.3823739446703597,0.011964710971535186,0.8146234854014931,0.15694640780826952,0.8123196663241236,-0.1330169858651991,0.8169273044788626,0.008548703374056235,0.5996506245746112,-1.5866854027831907,"(-0.016931740495715497, -1.0203118796730581, -0.0500106835460594)",-0.0058585326528406995,0.17475315652039708,-0.015889075988294143,0.06308280525975689,0.08740016026854294,False,,
7,1496,0.005049674116197889,0.38044178085811486,-0.13993185151567458,0.3827563489505889,0.15003119974807036,0.37812721276564093,0.011913565700775921,0.8103869948009093,0.15689509133264842,0.8080724267084352,-0.13306795993109652,0.8127015628933832,0.008481619908486905,0.5954143878295121,-1.586759543324243,"(-0.016100031736639132, -1.0166968188237817, 0.045817342264083655)",-0.0058292769920244205,0.1705165677310139,-0.015963216529346402,0.06313307406947827,0.08726069882212423,False,,
7,1497,0.004966678315989044,0.3762065538284698,-0.14001467699774414,0.37853176594633164,0.1499480336297222,0.37388134171060805,0.011862134941372332,0.8061512626898855,0.1568434902551055,0.8038260505720236,-0.13311922037236085,0.8084764748077472,0.008414406628680688,0.5911789082591776,-1.5868329597929187,"(-0.016131187153491978, -1.016515096880268, 0.004390122146935206)",-0.005850321769948534,0.16628074581571536,-0.01603663299802216,0.06318396426974998,0.08712149159621822,False,,
7,1498,0.004945076401365325,0.37199348037127,-0.14003651945053303,0.37430364578457254,0.14992667225326362,0.3696833149579675,0.011795911764952049,0.8019389025527616,0.1567775076168504,0.799628737139459,-0.13318568408694625,0.8042490679660641,0.008370494083158687,0.5869661914620158,-1.5867291761579039,"(-0.010539010925280408, -1.0110520313188534, -0.004168199449106583)",-0.005868667436457218,0.162068940464891,-0.015932849363007318,0.0633084838806836,0.08712181820992133,False,,
7,1499,0.004857907157982039,0.36774976747033306,-0.1401235944942935,0.37006583712628116,0.14983940881025762,0.36543369781438495,0.011726251654931713,0.7976949103012193,0.15670775330720732,0.7953788406452711,-0.1332552499973438,0.8000109799571675,0.008292079406456876,0.5827223388857762,-1.5867699002548366,"(-0.018819522408434937, -1.018524618297513, -0.011267804953792544)",-0.005873925510537063,0.15782454941769902,-0.015973573459939994,0.06339487800724067,0.08698643257562849,False,,
7,1500,0.004771106901301696,0.363506605831772,-0.14021031339612897,0.36582776255628363,0.1497525271987324,0.36118544910726047,0.011654537187784354,0.7934515074034632,0.15663595748521505,0.7911303506789514,-0.1333268831096463,0.7957726641279748,0.008212822044543025,0.5784790566176176,-1.5868049879724573,"(-0.019021766859324253, -1.01838774435807, -0.05271446316158898)",-0.005913546154332681,0.15358073282496953,-0.016008661177560723,0.06348585466565533,0.08685324599955282,False,,
7,1501,0.0046873312248720544,0.35926449050049586,-0.14029391460246973,0.3615965193064665,0.14966857705221387,0.3569324616945252,0.011603002856371364,0.7892088746781303,0.15658424868371318,0.7868768458721596,-0.1333782429709704,0.7915409034841009,0.00814516704062171,0.574236682589313,-1.586879977498518,"(-0.01623720094111572, -1.018169766793079, 0.0406585234737456)",-0.005868103042400708,0.1493380701575599,-0.0160836507036215,0.06353642486229742,0.08671246938583292,False,,
7,1502,0.004603656256858272,0.35502317185948773,-0.1403774186023174,0.357365805564976,0.14958473111603396,0.35268053815399936,0.011550776900720185,0.7849670490280777,0.15653185175989592,0.7826244153225894,-0.13343029795845543,0.787309682733566,0.008077216578789228,0.5699951104437827,-1.5869531242403967,"(-0.016308110839795484, -1.017977314927292, -0.0007772626963932158)",-0.005908784214561737,0.14509622333857566,-0.016156797445500137,0.06358852352198578,0.0865723855540601,False,,
7,1503,0.004518836236037981,0.35078731530325036,-0.14046205756426683,0.3531411277139448,0.1494997300363428,0.34843350289255604,0.01149910752292481,0.7807306555386371,0.15648000132322964,0.7783768431279426,-0.13348178627737997,0.7830844679493314,0.008008971879481396,0.5657589854209437,-1.5870302288707192,"(-0.016378727833879673, -1.0166700054813456, 0.024053734892837554)",-0.0058767391414021155,0.14085981695013297,-0.016233902075822648,0.06363866036777391,0.08642950767920175,False,,
7,1504,0.004432280484622593,0.34655275128575164,-0.1405484369485428,0.34891740190786114,0.149412997917788,0.34418810066364214,0.011444692674326674,0.7764955685013457,0.1564254101074921,0.7741309178792362,-0.1335360247588387,0.7788602191234552,0.007938486579474633,0.5615241598935486,-1.5871049850521597,"(-0.01691647200162304, -1.0163581265748138, -0.015891587263176944)",-0.005916528005259038,0.13662466466199547,-0.01630865825726313,0.06369338061934317,0.08628487583440296,False,,
7,1505,0.004398295837480376,0.3423387870373539,-0.14058261671452396,0.34469144417090947,0.14937920838948468,0.3399861299037984,0.011375141130093278,0.7722821828812289,0.15635605368209762,0.7699295257476733,-0.13360577142191102,0.7746348400147843,0.007886718483786827,0.5573104849592914,-1.5870222603927089,"(-0.012424342965073366, -1.0112819842217555, -0.027834880610605277)",-0.005951842762760243,0.13241185581658502,-0.016225933597812325,0.06381633331441534,0.08626141668157333,False,,
7,1506,0.00431397707805913,0.33809031221553026,-0.14066676105050008,0.3404536936274356,0.14929471520661833,0.3357269308036249,0.011322625403019817,0.7680331908036713,0.15630336353157903,0.765669809391766,-0.13365811272553937,0.7703965722155767,0.007818301240539473,0.5530617515096008,-1.5870962307147827,"(-0.016420138379364985, -1.0196960279257485, 0.0017342168318223439)",-0.006002134372839516,0.12816293723889932,-0.016299903919886116,0.0638686012150887,0.08612018183385452,False,,
7,1507,0.004229966059685917,0.3338424000329715,-0.14075060878602666,0.3362157768270594,0.14921054090539854,0.3314690232388837,0.01126825586284299,0.7637847944030159,0.15624883070855566,0.761411417608928,-0.13371231898286956,0.7661581711971037,0.007749110961264453,0.5488135972179937,-1.5871651735822019,"(-0.016605667026004918, -1.0195570299856973, -0.039676090999383386)",-0.00605051779912737,0.12391461842249539,-0.016368846787305324,0.06392498774243133,0.08598087913680698,False,,
7,1508,0.004144876085373537,0.32960100478412724,-0.14083551942808453,0.33198531113215834,0.1491252715988316,0.32721669843609624,0.011215577669189793,0.7595428673412788,0.15619597318264788,0.7571585609932477,-0.13376481784426825,0.7619271736893098,0.007680226877281665,0.544571936062703,-1.5872405599621309,"(-0.016532180155869148, -1.0179986772697605, 0.05270749387507942)",-0.0060071732459334864,0.11967280536168579,-0.016444233167234312,0.06397706883931414,0.0858381370604406,False,,
7,1509,0.004059997303205469,0.32536044138984643,-0.14092022643886654,0.32775516970402835,0.14904022104527745,0.3229657130756645,0.011161605407331115,0.7553017945559909,0.1561418291494031,0.7529070662418089,-0.13381861833474087,0.7576965228701729,0.007610801355268292,0.5403311179729187,-1.5873124453524512,"(-0.016662125283209536, -1.0177963415482534, 0.011290672097984096)",-0.006057168753629354,0.115431863087114,-0.016516118557554638,0.06403202301924824,0.08569673664918442,False,,
7,1510,0.003973282761780246,0.3211276366419348,-0.1410067522607108,0.3235337631717038,0.14895331778427132,0.31872151011216576,0.011108692470750506,0.7510684301569083,0.1560887274932416,0.7486623036271391,-0.13387134255174052,0.7534745566866774,0.007540987616265376,0.5360980333994215,-1.5873910645096407,"(-0.016755297360699632, -1.0159402976393193, 0.023736881199759863)",-0.006041081163964178,0.11119864478278027,-0.01659473771474418,0.06408347988964325,0.08555074088499666,False,,
7,1511,0.0038793352521158523,0.316899219307648,-0.14110048050600538,0.31931852142628225,0.14885915101023703,0.3144799171890138,0.011053817397031073,0.7468393625903523,0.15603363315515228,0.744420060471718,-0.13392599836109012,0.7492586647089865,0.007466576324573463,0.5318692909490002,-1.587481943221439,"(-0.017858710006059313, -1.0148981881011205, -0.010172423241917927)",-0.006089588259087676,0.1069695860073457,-0.016685616426542538,0.06413407099409624,0.08539087551220484,False,,
7,1512,0.003815462179211615,0.3126803950954268,-0.1411643553731233,0.31509958969108903,0.14879527973154652,0.3102612004997646,0.010989625462899588,0.7426205436989027,0.1559694430152345,0.7402013491032404,-0.13399019208943533,0.7450397382945649,0.007402543821055601,0.5276504693971648,-1.5874812015804682,"(-0.015367800844286756, -1.012517172440507, -0.023632254194652095)",-0.006131334965388284,0.10275125930417563,-0.01668487478557168,0.06422506673396812,0.08530077042089637,False,,
7,1513,0.003724027659907759,0.3084351543839602,-0.14125569245365008,0.3108601813517329,0.1487037477734656,0.3060101274161876,0.010915486943647374,0.7383750140310629,0.15589520705720525,0.7359499870632902,-0.13406423316991042,0.7408000409988356,0.007319757301777567,0.5234050842075115,-1.5875214304493415,"(-0.01986876462672822, -1.018892445516765, -0.0051170377779246115)",-0.006178674228471169,0.0985055734494543,-0.016725103654444906,0.06431795415464839,0.08515951264359364,False,,
7,1514,0.0036329377043705165,0.30419053310058636,-0.14134669762448807,0.3066206236156006,0.14861257303322914,0.3017604425855721,0.01083941302475765,0.7341301413172017,0.15581904835361632,0.7317000508021874,-0.13414022230410091,0.7365602318322159,0.007236175364564083,0.519160337208894,-1.587556356359791,"(-0.02005966493123621, -1.0187392796682166, -0.04650658262589882)",-0.006223433519391935,0.09426056843737202,-0.01676002956489442,0.06441515502999828,0.08502031853936962,False,,
7,1515,0.003545454851740439,0.29995162807978293,-0.14143398979571886,0.3023930681700313,0.14852489949919975,0.29751018798953444,0.010785587533166925,0.7298906708274209,0.15576503218062626,0.7274492307371725,-0.13419385711429235,0.7323321109176694,0.007165521192453682,0.5149211494536019,-1.5876346403385464,"(-0.01695700130649635, -1.0174050612700887, 0.06217520191659963)",-0.006194765846625498,0.09002147324005158,-0.01683831354364984,0.06446800999173838,0.08487334376308879,False,,
7,1516,0.0034581190327137115,0.29571349160592314,-0.14152114032727184,0.2981659098879521,0.14843737839269927,0.2932610733238942,0.01073080773114444,0.7256519848803631,0.15571006709113003,0.7231995665983342,-0.1342484516288411,0.7281044031623921,0.007094463381929076,0.5106827382431431,-1.587710362788837,"(-0.01705387452590552, -1.0172186905100944, 0.020724826538203678)",-0.00624098482587503,0.08578322231370815,-0.01691403599394037,0.06452297806355077,0.08472734043511414,False,,
7,1517,0.003447294939096272,0.2914754340075165,-0.14153192681697815,0.2939300743076415,0.14842651669517068,0.28902079370739164,0.010726573070501129,0.7214138157669097,0.15570579482657557,0.7189591754667847,-0.13425264868557327,0.7238684560670345,0.0070869340047987,0.5064446248872131,-1.587725689245834,"(-0.0018070505112901172, -1.0171472054232253, -0.0006581977562022771)",-0.006284435760658678,0.0815483303882446,-0.016929362450937457,0.06452440794617686,0.08470748446223128,False,,
7,1518,0.003353474718477206,0.2872309128729606,-0.14162561695374168,0.28969322436794875,0.14833256639069606,0.2847686013779725,0.010655501910511015,0.7171689088664372,0.15563459358272988,0.7147065973714491,-0.13432358976170786,0.7196312203614255,0.007004488314494111,0.502199910869699,-1.58777860164397,"(-0.019786965673101408, -1.0187313642033875, -0.01874494637821929)",-0.006353312514989857,0.07730368487904246,-0.01698227484907333,0.06460919390293456,0.08455908923128515,False,,
7,1519,0.0032708722260170594,0.2830078101943392,-0.14170809928123282,0.28547718677558687,0.14824984373326697,0.2805384336130916,0.010593851053165154,0.7129454498365286,0.15557282256041507,0.710476073255281,-0.1343851204540847,0.7154148264177762,0.006932361639591106,0.4979766300154339,-1.5878273334238735,"(-0.01731040197672104, -1.0135874050236156, 0.015760057411279144)",-0.006414584685186611,0.07308104374248897,-0.01703100662897694,0.06468190045665993,0.08442780118044246,False,,
7,1520,0.003181208491516544,0.2787587766000168,-0.1417975609679475,0.2812399871955848,0.14815997795098063,0.27627756600444886,0.01053928129216639,0.7086958170660138,0.1555180507516305,0.7062146064704458,-0.13443948816729764,0.7111770276615818,0.006860244891841467,0.4937272968330153,-1.587908959210268,"(-0.01730801945991357, -1.0198399637804583, 0.011329551433325875)",-0.006476091928156641,0.06883232850192936,-0.01711263241537142,0.06473482428390603,0.08427675848142348,False,,
7,1521,0.003091738823633109,0.27451035759130094,-0.1418868361727767,0.27700290488480983,0.1480703138200429,0.2720178102977922,0.010483430797486773,0.7044468213737577,0.15546200579389657,0.7019542740802488,-0.13449514419892303,0.7069393686672665,0.006787584810559941,0.4894785894825293,-1.5879871548356026,"(-0.01743841950756605, -1.0196897641166334, -0.030064947022511553)",-0.006534652021043833,0.06458440280370392,-0.01719082804070604,0.06479058073033107,0.08412701162235704,False,,
7,1522,0.0030009961345155555,0.2702731591449671,-0.14197737551258588,0.27277750627644304,0.14797936778161697,0.26776881201349123,0.010427680731306106,0.7002090198915438,0.15540605237840754,0.6977046727600679,-0.1345506909157953,0.7027133670230197,0.006714338432910831,0.48524108951825545,-1.5880685451116223,"(-0.017579130635786665, -1.0169999914257208, 0.02916424463592046)",-0.006595028905781469,0.06034782258800981,-0.017272218316725763,0.06484524910771966,0.08397451839777809,False,,
7,1523,0.0029101567692938852,0.26603667155626554,-0.14206800836922331,0.2685529452037114,0.1478883219078111,0.26352039790881976,0.010372209654822877,0.6959719198980753,0.1553503747933401,0.6934556462506294,-0.1346059554836943,0.698488193545521,0.0066411832120583806,0.4810042957271704,-1.588150809275041,"(-0.01755725300458811, -1.0168305098604058, -0.012224483642433618)",-0.0066472589526671635,0.056112187370718734,-0.017354482480144373,0.06489926623384662,0.08382163175236697,False,,
7,1524,0.0028760790677353275,0.2618196416318288,-0.14210227910770537,0.26432476852554304,0.14785443724317607,0.2593145147381146,0.010305076062887837,0.6917554624279635,0.1552834342383286,0.6892503355342492,-0.13467328211255283,0.6942605893216777,0.0065905775653115825,0.47678755202989614,-1.58807392358474,"(-0.012145355219231553, -1.0120184873458171, -0.024218777986460847)",-0.006697081448315785,0.05189939392377363,-0.01727759678984353,0.06501702976300112,0.08379627133710825,False,,
7,1525,0.002783265381569507,0.25757200560726323,-0.1421949152162532,0.2600873883902798,0.1477614459793922,0.2550566228242468,0.010242676393273578,0.68750729979391,0.1552208569910963,0.6849919170108935,-0.13473550420454908,0.6900226825769264,0.006512970887421542,0.4725396527005866,-1.5881446644574335,"(-0.01862560269360968, -1.0194958390342823, -0.015240692622371904)",-0.006767194168612647,0.047653355429410515,-0.01734833766253696,0.06508426676944488,0.08364401395033018,False,,
7,1526,0.0026949144941428933,0.2533535808085795,-0.1422830832162304,0.2558794826061527,0.1476729122045162,0.25082767901100633,0.010185519824877209,0.6832883326393417,0.15516351753525054,0.6807624308417686,-0.13479247788549606,0.685814234436915,0.006440217159510051,0.4683209567239606,-1.5882172203492477,"(-0.017460894698757924, -1.0124870343902401, 0.06117649596913515)",-0.006832255817475685,0.04343725973236313,-0.01742089355435117,0.0651435521721409,0.08349753117523182,False,,
7,1527,0.0026003081309927435,0.24909213096496013,-0.1423775277417295,0.2516273046596058,0.1475781440037149,0.24655695727031454,0.010118409432355684,0.6790264028633777,0.1550962453050779,0.6764912291687321,-0.1348594264403665,0.6815615765580233,0.006359358781674214,0.46405926691416893,-1.5882811742070109,"(-0.01940601068060096, -1.0228055543500112, -0.015185018227131225)",-0.006907123566979757,0.03917851842218772,-0.017484847412114313,0.06521946999713207,0.08334475741081908,False,,
7,1528,0.0025056839978438122,0.2448315245324827,-0.14247199010754286,0.24737593232060895,0.14748335810323054,0.24228711674435646,0.010051169162632,0.6747653167070778,0.15502884326801875,0.6722209089189516,-0.13492650494275465,0.6773097244952041,0.0062784265802379065,0.45979842061978027,-1.5883448673817202,"(-0.019423728344713707, -1.022603110653279, -0.05650469523503859)",-0.006970503600241763,0.034921534238260415,-0.017548540586823647,0.06529565056891162,0.08319203758859384,False,,
7,1529,0.002412830963129412,0.24059626333662734,-0.14256462080547827,0.243153308248442,0.14739028273173704,0.2380392184248128,0.009995791736096864,0.6705293961676708,0.15497324350470454,0.6679723512558562,-0.13498166003251078,0.6730864410794853,0.0062043113496131385,0.45556282975214907,-1.5884320334467605,"(-0.017787655349944323, -1.016541808231483, 0.046113038733922335)",-0.006956223385506917,0.030691254184553665,-0.01763570665186398,0.06534808992187947,0.08303485785278177,False,,
7,1530,0.002320036897394605,0.23636180161764864,-0.14265719498982307,0.23893128295050595,0.1472972687846123,0.23379232028479138,0.009939878091385156,0.6662942823866391,0.15491710997860286,0.6637248010537817,-0.1350373537958325,0.6688637637194964,0.006129957494389881,0.4513280420021439,-1.5885178152722392,"(-0.01784492525358179, -1.0163490600012404, 0.004689702482423095)",-0.007023060554733141,0.026463695050645046,-0.017721488477342673,0.06540170151765662,0.08287817542756508,False,,
7,1531,0.0022982899699896973,0.23215074396237642,-0.14267922211892795,0.23470436658675478,0.14727580205890733,0.2295971213379981,0.009871101890559893,0.662084055674339,0.15484861397947755,0.6595304330499607,-0.13510641019835773,0.6646376782987173,0.006084695930274795,0.44711739981835774,-1.588408427798555,"(-0.01086277538762069, -1.0105541241086786, -0.0004520988840353221)",-0.007088081788189272,0.022269656370786484,-0.01761210100365851,0.0655314221799147,0.0828798874941937,False,,
7,1532,0.0021964406994623474,0.2279073115709267,-0.14278102359707798,0.23046364608451766,0.14717390499600266,0.2253509770573358,0.009777294774249202,0.6578404815537704,0.15475475907078953,0.6552841470401795,-0.1352001695222911,0.6603968160673612,0.005986867736855774,0.44287389656234855,-1.5884271333868938,"(-0.023478766420564914, -1.0184407814422032, -0.01214798459978578)",-0.007150879672130488,0.018041512116352666,-0.017630806591997228,0.06565852822955041,0.0827303040680932,False,,
7,1533,0.002094944753896997,0.22366447874420947,-0.14288248546252968,0.22622274531380726,0.1470723749703237,0.2211062121746117,0.009681528374083533,0.6535975476618887,0.15465895859051024,0.6510392810922909,-0.1352959018423431,0.6561558142314865,0.005888236563990265,0.4386310132030491,-1.5884404599838466,"(-0.023671481487722253, -1.0182920062318706, -0.05355958698065128)",-0.00724301103970826,0.013824137328341079,-0.017644133188950084,0.06579000160203087,0.08258281679606332,False,,
7,1534,0.0020006669976268612,0.2194235660013662,-0.14297653021326967,0.22199500312344453,0.1469778642085234,0.21685212887928787,0.009626308118272978,0.6493559439371284,0.15460350532916955,0.6467845068150501,-0.13535088909262352,0.6519273810592068,0.00581348755794992,0.4343897549692473,-1.5885313055936467,"(-0.017939761449682862, -1.0179019761124313, 0.04465655766336078)",-0.007217330531792813,0.009633600812650396,-0.01773497879875019,0.06584113029008662,0.08242253380812765,False,,
7,1535,0.0019065197002427203,0.21518347587535044,-0.14307044972272628,0.21776772372172626,0.14688348912321175,0.21259922802897466,0.009570151244667556,0.6451151783020862,0.15454712066763662,0.6425309304557104,-0.1354068181783014,0.6476994261484621,0.005738335472455138,0.43014932708871834,-1.5886196693818817,"(-0.018036500518747594, -1.0177026913269553, 0.003207047692042634)",-0.007312319166141283,0.0055229737929627844,-0.017823342586985147,0.06589432333508517,0.08226317509634541,False,,
7,1536,0.001810904296068535,0.21094842127002664,-0.14316582153248303,0.21354629887164328,0.14678763012462012,0.20835054366841008,0.009514955114655669,0.6408794013133176,0.15449168094320725,0.638281523711701,-0.1354617707138959,0.6434772789149341,0.005662929705362102,0.4259139112916721,-1.5887136827050705,"(-0.018097384102328737, -1.0164997912910898, 0.01992744161743884)",-0.007292910424730652,0.0020442302402025147,-0.01791735591017396,0.06594448493419822,0.08210006741883705,False,,
7,1537,0.0017104381357701806,0.20671644073144574,-0.1432660320171385,0.20932854754449137,0.14668690828867892,0.20410433391840013,0.009456685926181346,0.6366466625642095,0.15443315607909008,0.634034555751164,-0.13551978422672734,0.6392587693772552,0.005583562030975764,0.42168155164782767,-1.588811831038076,"(-0.019048241852721106, -1.0157663145226612, -0.016540729318520235)",-0.007394060704298766,0.003702345214375007,-0.018015504243179548,0.06599776964286712,0.08192887688490338,False,,
7,1538,0.00166536305548236,0.2024945236038079,-0.1433111216370632,0.20510582331699484,0.14664184774802794,0.199883223890621,0.009409217377347064,0.6324247885541155,0.1543857020698927,0.6298134888409286,-0.13556726731519844,0.6350360882673025,0.005537290216414712,0.41745965607896174,-1.5888062639290317,"(-0.011105235494652555, -1.0132549365278176, -0.03644004869133236)",-0.007490092452357145,0.007688017302293365,-0.018009937134135123,0.06606654585881633,0.08186678708596956,False,,
7,1539,0.0015683744511522744,0.19824415333600856,-0.14340786882037243,0.2008688222438286,0.146544617722677,0.19561948442818855,0.00935187535020482,0.6281737023481164,0.15432811862172957,0.6255490334402963,-0.13562436792131988,0.6307983712559364,0.005460124900678548,0.4132089278420625,-1.58889848030318,"(-0.018519675776679533, -1.020174776855828, 0.0031866572462137394)",-0.007610809833067098,0.011860005447144857,-0.01810215350828348,0.06612028244614974,0.08170227764179076,False,,
7,1540,0.001471714230560005,0.19399438224825336,-0.14350430126538846,0.19663160254972697,0.14644772972650846,0.19135716194677974,0.009292436503895597,0.6239232557879626,0.1542684519998441,0.621286035486489,-0.13568357899205283,0.6265604760894363,0.005382075367227801,0.408958819018108,-1.588985055891169,"(-0.018731888028179208, -1.0200261177490806, -0.03816006718383513)",-0.007725823045131596,0.016073137291501616,-0.018188729096272338,0.06617866066566709,0.08153990888450073,False,,
7,1541,0.0013745558169662294,0.18975333513425563,-0.14360120987975966,0.19240425207902032,0.14635032151369207,0.18710241818949103,0.009235895722130297,0.6196814678900634,0.15421166141885617,0.6170305509452987,-0.13573986997459556,0.622332384834828,0.005305225769548263,0.4047174015121595,-1.5890795312085784,"(-0.018443903443089184, -1.0179402014276302, 0.052508596280309294)",-0.0077091840469422634,0.02029327085217469,-0.01828320441368181,0.06623060117834564,0.08137449635132804,False,,
7,1542,0.0012776605564604948,0.18551317959975372,-0.14369786616753447,0.18817713363468383,0.14625318728045547,0.1828492255648237,0.009177662177287535,0.6154406036778077,0.15415318890128252,0.6127766496428777,-0.1357978645467074,0.6181045577127378,0.005227661366874015,0.40047689163878075,-1.5891694572789041,"(-0.01861545664181948, -1.0177223696109072, 0.011092684454347844)",-0.007833849472556472,0.024520130297603478,-0.01837313048400757,0.06628628803897361,0.08121080839234171,False,,
7,1543,0.0011786999582742777,0.18128237844334616,-0.14379656354276876,0.18396061906045266,0.14615396345931736,0.17860413782623968,0.009121068684866,0.6112090219291981,0.15409633218590907,0.6085307813120916,-0.13585419481617705,0.6138872625463047,0.005149884321570139,0.39624570018627214,-1.5892680021537349,"(-0.018666490872930253, -1.015485948602063, 0.02865044584639695)",-0.007853056841665814,0.028741800943274668,-0.018471675358838313,0.0663371039985456,0.08104164808819066,False,,
7,1544,0.0010780523161780225,0.17705292152584445,-0.1438969554168186,0.1797449714543517,0.1460530600491746,0.17436087159733726,0.009061372793820103,0.6069788065271446,0.1540363805268167,0.6042867565986374,-0.1359136349391765,0.6096708564556519,0.005069712554999063,0.3920158640264946,-1.5893632551178483,"(-0.019241223977058325, -1.0151606783466227, -0.011295422711729376)",-0.007984971916058929,0.03296471108289257,-0.018566928322951703,0.06639328713339362,0.08087108166480012,False,,
7,1545,0.00101398673650808,0.1728385385199196,-0.14396110584050678,0.1755260154567466,0.14598907931352287,0.17015106158309268,0.008983745928477649,0.6027646751276188,0.1539588385054925,0.6000771981907917,-0.13599134664853715,0.6054521520644457,0.004998866332492864,0.3878016068237692,-1.5893317118166044,"(-0.017003093401487767, -1.011421728654089, -0.01875714841556001)",-0.008114302971747114,0.03717529271488408,-0.018535385021707818,0.0665124116366114,0.08078983323163835,False,,
7,1546,0.0009056327587837112,0.16859118365799997,-0.1440693643404682,0.17128380618480998,0.14588062985803565,0.16589856113118998,0.008890651286565162,0.5985170371247471,0.15386564838581712,0.5958244145979371,-0.13608434581268672,0.6012096596515571,0.004898142022674436,0.38355411039137355,-1.5893672047525664,"(-0.02417383435642262, -1.019399143774947, -0.0063461932728300224)",-0.00825834367788498,0.04141871849223815,-0.018570877957669873,0.0666335416491677,0.08062608231529854,False,,
7,1547,0.0007976274419754775,0.16434441212858708,-0.14417728908683314,0.16704136920369586,0.14577254397078407,0.16164745505347836,0.00879550014747038,0.5942700266622953,0.153770416676279,0.5915730695871866,-0.13617941638133818,0.5969669837374041,0.004796563794722928,0.3793072193954412,-1.589397103352943,"(-0.024378774708362, -1.0192538390237595, -0.04774312903579223)",-0.008396933011206665,0.04566255482800429,-0.018600776558046483,0.06675923852707029,0.08046448301916784,False,,
7,1548,0.0006966029007189735,0.160106451475347,-0.14427803152078708,0.16281853081612552,0.14567123732222498,0.15739437213456858,0.008739320945786139,0.5900312294149856,0.15371395536729218,0.5873191500742071,-0.13623531347571988,0.5927433087557641,0.0047179619232525566,0.3750688404451663,-1.5895014129861633,"(-0.018864449152889266, -1.0172109480659761, 0.061838353267396146)",-0.008390404097797679,0.04989841119698295,-0.018705086191266762,0.06680776962717183,0.080290704895208,False,,
7,1549,0.000595805355993035,0.1558693589510773,-0.14437855652879794,0.15859596785182734,0.14557016724078406,0.15314275005032732,0.008681611061665522,0.5857933286783886,0.15365597294645655,0.5830667197776386,-0.13629275082312545,0.5885199375791387,0.004638708208829279,0.370831343814733,-1.589601634474387,"(-0.019020891461586656, -1.0169991913040024, 0.020390425141403414)",-0.008538256191205715,0.054133919906002956,-0.018805307679490513,0.06685968123594782,0.08011846358970635,False,,
7,1550,0.0005712128764757268,0.151628001560746,-0.14440296767474642,0.1543642350123404,0.14554539342769793,0.14889176810915158,0.008685560353617753,0.5815514335402325,0.15365974090483997,0.5788152000886381,-0.13628862019760438,0.5842876669918269,0.00462838661504674,0.36658971755048925,-1.5896680224669597,"(-0.002477182507809282, -1.0179903034185032, -0.004196057447111625)",-0.00868741969779754,0.058374793241111556,-0.01887169567206315,0.06683442113687645,0.08006402005621667,False,,
7,1551,0.0004620497419036791,0.14738343545017266,-0.1445118667991534,0.15013362139781453,0.14543596628296077,0.14463324950253081,0.00861777358663475,0.5773060845029627,0.15359169012769186,0.5745558985553207,-0.1363561429544223,0.5800562704506046,0.004539911664269215,0.3623447599765677,-1.589764263802403,"(-0.021233988186606025, -1.018789817741172, -0.017878644807375058)",-0.008886431413492131,0.06261826926693748,-0.01896793700750643,0.066901769559846,0.07988113397002601,False,,
7,1552,0.000400008234982859,0.1431402379718107,-0.1445739075170313,0.14589046551292148,0.14537392398699706,0.14039001043069993,0.008555855425863127,0.5730628846846804,0.15352977117787736,0.5703126571435696,-0.13641806032615103,0.5758131122257912,0.0044779318304229935,0.35810156132824555,-1.5897645507055234,"(-0.014875160123093086, -1.018367675597316, -0.01672191187246526)",-0.009079876314084674,0.0668609586010712,-0.018968223910626802,0.06698924430956774,0.07979331371806224,False,,
7,1553,0.0002923253315321051,0.13888703344107506,-0.1446813225498826,0.14165134528230644,0.14526597321294682,0.13612272159984373,0.008489939757252677,0.5688088857790636,0.1534635876386674,0.5660445739378321,-0.136483708124162,0.5715731976202949,0.004391132544392391,0.3538479596100693,-1.5898617013760308,"(-0.020831828647344536, -1.020864412362292, 0.01051469438639073)",-0.009293350373720003,0.07111356738984644,-0.01906537458113422,0.06705368113352743,0.07961225552862948,False,,
7,1554,0.0001849589326925168,0.1346343523647921,-0.1447884358889333,0.1374119041452232,0.1451583537543184,0.13185680058436106,0.008421836626384686,0.5645554542496136,0.1533952314480106,0.5617779024691826,-0.13655155819524112,0.5673330060300448,0.004303397779538602,0.3495949033072029,-1.5899530279787586,"(-0.02105634356490956, -1.0207335126879415, -0.030902440088483467)",-0.009509155474439744,0.07536587459375164,-0.019156701183862035,0.06712294017673898,0.0794333736248432,False,,
7,1555,7.86348585856524e-05,0.13039763574127625,-0.14489443289774365,0.13319220642722254,0.14505170261491496,0.12760306505533003,0.008365982410012452,0.5603177677083218,0.15333905016634178,0.5575231970223755,-0.13660708534631683,0.563112338394268,0.004222308634299053,0.345357701724799,-1.5900704214130106,"(-0.01946139485749169, -1.016928379776932, 0.05626325064322486)",-0.009531310601760549,0.07960240309827037,-0.019274094618114024,0.06716716170232201,0.07924825085427882,False,,
7,1556,-2.7431210743633118e-05,0.12616188965457328,-0.1450001834717894,0.12897277952389122,0.14494532105030217,0.1233509997852554,0.00830831116033709,0.556081086014916,0.15328106342138292,0.5532701961455981,-0.13666444110070863,0.558891975884234,0.004140439974796728,0.34112148783474466,-1.5901829885357472,"(-0.01964847828055798, -1.0166913336130494, 0.014837001911040712)",-0.00976913010666591,0.08383811483307141,-0.019386661740850686,0.06721538744941077,0.07906492750600788,False,,
7,1557,-7.047639262616409e-05,0.12193765768468157,-0.1450432584340367,0.12474701119993448,0.1449023056487844,0.11912830416942871,0.008260709893985807,0.5518569423592095,0.1532334919353964,0.5490475888439565,-0.13671207214742473,0.5546662958744624,0.0040951167506798215,0.3368973000219455,-1.5901723910001189,"(-0.010877573788057595, -1.0138050750717946, -0.0020788005237487167)",-0.010010120495534371,0.08806237051648247,-0.01937606420522231,0.06728583744568149,0.0790071945077214,False,,
7,1558,-0.00019673087834630454,0.11769054173911447,-0.14516955546728402,0.12049769878942254,0.1447760937105914,0.11488338468880643,0.00812794175360174,0.5476099525890676,0.15310076634253947,0.5448027955387595,-0.13684488283533597,0.5504171096393757,0.003965605437627718,0.3326502471640911,-1.590157240124268,"(-0.03108271513250483, -1.0192926858850582, -0.03185138331667077)",-0.010285694047901101,0.09230966789809537,-0.01936091332937151,0.06747807969025135,0.07883313388348177,False,,
7,1559,-0.0002978382138437317,0.1134741181026469,-0.1452704113202318,0.11629423280119447,0.14467473489254432,0.1106540034040994,0.008065260547366181,0.5433927831767633,0.15303783365375426,0.5405726684782157,-0.13690731255902186,0.5462128978753108,0.0038837111667612244,0.3284334506397051,-1.590246620044307,"(-0.019654625007958386, -1.0120311658526369, 0.02371112474083817)",-0.010551643624684528,0.09652634139789709,-0.0194502932494105,0.06754025845849468,0.07866369111670629,False,,
7,1560,-0.0004126312556350228,0.10922179850226671,-0.14538491874088197,0.11205655797970043,0.14455965622961195,0.10638703902483304,0.007993896849858025,0.5391396165619646,0.152966184335105,0.5363048570845309,-0.13697839063538889,0.5419743760393984,0.0037906327971115013,0.3241807075321157,-1.5903476377263852,"(-0.022338808715933585, -1.020658345821458, 0.0074218431534394565)",-0.0108377325038119,0.10077904624310977,-0.019551310931488652,0.06761127487470542,0.0784714525896066,False,,
7,1561,-0.0005271617705007092,0.10496998918205755,-0.14549917713631222,0.1078186310996912,0.1444448535953108,0.10212134726442393,0.00792053495075768,0.534887000266878,0.15289255031656923,0.5320383583492443,-0.1370514804150538,0.5377356421845116,0.0036966865901284854,0.31992849472446777,-1.5904433970846676,"(-0.022547089675923858, -1.0205310738354978, -0.033942234175196345)",-0.011117468010070844,0.10503133376259384,-0.019647070289771085,0.06768667756238868,0.07828114571939866,False,,
7,1562,-0.0006398761189168657,0.10074051272034368,-0.14561150616942492,0.10360869690177832,0.14433175393159117,0.09787232853890912,0.007865773522578848,0.5306563811459882,0.1528374035730869,0.5277881969645536,-0.1371058565279292,0.5335245653274228,0.003612948701830991,0.31569844693316595,-1.590578197512822,"(-0.0200970931913987, -1.015211469912439, 0.029827518165004105)",-0.011212232833487245,0.10926136097477891,-0.019781870717925365,0.06772422708238776,0.07808185916704746,False,,
7,1563,-0.0007524657167473688,0.09651196127807832,-0.1457237171939794,0.0993992169171132,0.1442187857604847,0.09362470563904346,0.0078097406610802365,0.5264267070381459,0.15278099213831234,0.5235394513991108,-0.13716151081615174,0.5293139626771808,0.003528637472166434,0.31146933415811207,-1.5907097507171792,"(-0.020234695119493645, -1.0149870660129354, -0.011613650679498535)",-0.01152965784791133,0.11349053325103056,-0.01991342392228268,0.06776454286221083,0.07788371722031856,False,,
7,1564,-0.0008094387917177773,0.09229648729916579,-0.1457806694514662,0.09518478801031136,0.14416179186803066,0.08940818658802022,0.007755866765472522,0.5222111713246267,0.15272709742522098,0.5193228706134811,-0.13721536389427588,0.5250994720357723,0.0034732139868773725,0.30725382931189626,-1.5907169595408257,"(-0.013301636469374697, -1.011721163091793, -0.029103403781136832)",-0.011861408177198352,0.11770629589479475,-0.019920632745929145,0.06783859371784738,0.07780101722924004,False,,
